2025-08-12 18:38:39,890 - MainThread - ERROR - invalid request, please check your server timestamp or recv_window param. req_timestamp[1755016719241],server_timestamp[1755023920243],recv_window[10000] (ErrCode: 10002). Added 2.5 seconds to recv_window. 2 retries remain.
2025-08-12 18:38:43,091 - MainThread - ERROR - invalid request, please check your server timestamp or recv_window param. req_timestamp[1755016722891],server_timestamp[1755023923449],recv_window[12500] (ErrCode: 10002). Added 2.5 seconds to recv_window. 1 retries remain.
2025-08-12 18:38:46,279 - MainThread - ERROR - invalid request, please check your server timestamp or recv_window param. req_timestamp[1755016726091],server_timestamp[1755023926641],recv_window[15000] (ErrCode: 10002). Added 2.5 seconds to recv_window. 0 retries remain.
2025-08-12 18:38:49,481 - MainThread - ERROR - invalid request, please check your server timestamp or recv_window param. req_timestamp[1755016729295],server_timestamp[1755023929842],recv_window[10000] (ErrCode: 10002). Added 2.5 seconds to recv_window. 2 retries remain.
2025-08-12 18:38:53,009 - MainThread - ERROR - invalid request, please check your server timestamp or recv_window param. req_timestamp[1755016732482],server_timestamp[1755023933372],recv_window[12500] (ErrCode: 10002). Added 2.5 seconds to recv_window. 1 retries remain.
2025-08-12 18:38:56,195 - MainThread - ERROR - invalid request, please check your server timestamp or recv_window param. req_timestamp[1755016736010],server_timestamp[1755023936558],recv_window[15000] (ErrCode: 10002). Added 2.5 seconds to recv_window. 0 retries remain.
2025-08-12 18:38:59,198 - MainThread - WARNING - No existing positions found for this symbol.
2025-08-12 18:38:59,198 - MainThread - INFO - Defaulting to 'Manage Long' mode. A new short hedge will be created.
2025-08-12 18:39:32,782 - MainThread - INFO - Performing initial setup for mode: Manage Long
2025-08-12 18:39:32,782 - MainThread - INFO - Starting WebSocket stream for BTCUSDT...
2025-08-12 18:39:32,782 - MainThread - INFO - WebSocket Unified V5 attempting connection...
2025-08-12 18:39:36,939 - Thread-1 (<lambda>) - INFO - Websocket connected
2025-08-12 18:39:36,939 - MainThread - INFO - WebSocket Unified V5 connected
2025-08-12 18:39:36,940 - MainThread - INFO - Waiting for first price update from WebSocket...
2025-08-12 18:39:42,459 - MainThread - ERROR - invalid request, please check your server timestamp or recv_window param. req_timestamp[1755016781941],server_timestamp[1755023982824],recv_window[10000] (ErrCode: 10002). Added 2.5 seconds to recv_window. 2 retries remain.
2025-08-12 18:39:46,146 - MainThread - ERROR - invalid request, please check your server timestamp or recv_window param. req_timestamp[1755016785460],server_timestamp[1755023986511],recv_window[12500] (ErrCode: 10002). Added 2.5 seconds to recv_window. 1 retries remain.
2025-08-12 18:39:49,376 - MainThread - ERROR - invalid request, please check your server timestamp or recv_window param. req_timestamp[1755016789147],server_timestamp[1755023989743],recv_window[15000] (ErrCode: 10002). Added 2.5 seconds to recv_window. 0 retries remain.
2025-08-12 18:39:52,379 - MainThread - WARNING - WebSocket price not available, falling back to HTTP GET request.
2025-08-12 18:39:52,899 - MainThread - INFO - Initial quantity calculated: 0.001 BTCUSDT
2025-08-12 18:39:53,095 - MainThread - ERROR - invalid request, please check your server timestamp or recv_window param. req_timestamp[1755016792900],server_timestamp[1755023993461],recv_window[10000] (ErrCode: 10002). Added 2.5 seconds to recv_window. 2 retries remain.
2025-08-12 18:39:56,614 - MainThread - ERROR - invalid request, please check your server timestamp or recv_window param. req_timestamp[1755016796096],server_timestamp[1755023996980],recv_window[12500] (ErrCode: 10002). Added 2.5 seconds to recv_window. 1 retries remain.
2025-08-12 18:40:00,132 - MainThread - ERROR - invalid request, please check your server timestamp or recv_window param. req_timestamp[1755016799615],server_timestamp[1755024000498],recv_window[15000] (ErrCode: 10002). Added 2.5 seconds to recv_window. 0 retries remain.
2025-08-12 18:40:03,134 - MainThread - INFO - No short hedge found. Opening initial short position.
2025-08-12 18:40:03,135 - MainThread - INFO - Placing SHORT order for 0.001 BTCUSDT at price 119502.6.
2025-08-12 18:40:03,320 - MainThread - ERROR - invalid request, please check your server timestamp or recv_window param. req_timestamp[1755016803135],server_timestamp[1755024003686],recv_window[10000] (ErrCode: 10002). Added 2.5 seconds to recv_window. 2 retries remain.
2025-08-12 18:40:06,505 - MainThread - ERROR - invalid request, please check your server timestamp or recv_window param. req_timestamp[1755016806320],server_timestamp[1755024006872],recv_window[12500] (ErrCode: 10002). Added 2.5 seconds to recv_window. 1 retries remain.
2025-08-12 18:40:10,024 - MainThread - ERROR - invalid request, please check your server timestamp or recv_window param. req_timestamp[1755016809506],server_timestamp[1755024010390],recv_window[15000] (ErrCode: 10002). Added 2.5 seconds to recv_window. 0 retries remain.
2025-08-12 18:40:13,214 - MainThread - ERROR - invalid request, please check your server timestamp or recv_window param. req_timestamp[1755016813026],server_timestamp[1755024013580],recv_window[10000] (ErrCode: 10002). Added 2.5 seconds to recv_window. 2 retries remain.
2025-08-12 18:40:16,401 - MainThread - ERROR - invalid request, please check your server timestamp or recv_window param. req_timestamp[1755016816214],server_timestamp[1755024016767],recv_window[12500] (ErrCode: 10002). Added 2.5 seconds to recv_window. 1 retries remain.
2025-08-12 18:40:19,596 - MainThread - ERROR - invalid request, please check your server timestamp or recv_window param. req_timestamp[1755016819401],server_timestamp[1755024019960],recv_window[15000] (ErrCode: 10002). Added 2.5 seconds to recv_window. 0 retries remain.
2025-08-12 18:40:22,598 - MainThread - INFO - Initial check: Managed Long position is CLOSED with size 0.
2025-08-12 18:40:22,599 - TradingThread - INFO - Starting position management...
2025-08-12 18:40:22,599 - TradingThread - INFO - Price: 119485.3 | Long Target: 140000.0 | Long Pos Open: False
2025-08-12 18:40:22,666 - TradingThread - INFO - Price: 119485.3 | Long Target: 140000.0 | Long Pos Open: False
2025-08-12 18:40:22,766 - TradingThread - INFO - Price: 119484.8 | Long Target: 140000.0 | Long Pos Open: False
2025-08-12 18:40:22,865 - TradingThread - INFO - Price: 119478.1 | Long Target: 140000.0 | Long Pos Open: False
2025-08-12 18:40:22,966 - TradingThread - INFO - Price: 119477.3 | Long Target: 140000.0 | Long Pos Open: False
2025-08-12 18:40:23,065 - TradingThread - INFO - Price: 119477.4 | Long Target: 140000.0 | Long Pos Open: False
2025-08-12 18:40:23,165 - TradingThread - INFO - Price: 119477.4 | Long Target: 140000.0 | Long Pos Open: False
2025-08-12 18:40:23,265 - TradingThread - INFO - Price: 119477.4 | Long Target: 140000.0 | Long Pos Open: False
2025-08-12 18:40:23,366 - TradingThread - INFO - Price: 119477.4 | Long Target: 140000.0 | Long Pos Open: False
2025-08-12 18:40:23,466 - TradingThread - INFO - Price: 119477.4 | Long Target: 140000.0 | Long Pos Open: False
2025-08-12 18:40:23,565 - TradingThread - INFO - Price: 119477.4 | Long Target: 140000.0 | Long Pos Open: False
2025-08-12 18:40:23,665 - TradingThread - INFO - Price: 119477.3 | Long Target: 140000.0 | Long Pos Open: False
2025-08-12 18:40:23,766 - TradingThread - INFO - Price: 119477.3 | Long Target: 140000.0 | Long Pos Open: False
2025-08-12 18:40:23,865 - TradingThread - INFO - Price: 119477.3 | Long Target: 140000.0 | Long Pos Open: False
2025-08-12 18:40:23,965 - TradingThread - INFO - Price: 119477.3 | Long Target: 140000.0 | Long Pos Open: False
2025-08-12 18:40:24,066 - TradingThread - INFO - Price: 119477.3 | Long Target: 140000.0 | Long Pos Open: False
2025-08-12 18:40:24,166 - TradingThread - INFO - Price: 119477.3 | Long Target: 140000.0 | Long Pos Open: False
2025-08-12 18:40:24,266 - TradingThread - INFO - Price: 119477.3 | Long Target: 140000.0 | Long Pos Open: False
2025-08-12 18:40:24,366 - TradingThread - INFO - Price: 119477.3 | Long Target: 140000.0 | Long Pos Open: False
2025-08-12 18:40:24,466 - TradingThread - INFO - Price: 119477.3 | Long Target: 140000.0 | Long Pos Open: False
2025-08-12 18:40:24,667 - TradingThread - INFO - Price: 119477.3 | Long Target: 140000.0 | Long Pos Open: False
2025-08-12 18:40:24,765 - TradingThread - INFO - Price: 119475.6 | Long Target: 140000.0 | Long Pos Open: False
2025-08-12 18:40:24,865 - TradingThread - INFO - Price: 119475.6 | Long Target: 140000.0 | Long Pos Open: False
2025-08-12 18:40:24,965 - TradingThread - INFO - Price: 119474.5 | Long Target: 140000.0 | Long Pos Open: False
2025-08-12 18:40:25,065 - TradingThread - INFO - Price: 119472.9 | Long Target: 140000.0 | Long Pos Open: False
2025-08-12 18:40:25,165 - TradingThread - INFO - Price: 119472.9 | Long Target: 140000.0 | Long Pos Open: False
2025-08-12 18:40:25,266 - TradingThread - INFO - Price: 119472.9 | Long Target: 140000.0 | Long Pos Open: False
2025-08-12 18:40:25,365 - TradingThread - INFO - Price: 119472.9 | Long Target: 140000.0 | Long Pos Open: False
2025-08-12 18:40:25,465 - TradingThread - INFO - Price: 119472.9 | Long Target: 140000.0 | Long Pos Open: False
2025-08-12 18:40:25,565 - TradingThread - INFO - Price: 119472.9 | Long Target: 140000.0 | Long Pos Open: False
2025-08-12 18:40:25,666 - TradingThread - INFO - Price: 119472.9 | Long Target: 140000.0 | Long Pos Open: False
2025-08-12 18:40:25,765 - TradingThread - INFO - Price: 119472.9 | Long Target: 140000.0 | Long Pos Open: False
2025-08-12 18:40:25,865 - TradingThread - INFO - Price: 119472.9 | Long Target: 140000.0 | Long Pos Open: False
2025-08-12 18:40:25,965 - TradingThread - INFO - Price: 119472.9 | Long Target: 140000.0 | Long Pos Open: False
2025-08-12 18:40:26,066 - TradingThread - INFO - Price: 119472.9 | Long Target: 140000.0 | Long Pos Open: False
2025-08-12 18:40:26,166 - TradingThread - INFO - Price: 119472.9 | Long Target: 140000.0 | Long Pos Open: False
2025-08-12 18:40:26,566 - TradingThread - INFO - Price: 119472.9 | Long Target: 140000.0 | Long Pos Open: False
2025-08-12 18:40:26,766 - TradingThread - INFO - Price: 119473.0 | Long Target: 140000.0 | Long Pos Open: False
2025-08-12 18:40:26,866 - TradingThread - INFO - Price: 119473.0 | Long Target: 140000.0 | Long Pos Open: False
2025-08-12 18:40:26,965 - TradingThread - INFO - Price: 119473.0 | Long Target: 140000.0 | Long Pos Open: False
2025-08-12 18:40:27,065 - TradingThread - INFO - Price: 119473.0 | Long Target: 140000.0 | Long Pos Open: False
2025-08-12 18:40:27,165 - TradingThread - INFO - Price: 119473.0 | Long Target: 140000.0 | Long Pos Open: False
2025-08-12 18:40:27,265 - TradingThread - INFO - Price: 119473.0 | Long Target: 140000.0 | Long Pos Open: False
2025-08-12 18:40:27,365 - TradingThread - INFO - Price: 119473.0 | Long Target: 140000.0 | Long Pos Open: False
2025-08-12 18:40:27,465 - TradingThread - INFO - Price: 119472.9 | Long Target: 140000.0 | Long Pos Open: False
2025-08-12 18:40:27,565 - TradingThread - INFO - Price: 119472.9 | Long Target: 140000.0 | Long Pos Open: False
2025-08-12 18:40:27,666 - TradingThread - INFO - Price: 119472.9 | Long Target: 140000.0 | Long Pos Open: False
2025-08-12 18:40:27,765 - TradingThread - INFO - Price: 119472.9 | Long Target: 140000.0 | Long Pos Open: False
2025-08-12 18:40:27,866 - TradingThread - INFO - Price: 119472.9 | Long Target: 140000.0 | Long Pos Open: False
2025-08-12 18:40:27,965 - TradingThread - INFO - Price: 119472.9 | Long Target: 140000.0 | Long Pos Open: False
2025-08-12 18:40:28,065 - TradingThread - INFO - Price: 119468.9 | Long Target: 140000.0 | Long Pos Open: False
2025-08-12 18:40:28,165 - TradingThread - INFO - Price: 119466.7 | Long Target: 140000.0 | Long Pos Open: False
2025-08-12 18:40:28,265 - TradingThread - INFO - Price: 119466.7 | Long Target: 140000.0 | Long Pos Open: False
2025-08-12 18:40:28,359 - InputThread - ERROR - Error in input handler: 
2025-08-12 18:40:28,365 - TradingThread - INFO - Price: 119466.8 | Long Target: 140000.0 | Long Pos Open: False
2025-08-12 18:40:28,465 - TradingThread - INFO - Price: 119466.8 | Long Target: 140000.0 | Long Pos Open: False
2025-08-12 18:40:28,565 - TradingThread - INFO - Price: 119466.7 | Long Target: 140000.0 | Long Pos Open: False
2025-08-12 18:40:28,665 - TradingThread - INFO - Price: 119466.7 | Long Target: 140000.0 | Long Pos Open: False
2025-08-12 18:40:28,765 - TradingThread - INFO - Price: 119466.7 | Long Target: 140000.0 | Long Pos Open: False
2025-08-12 18:40:28,865 - TradingThread - INFO - Price: 119466.7 | Long Target: 140000.0 | Long Pos Open: False
2025-08-12 18:40:28,966 - TradingThread - INFO - Price: 119466.7 | Long Target: 140000.0 | Long Pos Open: False
2025-08-12 18:40:29,065 - TradingThread - INFO - Price: 119466.7 | Long Target: 140000.0 | Long Pos Open: False
2025-08-12 18:40:29,165 - TradingThread - INFO - Price: 119470.0 | Long Target: 140000.0 | Long Pos Open: False
2025-08-12 18:40:29,263 - InputThread - ERROR - Error in input handler: 
2025-08-12 18:40:29,265 - TradingThread - INFO - Price: 119470.0 | Long Target: 140000.0 | Long Pos Open: False
2025-08-12 18:40:29,365 - TradingThread - INFO - Price: 119470.0 | Long Target: 140000.0 | Long Pos Open: False
2025-08-12 18:40:29,466 - TradingThread - INFO - Price: 119470.0 | Long Target: 140000.0 | Long Pos Open: False
2025-08-12 18:40:29,566 - TradingThread - INFO - Price: 119471.2 | Long Target: 140000.0 | Long Pos Open: False
2025-08-12 18:40:29,667 - TradingThread - INFO - Price: 119471.2 | Long Target: 140000.0 | Long Pos Open: False
2025-08-12 18:40:29,767 - TradingThread - INFO - Price: 119471.2 | Long Target: 140000.0 | Long Pos Open: False
2025-08-12 18:40:29,874 - TradingThread - INFO - Price: 119471.2 | Long Target: 140000.0 | Long Pos Open: False
2025-08-12 18:40:29,965 - TradingThread - INFO - Price: 119471.2 | Long Target: 140000.0 | Long Pos Open: False
2025-08-12 18:40:30,065 - TradingThread - INFO - Price: 119471.2 | Long Target: 140000.0 | Long Pos Open: False
2025-08-12 18:40:30,165 - TradingThread - INFO - Price: 119471.2 | Long Target: 140000.0 | Long Pos Open: False
2025-08-12 18:40:30,265 - TradingThread - INFO - Price: 119471.2 | Long Target: 140000.0 | Long Pos Open: False
2025-08-12 18:40:30,365 - TradingThread - INFO - Price: 119471.2 | Long Target: 140000.0 | Long Pos Open: False
2025-08-12 18:40:30,565 - TradingThread - INFO - Price: 119471.2 | Long Target: 140000.0 | Long Pos Open: False
2025-08-12 18:40:30,667 - TradingThread - INFO - Price: 119471.2 | Long Target: 140000.0 | Long Pos Open: False
2025-08-12 18:40:30,765 - TradingThread - INFO - Price: 119471.2 | Long Target: 140000.0 | Long Pos Open: False
2025-08-12 18:40:30,865 - TradingThread - INFO - Price: 119471.2 | Long Target: 140000.0 | Long Pos Open: False
2025-08-12 18:40:30,965 - TradingThread - INFO - Price: 119471.2 | Long Target: 140000.0 | Long Pos Open: False
2025-08-12 18:40:31,266 - TradingThread - INFO - Price: 119471.3 | Long Target: 140000.0 | Long Pos Open: False
2025-08-12 18:40:31,365 - TradingThread - INFO - Price: 119471.3 | Long Target: 140000.0 | Long Pos Open: False
2025-08-12 18:40:31,465 - TradingThread - INFO - Price: 119471.3 | Long Target: 140000.0 | Long Pos Open: False
2025-08-12 18:40:31,565 - TradingThread - INFO - Price: 119471.3 | Long Target: 140000.0 | Long Pos Open: False
2025-08-12 18:40:31,665 - TradingThread - INFO - Price: 119471.3 | Long Target: 140000.0 | Long Pos Open: False
2025-08-12 18:40:31,765 - TradingThread - INFO - Price: 119471.3 | Long Target: 140000.0 | Long Pos Open: False
2025-08-12 18:40:31,865 - TradingThread - INFO - Price: 119471.3 | Long Target: 140000.0 | Long Pos Open: False
2025-08-12 18:40:31,965 - TradingThread - INFO - Price: 119471.2 | Long Target: 140000.0 | Long Pos Open: False
2025-08-12 18:40:32,065 - TradingThread - INFO - Price: 119471.2 | Long Target: 140000.0 | Long Pos Open: False
2025-08-12 18:40:32,165 - TradingThread - INFO - Price: 119477.4 | Long Target: 140000.0 | Long Pos Open: False
2025-08-12 18:40:32,266 - TradingThread - INFO - Price: 119484.9 | Long Target: 140000.0 | Long Pos Open: False
2025-08-12 18:40:32,366 - TradingThread - INFO - Price: 119485.0 | Long Target: 140000.0 | Long Pos Open: False
2025-08-12 18:40:32,465 - TradingThread - INFO - Price: 119485.0 | Long Target: 140000.0 | Long Pos Open: False
2025-08-12 18:40:32,565 - TradingThread - INFO - Price: 119485.0 | Long Target: 140000.0 | Long Pos Open: False
2025-08-12 18:40:32,665 - TradingThread - INFO - Price: 119485.0 | Long Target: 140000.0 | Long Pos Open: False
2025-08-12 18:40:32,765 - TradingThread - INFO - Price: 119485.0 | Long Target: 140000.0 | Long Pos Open: False
2025-08-12 18:40:32,865 - TradingThread - INFO - Price: 119485.0 | Long Target: 140000.0 | Long Pos Open: False
2025-08-12 18:40:33,065 - TradingThread - INFO - Price: 119485.0 | Long Target: 140000.0 | Long Pos Open: False
2025-08-12 18:40:33,165 - TradingThread - INFO - Price: 119485.0 | Long Target: 140000.0 | Long Pos Open: False
2025-08-12 18:40:33,265 - TradingThread - INFO - Price: 119485.0 | Long Target: 140000.0 | Long Pos Open: False
2025-08-12 18:40:33,365 - TradingThread - INFO - Price: 119485.0 | Long Target: 140000.0 | Long Pos Open: False
2025-08-12 18:40:33,465 - TradingThread - INFO - Price: 119485.0 | Long Target: 140000.0 | Long Pos Open: False
2025-08-12 18:40:33,566 - TradingThread - INFO - Price: 119485.0 | Long Target: 140000.0 | Long Pos Open: False
2025-08-12 18:40:33,665 - TradingThread - INFO - Price: 119485.0 | Long Target: 140000.0 | Long Pos Open: False
2025-08-12 18:40:33,767 - TradingThread - INFO - Price: 119485.0 | Long Target: 140000.0 | Long Pos Open: False
2025-08-12 18:40:33,866 - TradingThread - INFO - Price: 119485.0 | Long Target: 140000.0 | Long Pos Open: False
2025-08-12 18:40:33,965 - TradingThread - INFO - Price: 119485.0 | Long Target: 140000.0 | Long Pos Open: False
2025-08-12 18:40:34,065 - TradingThread - INFO - Price: 119485.0 | Long Target: 140000.0 | Long Pos Open: False
2025-08-12 18:40:34,165 - TradingThread - INFO - Price: 119485.0 | Long Target: 140000.0 | Long Pos Open: False
2025-08-12 18:40:34,265 - TradingThread - INFO - Price: 119479.6 | Long Target: 140000.0 | Long Pos Open: False
2025-08-12 18:40:34,365 - TradingThread - INFO - Price: 119479.5 | Long Target: 140000.0 | Long Pos Open: False
2025-08-12 18:40:34,465 - TradingThread - INFO - Price: 119479.5 | Long Target: 140000.0 | Long Pos Open: False
2025-08-12 18:40:34,565 - TradingThread - INFO - Price: 119479.5 | Long Target: 140000.0 | Long Pos Open: False
2025-08-12 18:40:34,765 - TradingThread - INFO - Price: 119479.5 | Long Target: 140000.0 | Long Pos Open: False
2025-08-12 18:40:34,865 - TradingThread - INFO - Price: 119479.5 | Long Target: 140000.0 | Long Pos Open: False
2025-08-12 18:40:34,965 - TradingThread - INFO - Price: 119479.5 | Long Target: 140000.0 | Long Pos Open: False
2025-08-12 18:40:35,065 - TradingThread - INFO - Price: 119479.5 | Long Target: 140000.0 | Long Pos Open: False
2025-08-12 18:40:35,165 - TradingThread - INFO - Price: 119479.5 | Long Target: 140000.0 | Long Pos Open: False
2025-08-12 18:40:35,266 - TradingThread - INFO - Price: 119479.5 | Long Target: 140000.0 | Long Pos Open: False
2025-08-12 18:40:35,365 - TradingThread - INFO - Price: 119479.5 | Long Target: 140000.0 | Long Pos Open: False
2025-08-12 18:40:35,465 - TradingThread - INFO - Price: 119479.5 | Long Target: 140000.0 | Long Pos Open: False
2025-08-12 18:40:35,566 - TradingThread - INFO - Price: 119479.5 | Long Target: 140000.0 | Long Pos Open: False
2025-08-12 18:40:35,665 - TradingThread - INFO - Price: 119479.5 | Long Target: 140000.0 | Long Pos Open: False
2025-08-12 18:40:35,765 - TradingThread - INFO - Price: 119479.5 | Long Target: 140000.0 | Long Pos Open: False
2025-08-12 18:40:35,865 - TradingThread - INFO - Price: 119479.5 | Long Target: 140000.0 | Long Pos Open: False
2025-08-12 18:40:35,931 - InputThread - ERROR - Error in input handler: 
2025-08-12 18:40:36,148 - InputThread - ERROR - Error in input handler: 
2025-08-12 18:40:36,166 - TradingThread - INFO - Price: 119479.5 | Long Target: 140000.0 | Long Pos Open: False
2025-08-12 18:40:36,265 - TradingThread - INFO - Price: 119479.5 | Long Target: 140000.0 | Long Pos Open: False
2025-08-12 18:40:36,361 - InputThread - ERROR - Error in input handler: 
2025-08-12 18:40:36,365 - TradingThread - INFO - Price: 119479.5 | Long Target: 140000.0 | Long Pos Open: False
2025-08-12 18:40:36,466 - TradingThread - INFO - Price: 119479.5 | Long Target: 140000.0 | Long Pos Open: False
2025-08-12 18:40:36,565 - TradingThread - INFO - Price: 119479.5 | Long Target: 140000.0 | Long Pos Open: False
2025-08-12 18:40:36,626 - InputThread - ERROR - Error in input handler: 
2025-08-12 18:40:36,665 - TradingThread - INFO - Price: 119479.5 | Long Target: 140000.0 | Long Pos Open: False
2025-08-12 18:40:36,765 - TradingThread - INFO - Price: 119479.5 | Long Target: 140000.0 | Long Pos Open: False
2025-08-12 18:40:36,801 - InputThread - ERROR - Error in input handler: 
2025-08-12 18:40:36,865 - TradingThread - INFO - Price: 119479.5 | Long Target: 140000.0 | Long Pos Open: False
2025-08-12 18:40:36,961 - InputThread - ERROR - Error in input handler: 
2025-08-12 18:40:36,964 - TradingThread - INFO - Price: 119479.5 | Long Target: 140000.0 | Long Pos Open: False
2025-08-12 18:40:37,065 - TradingThread - INFO - Price: 119479.5 | Long Target: 140000.0 | Long Pos Open: False
2025-08-12 18:40:37,109 - InputThread - ERROR - Error in input handler: 
2025-08-12 18:40:37,164 - TradingThread - INFO - Price: 119485.0 | Long Target: 140000.0 | Long Pos Open: False
2025-08-12 18:40:37,265 - TradingThread - INFO - Price: 119485.0 | Long Target: 140000.0 | Long Pos Open: False
2025-08-12 18:40:37,331 - InputThread - ERROR - Error in input handler: 
2025-08-12 18:40:37,365 - TradingThread - INFO - Price: 119485.0 | Long Target: 140000.0 | Long Pos Open: False
2025-08-12 18:40:37,465 - TradingThread - INFO - Price: 119485.0 | Long Target: 140000.0 | Long Pos Open: False
2025-08-12 18:40:37,566 - TradingThread - INFO - Price: 119485.0 | Long Target: 140000.0 | Long Pos Open: False
2025-08-12 18:40:37,664 - TradingThread - INFO - Price: 119485.0 | Long Target: 140000.0 | Long Pos Open: False
2025-08-12 18:40:37,765 - TradingThread - INFO - Price: 119484.9 | Long Target: 140000.0 | Long Pos Open: False
2025-08-12 18:40:37,844 - InputThread - ERROR - Error in input handler: 
2025-08-12 18:40:37,865 - TradingThread - INFO - Price: 119484.9 | Long Target: 140000.0 | Long Pos Open: False
2025-08-12 18:40:37,981 - InputThread - ERROR - Error in input handler: 
2025-08-12 18:40:38,065 - TradingThread - INFO - Price: 119485.0 | Long Target: 140000.0 | Long Pos Open: False
2025-08-12 18:40:38,166 - TradingThread - INFO - Price: 119490.8 | Long Target: 140000.0 | Long Pos Open: False
2025-08-12 18:40:38,193 - InputThread - ERROR - Error in input handler: 
2025-08-12 18:40:38,265 - TradingThread - INFO - Price: 119490.8 | Long Target: 140000.0 | Long Pos Open: False
2025-08-12 18:40:38,357 - InputThread - ERROR - Error in input handler: 
2025-08-12 18:40:38,366 - TradingThread - INFO - Price: 119490.7 | Long Target: 140000.0 | Long Pos Open: False
2025-08-12 18:40:38,465 - TradingThread - INFO - Price: 119490.7 | Long Target: 140000.0 | Long Pos Open: False
2025-08-12 18:40:38,517 - InputThread - ERROR - Error in input handler: 
2025-08-12 18:40:38,565 - TradingThread - INFO - Price: 119483.8 | Long Target: 140000.0 | Long Pos Open: False
2025-08-12 18:40:38,665 - TradingThread - INFO - Price: 119485.0 | Long Target: 140000.0 | Long Pos Open: False
2025-08-12 18:40:38,681 - InputThread - ERROR - Error in input handler: 
2025-08-12 18:40:38,765 - TradingThread - INFO - Price: 119485.0 | Long Target: 140000.0 | Long Pos Open: False
2025-08-12 18:40:38,846 - InputThread - ERROR - Error in input handler: 
2025-08-12 18:40:38,865 - TradingThread - INFO - Price: 119485.0 | Long Target: 140000.0 | Long Pos Open: False
2025-08-12 18:40:39,001 - InputThread - ERROR - Error in input handler: 
2025-08-12 18:40:39,065 - TradingThread - INFO - Price: 119485.0 | Long Target: 140000.0 | Long Pos Open: False
2025-08-12 18:40:39,161 - InputThread - ERROR - Error in input handler: 
2025-08-12 18:40:39,164 - TradingThread - INFO - Price: 119485.0 | Long Target: 140000.0 | Long Pos Open: False
2025-08-12 18:40:39,264 - TradingThread - INFO - Price: 119485.0 | Long Target: 140000.0 | Long Pos Open: False
2025-08-12 18:40:39,356 - InputThread - ERROR - Error in input handler: 
2025-08-12 18:40:39,365 - TradingThread - INFO - Price: 119485.0 | Long Target: 140000.0 | Long Pos Open: False
2025-08-12 18:40:39,564 - TradingThread - INFO - Price: 119484.9 | Long Target: 140000.0 | Long Pos Open: False
2025-08-12 18:40:39,665 - TradingThread - INFO - Price: 119484.9 | Long Target: 140000.0 | Long Pos Open: False
2025-08-12 18:40:39,764 - TradingThread - INFO - Price: 119484.9 | Long Target: 140000.0 | Long Pos Open: False
2025-08-12 18:40:39,966 - TradingThread - INFO - Price: 119484.9 | Long Target: 140000.0 | Long Pos Open: False
2025-08-12 18:40:40,165 - TradingThread - INFO - Price: 119484.9 | Long Target: 140000.0 | Long Pos Open: False
2025-08-12 18:40:40,266 - TradingThread - INFO - Price: 119484.9 | Long Target: 140000.0 | Long Pos Open: False
2025-08-12 18:40:40,388 - InputThread - ERROR - Error in input handler: 
2025-08-12 18:40:40,465 - TradingThread - INFO - Price: 119485.0 | Long Target: 140000.0 | Long Pos Open: False
2025-08-12 18:40:40,565 - TradingThread - INFO - Price: 119485.0 | Long Target: 140000.0 | Long Pos Open: False
2025-08-12 18:40:40,641 - InputThread - ERROR - Error in input handler: 
2025-08-12 18:40:40,665 - TradingThread - INFO - Price: 119485.0 | Long Target: 140000.0 | Long Pos Open: False
2025-08-12 18:40:40,764 - TradingThread - INFO - Price: 119485.0 | Long Target: 140000.0 | Long Pos Open: False
2025-08-12 18:40:40,836 - InputThread - ERROR - Error in input handler: 
2025-08-12 18:40:40,865 - TradingThread - INFO - Price: 119485.0 | Long Target: 140000.0 | Long Pos Open: False
2025-08-12 18:40:41,015 - InputThread - ERROR - Error in input handler: 
2025-08-12 18:40:41,164 - TradingThread - INFO - Price: 119485.0 | Long Target: 140000.0 | Long Pos Open: False
2025-08-12 18:40:41,180 - InputThread - ERROR - Error in input handler: 
2025-08-12 18:40:41,265 - TradingThread - INFO - Price: 119485.0 | Long Target: 140000.0 | Long Pos Open: False
2025-08-12 18:40:41,388 - InputThread - ERROR - Error in input handler: 
2025-08-12 18:40:41,464 - TradingThread - INFO - Price: 119485.0 | Long Target: 140000.0 | Long Pos Open: False
2025-08-12 18:40:41,535 - InputThread - ERROR - Error in input handler: 
2025-08-12 18:40:41,668 - TradingThread - INFO - Price: 119485.0 | Long Target: 140000.0 | Long Pos Open: False
2025-08-12 18:40:41,710 - InputThread - ERROR - Error in input handler: 
2025-08-12 18:40:41,765 - TradingThread - INFO - Price: 119485.0 | Long Target: 140000.0 | Long Pos Open: False
2025-08-12 18:40:41,865 - TradingThread - INFO - Price: 119485.0 | Long Target: 140000.0 | Long Pos Open: False
2025-08-12 18:40:41,887 - InputThread - ERROR - Error in input handler: 
2025-08-12 18:40:41,964 - TradingThread - INFO - Price: 119485.0 | Long Target: 140000.0 | Long Pos Open: False
2025-08-12 18:40:42,064 - TradingThread - INFO - Price: 119485.0 | Long Target: 140000.0 | Long Pos Open: False
2025-08-12 18:40:42,080 - InputThread - ERROR - Error in input handler: 
2025-08-12 18:40:42,230 - InputThread - ERROR - Error in input handler: 
2025-08-12 18:40:42,365 - TradingThread - INFO - Price: 119484.9 | Long Target: 140000.0 | Long Pos Open: False
2025-08-12 18:40:42,395 - InputThread - ERROR - Error in input handler: 
2025-08-12 18:40:42,464 - TradingThread - INFO - Price: 119484.9 | Long Target: 140000.0 | Long Pos Open: False
2025-08-12 18:40:42,564 - TradingThread - INFO - Price: 119484.9 | Long Target: 140000.0 | Long Pos Open: False
2025-08-12 18:40:42,566 - InputThread - ERROR - Error in input handler: 
2025-08-12 18:40:42,664 - TradingThread - INFO - Price: 119484.9 | Long Target: 140000.0 | Long Pos Open: False
2025-08-12 18:40:42,740 - InputThread - ERROR - Error in input handler: 
2025-08-12 18:40:42,916 - InputThread - ERROR - Error in input handler: 
2025-08-12 18:40:42,965 - TradingThread - INFO - Price: 119484.9 | Long Target: 140000.0 | Long Pos Open: False
2025-08-12 18:40:43,066 - TradingThread - INFO - Price: 119484.9 | Long Target: 140000.0 | Long Pos Open: False
2025-08-12 18:40:43,125 - InputThread - ERROR - Error in input handler: 
2025-08-12 18:40:43,365 - TradingThread - INFO - Price: 119484.9 | Long Target: 140000.0 | Long Pos Open: False
2025-08-12 18:40:43,564 - TradingThread - INFO - Price: 119484.9 | Long Target: 140000.0 | Long Pos Open: False
2025-08-12 18:40:43,664 - TradingThread - INFO - Price: 119484.9 | Long Target: 140000.0 | Long Pos Open: False
2025-08-12 18:40:43,765 - TradingThread - INFO - Price: 119485.0 | Long Target: 140000.0 | Long Pos Open: False
2025-08-12 18:40:43,864 - TradingThread - INFO - Price: 119485.0 | Long Target: 140000.0 | Long Pos Open: False
2025-08-12 18:40:43,964 - TradingThread - INFO - Price: 119485.0 | Long Target: 140000.0 | Long Pos Open: False
2025-08-12 18:40:44,065 - TradingThread - INFO - Price: 119478.8 | Long Target: 140000.0 | Long Pos Open: False
2025-08-12 18:40:44,164 - TradingThread - INFO - Price: 119478.8 | Long Target: 140000.0 | Long Pos Open: False
2025-08-12 18:40:44,367 - TradingThread - INFO - Price: 119478.8 | Long Target: 140000.0 | Long Pos Open: False
2025-08-12 18:40:44,464 - TradingThread - INFO - Price: 119478.8 | Long Target: 140000.0 | Long Pos Open: False
2025-08-12 18:40:44,564 - TradingThread - INFO - Price: 119472.8 | Long Target: 140000.0 | Long Pos Open: False
2025-08-12 18:40:44,664 - TradingThread - INFO - Price: 119472.8 | Long Target: 140000.0 | Long Pos Open: False
2025-08-12 18:40:44,764 - TradingThread - INFO - Price: 119472.8 | Long Target: 140000.0 | Long Pos Open: False
2025-08-12 18:40:44,864 - TradingThread - INFO - Price: 119472.8 | Long Target: 140000.0 | Long Pos Open: False
2025-08-12 18:40:44,964 - TradingThread - INFO - Price: 119472.8 | Long Target: 140000.0 | Long Pos Open: False
2025-08-12 18:40:45,064 - TradingThread - INFO - Price: 119472.8 | Long Target: 140000.0 | Long Pos Open: False
2025-08-12 18:40:45,164 - TradingThread - INFO - Price: 119470.6 | Long Target: 140000.0 | Long Pos Open: False
2025-08-12 18:40:45,264 - TradingThread - INFO - Price: 119470.6 | Long Target: 140000.0 | Long Pos Open: False
2025-08-12 18:40:45,366 - TradingThread - INFO - Price: 119470.6 | Long Target: 140000.0 | Long Pos Open: False
2025-08-12 18:40:45,665 - TradingThread - INFO - Price: 119470.6 | Long Target: 140000.0 | Long Pos Open: False
2025-08-12 18:40:45,764 - TradingThread - INFO - Price: 119470.6 | Long Target: 140000.0 | Long Pos Open: False
2025-08-12 18:40:45,864 - TradingThread - INFO - Price: 119470.6 | Long Target: 140000.0 | Long Pos Open: False
2025-08-12 18:40:45,964 - TradingThread - INFO - Price: 119470.6 | Long Target: 140000.0 | Long Pos Open: False
2025-08-12 18:40:46,064 - TradingThread - INFO - Price: 119470.6 | Long Target: 140000.0 | Long Pos Open: False
2025-08-12 18:40:46,365 - TradingThread - INFO - Price: 119470.6 | Long Target: 140000.0 | Long Pos Open: False
2025-08-12 18:40:46,465 - TradingThread - INFO - Price: 119470.6 | Long Target: 140000.0 | Long Pos Open: False
2025-08-12 18:40:46,564 - TradingThread - INFO - Price: 119470.6 | Long Target: 140000.0 | Long Pos Open: False
2025-08-12 18:40:46,665 - TradingThread - INFO - Price: 119470.7 | Long Target: 140000.0 | Long Pos Open: False
2025-08-12 18:40:46,764 - TradingThread - INFO - Price: 119470.6 | Long Target: 140000.0 | Long Pos Open: False
2025-08-12 18:40:46,864 - TradingThread - INFO - Price: 119470.6 | Long Target: 140000.0 | Long Pos Open: False
2025-08-12 18:40:46,964 - TradingThread - INFO - Price: 119470.6 | Long Target: 140000.0 | Long Pos Open: False
2025-08-12 18:40:47,071 - TradingThread - INFO - Price: 119470.6 | Long Target: 140000.0 | Long Pos Open: False
2025-08-12 18:40:47,164 - TradingThread - INFO - Price: 119470.6 | Long Target: 140000.0 | Long Pos Open: False
2025-08-12 18:40:47,264 - TradingThread - INFO - Price: 119470.6 | Long Target: 140000.0 | Long Pos Open: False
2025-08-12 18:40:47,364 - TradingThread - INFO - Price: 119470.6 | Long Target: 140000.0 | Long Pos Open: False
2025-08-12 18:40:47,464 - TradingThread - INFO - Price: 119470.6 | Long Target: 140000.0 | Long Pos Open: False
2025-08-12 18:40:47,664 - TradingThread - INFO - Price: 119470.6 | Long Target: 140000.0 | Long Pos Open: False
2025-08-12 18:40:47,764 - TradingThread - INFO - Price: 119470.6 | Long Target: 140000.0 | Long Pos Open: False
2025-08-12 18:40:47,865 - TradingThread - INFO - Price: 119470.6 | Long Target: 140000.0 | Long Pos Open: False
2025-08-12 18:40:48,064 - TradingThread - INFO - Price: 119470.6 | Long Target: 140000.0 | Long Pos Open: False
2025-08-12 18:40:48,264 - TradingThread - INFO - Price: 119470.7 | Long Target: 140000.0 | Long Pos Open: False
2025-08-12 18:40:48,285 - InputThread - INFO - Exit command received. Stopping bot...
2025-08-12 18:40:48,285 - TradingThread - INFO - Position management loop has stopped.
2025-08-12 20:46:06,545 - MainThread - INFO - Existing long position of size 2.208 detected.
2025-08-12 20:46:06,545 - MainThread - INFO - Starting in 'Manage Short' mode.
2025-08-12 20:46:30,551 - MainThread - INFO - Performing initial setup for mode: Manage Short
2025-08-12 20:46:30,551 - MainThread - INFO - Starting WebSocket stream for BTCUSDT...
2025-08-12 20:46:30,551 - MainThread - INFO - WebSocket Unified V5 attempting connection...
2025-08-12 20:46:34,020 - Thread-1 (<lambda>) - INFO - Websocket connected
2025-08-12 20:46:34,020 - MainThread - INFO - WebSocket Unified V5 connected
2025-08-12 20:46:34,020 - MainThread - INFO - Waiting for first price update from WebSocket...
2025-08-12 20:46:39,212 - MainThread - INFO - Leverage set/confirmed for BTCUSDT: OK
2025-08-12 20:46:39,212 - MainThread - WARNING - WebSocket price not available, falling back to HTTP GET request.
2025-08-12 20:46:39,408 - MainThread - INFO - Initial quantity calculated: 0.001 BTCUSDT
2025-08-12 20:46:39,785 - MainThread - INFO - Initial check: Managed Short position is CLOSED with size 0.0.
2025-08-12 20:46:39,785 - TradingThread - INFO - Starting position management...
2025-08-12 20:46:39,786 - TradingThread - INFO - Price: 119474.0 | Short Target: 140000.0 | Short Pos Open: False
2025-08-12 20:46:39,786 - TradingThread - INFO - Placing SHORT order for 0.001 BTCUSDT at price 119474.0.
2025-08-12 20:46:40,307 - TradingThread - INFO - Order response: {'retCode': 0, 'retMsg': 'OK', 'result': {'orderId': '574010c4-f872-463e-9015-f0d2ee46d60d', 'orderLinkId': ''}, 'retExtInfo': {}, 'time': 1755024400227}
2025-08-12 20:46:40,307 - TradingThread - INFO - Managed SHORT position opened. Size: 0.001. Cool-down started.
2025-08-12 20:46:40,307 - TradingThread - INFO - Price: 119473.9 | Short Target: 140000.0 | Short Pos Open: True
2025-08-12 20:46:40,307 - TradingThread - INFO - Trade cool-down active. Cannot close for another 5.00s.
2025-08-12 20:46:40,314 - TradingThread - INFO - Price: 119473.9 | Short Target: 140000.0 | Short Pos Open: True
2025-08-12 20:46:40,314 - TradingThread - INFO - Trade cool-down active. Cannot close for another 4.99s.
2025-08-12 20:46:40,414 - TradingThread - INFO - Price: 119473.9 | Short Target: 140000.0 | Short Pos Open: True
2025-08-12 20:46:40,414 - TradingThread - INFO - Trade cool-down active. Cannot close for another 4.89s.
2025-08-12 20:46:40,514 - TradingThread - INFO - Price: 119473.9 | Short Target: 140000.0 | Short Pos Open: True
2025-08-12 20:46:40,514 - TradingThread - INFO - Trade cool-down active. Cannot close for another 4.79s.
2025-08-12 20:46:40,613 - TradingThread - INFO - Price: 119473.9 | Short Target: 140000.0 | Short Pos Open: True
2025-08-12 20:46:40,614 - TradingThread - INFO - Trade cool-down active. Cannot close for another 4.69s.
2025-08-12 20:46:41,013 - TradingThread - INFO - Price: 119473.9 | Short Target: 140000.0 | Short Pos Open: True
2025-08-12 20:46:41,013 - TradingThread - INFO - Trade cool-down active. Cannot close for another 4.29s.
2025-08-12 20:46:41,113 - TradingThread - INFO - Price: 119473.9 | Short Target: 140000.0 | Short Pos Open: True
2025-08-12 20:46:41,113 - TradingThread - INFO - Trade cool-down active. Cannot close for another 4.19s.
2025-08-12 20:46:41,314 - TradingThread - INFO - Price: 119473.9 | Short Target: 140000.0 | Short Pos Open: True
2025-08-12 20:46:41,314 - TradingThread - INFO - Trade cool-down active. Cannot close for another 3.99s.
2025-08-12 20:46:41,515 - TradingThread - INFO - Price: 119473.9 | Short Target: 140000.0 | Short Pos Open: True
2025-08-12 20:46:41,515 - TradingThread - INFO - Trade cool-down active. Cannot close for another 3.79s.
2025-08-12 20:46:41,613 - TradingThread - INFO - Price: 119473.9 | Short Target: 140000.0 | Short Pos Open: True
2025-08-12 20:46:41,613 - TradingThread - INFO - Trade cool-down active. Cannot close for another 3.69s.
2025-08-12 20:46:41,713 - TradingThread - INFO - Price: 119473.9 | Short Target: 140000.0 | Short Pos Open: True
2025-08-12 20:46:41,713 - TradingThread - INFO - Trade cool-down active. Cannot close for another 3.59s.
2025-08-12 20:46:41,814 - TradingThread - INFO - Price: 119473.9 | Short Target: 140000.0 | Short Pos Open: True
2025-08-12 20:46:41,814 - TradingThread - INFO - Trade cool-down active. Cannot close for another 3.49s.
2025-08-12 20:46:41,913 - TradingThread - INFO - Price: 119474.0 | Short Target: 140000.0 | Short Pos Open: True
2025-08-12 20:46:41,913 - TradingThread - INFO - Trade cool-down active. Cannot close for another 3.39s.
2025-08-12 20:46:42,014 - TradingThread - INFO - Price: 119474.0 | Short Target: 140000.0 | Short Pos Open: True
2025-08-12 20:46:42,014 - TradingThread - INFO - Trade cool-down active. Cannot close for another 3.29s.
2025-08-12 20:46:42,114 - TradingThread - INFO - Price: 119474.0 | Short Target: 140000.0 | Short Pos Open: True
2025-08-12 20:46:42,114 - TradingThread - INFO - Trade cool-down active. Cannot close for another 3.19s.
2025-08-12 20:46:42,214 - TradingThread - INFO - Price: 119474.0 | Short Target: 140000.0 | Short Pos Open: True
2025-08-12 20:46:42,214 - TradingThread - INFO - Trade cool-down active. Cannot close for another 3.09s.
2025-08-12 20:46:42,416 - TradingThread - INFO - Price: 119474.0 | Short Target: 140000.0 | Short Pos Open: True
2025-08-12 20:46:42,416 - TradingThread - INFO - Trade cool-down active. Cannot close for another 2.89s.
2025-08-12 20:46:42,514 - TradingThread - INFO - Price: 119474.0 | Short Target: 140000.0 | Short Pos Open: True
2025-08-12 20:46:42,514 - TradingThread - INFO - Trade cool-down active. Cannot close for another 2.79s.
2025-08-12 20:46:42,614 - TradingThread - INFO - Price: 119474.0 | Short Target: 140000.0 | Short Pos Open: True
2025-08-12 20:46:42,614 - TradingThread - INFO - Trade cool-down active. Cannot close for another 2.69s.
2025-08-12 20:46:42,713 - TradingThread - INFO - Price: 119474.0 | Short Target: 140000.0 | Short Pos Open: True
2025-08-12 20:46:42,713 - TradingThread - INFO - Trade cool-down active. Cannot close for another 2.59s.
2025-08-12 20:46:43,115 - TradingThread - INFO - Price: 119474.0 | Short Target: 140000.0 | Short Pos Open: True
2025-08-12 20:46:43,115 - TradingThread - INFO - Trade cool-down active. Cannot close for another 2.19s.
2025-08-12 20:46:43,213 - TradingThread - INFO - Price: 119473.9 | Short Target: 140000.0 | Short Pos Open: True
2025-08-12 20:46:43,213 - TradingThread - INFO - Trade cool-down active. Cannot close for another 2.09s.
2025-08-12 20:46:43,314 - TradingThread - INFO - Price: 119473.9 | Short Target: 140000.0 | Short Pos Open: True
2025-08-12 20:46:43,314 - TradingThread - INFO - Trade cool-down active. Cannot close for another 1.99s.
2025-08-12 20:46:43,614 - TradingThread - INFO - Price: 119473.9 | Short Target: 140000.0 | Short Pos Open: True
2025-08-12 20:46:43,614 - TradingThread - INFO - Trade cool-down active. Cannot close for another 1.69s.
2025-08-12 20:46:43,813 - TradingThread - INFO - Price: 119473.9 | Short Target: 140000.0 | Short Pos Open: True
2025-08-12 20:46:43,814 - TradingThread - INFO - Trade cool-down active. Cannot close for another 1.49s.
2025-08-12 20:46:43,914 - TradingThread - INFO - Price: 119473.9 | Short Target: 140000.0 | Short Pos Open: True
2025-08-12 20:46:43,914 - TradingThread - INFO - Trade cool-down active. Cannot close for another 1.39s.
2025-08-12 20:46:44,013 - TradingThread - INFO - Price: 119473.9 | Short Target: 140000.0 | Short Pos Open: True
2025-08-12 20:46:44,020 - TradingThread - INFO - Trade cool-down active. Cannot close for another 1.29s.
2025-08-12 20:46:44,213 - TradingThread - INFO - Price: 119473.9 | Short Target: 140000.0 | Short Pos Open: True
2025-08-12 20:46:44,213 - TradingThread - INFO - Trade cool-down active. Cannot close for another 1.09s.
2025-08-12 20:46:44,313 - TradingThread - INFO - Price: 119473.9 | Short Target: 140000.0 | Short Pos Open: True
2025-08-12 20:46:44,313 - TradingThread - INFO - Trade cool-down active. Cannot close for another 0.99s.
2025-08-12 20:46:44,614 - TradingThread - INFO - Price: 119473.9 | Short Target: 140000.0 | Short Pos Open: True
2025-08-12 20:46:44,614 - TradingThread - INFO - Trade cool-down active. Cannot close for another 0.69s.
2025-08-12 20:46:44,814 - TradingThread - INFO - Price: 119473.9 | Short Target: 140000.0 | Short Pos Open: True
2025-08-12 20:46:44,814 - TradingThread - INFO - Trade cool-down active. Cannot close for another 0.49s.
2025-08-12 20:46:44,913 - TradingThread - INFO - Price: 119473.9 | Short Target: 140000.0 | Short Pos Open: True
2025-08-12 20:46:44,913 - TradingThread - INFO - Trade cool-down active. Cannot close for another 0.39s.
2025-08-12 20:46:45,213 - TradingThread - INFO - Price: 119473.9 | Short Target: 140000.0 | Short Pos Open: True
2025-08-12 20:46:45,213 - TradingThread - INFO - Trade cool-down active. Cannot close for another 0.09s.
2025-08-12 20:46:45,313 - TradingThread - INFO - Price: 119473.9 | Short Target: 140000.0 | Short Pos Open: True
2025-08-12 20:46:45,713 - TradingThread - INFO - Price: 119473.9 | Short Target: 140000.0 | Short Pos Open: True
2025-08-12 20:46:46,113 - TradingThread - INFO - Price: 119473.9 | Short Target: 140000.0 | Short Pos Open: True
2025-08-12 20:46:46,213 - TradingThread - INFO - Price: 119473.9 | Short Target: 140000.0 | Short Pos Open: True
2025-08-12 20:46:46,413 - TradingThread - INFO - Price: 119474.0 | Short Target: 140000.0 | Short Pos Open: True
2025-08-12 20:46:46,513 - TradingThread - INFO - Price: 119474.0 | Short Target: 140000.0 | Short Pos Open: True
2025-08-12 20:46:46,613 - TradingThread - INFO - Price: 119474.0 | Short Target: 140000.0 | Short Pos Open: True
2025-08-12 20:46:46,713 - TradingThread - INFO - Price: 119474.0 | Short Target: 140000.0 | Short Pos Open: True
2025-08-12 20:46:46,813 - TradingThread - INFO - Price: 119474.0 | Short Target: 140000.0 | Short Pos Open: True
2025-08-12 20:46:46,913 - TradingThread - INFO - Price: 119474.0 | Short Target: 140000.0 | Short Pos Open: True
2025-08-12 20:46:47,013 - TradingThread - INFO - Price: 119474.0 | Short Target: 140000.0 | Short Pos Open: True
2025-08-12 20:46:47,118 - TradingThread - INFO - Price: 119474.0 | Short Target: 140000.0 | Short Pos Open: True
2025-08-12 20:46:47,213 - TradingThread - INFO - Price: 119474.0 | Short Target: 140000.0 | Short Pos Open: True
2025-08-12 20:46:47,313 - TradingThread - INFO - Price: 119474.0 | Short Target: 140000.0 | Short Pos Open: True
2025-08-12 20:46:47,413 - TradingThread - INFO - Price: 119474.0 | Short Target: 140000.0 | Short Pos Open: True
2025-08-12 20:46:47,513 - TradingThread - INFO - Price: 119474.0 | Short Target: 140000.0 | Short Pos Open: True
2025-08-12 20:46:47,613 - TradingThread - INFO - Price: 119474.0 | Short Target: 140000.0 | Short Pos Open: True
2025-08-12 20:46:47,813 - TradingThread - INFO - Price: 119474.0 | Short Target: 140000.0 | Short Pos Open: True
2025-08-12 20:46:47,913 - TradingThread - INFO - Price: 119474.0 | Short Target: 140000.0 | Short Pos Open: True
2025-08-12 20:46:48,313 - TradingThread - INFO - Price: 119473.9 | Short Target: 140000.0 | Short Pos Open: True
2025-08-12 20:46:48,413 - TradingThread - INFO - Price: 119473.9 | Short Target: 140000.0 | Short Pos Open: True
2025-08-12 20:46:48,513 - TradingThread - INFO - Price: 119473.9 | Short Target: 140000.0 | Short Pos Open: True
2025-08-12 20:46:48,613 - TradingThread - INFO - Price: 119474.0 | Short Target: 140000.0 | Short Pos Open: True
2025-08-12 20:46:48,713 - TradingThread - INFO - Price: 119474.0 | Short Target: 140000.0 | Short Pos Open: True
2025-08-12 20:46:48,814 - TradingThread - INFO - Price: 119474.0 | Short Target: 140000.0 | Short Pos Open: True
2025-08-12 20:46:48,913 - TradingThread - INFO - Price: 119474.0 | Short Target: 140000.0 | Short Pos Open: True
2025-08-12 20:46:49,013 - TradingThread - INFO - Price: 119474.0 | Short Target: 140000.0 | Short Pos Open: True
2025-08-12 20:46:49,113 - TradingThread - INFO - Price: 119474.0 | Short Target: 140000.0 | Short Pos Open: True
2025-08-12 20:46:49,213 - TradingThread - INFO - Price: 119474.0 | Short Target: 140000.0 | Short Pos Open: True
2025-08-12 20:46:49,313 - TradingThread - INFO - Price: 119474.0 | Short Target: 140000.0 | Short Pos Open: True
2025-08-12 20:46:49,413 - TradingThread - INFO - Price: 119474.0 | Short Target: 140000.0 | Short Pos Open: True
2025-08-12 20:46:49,512 - TradingThread - INFO - Price: 119474.0 | Short Target: 140000.0 | Short Pos Open: True
2025-08-12 20:46:49,613 - TradingThread - INFO - Price: 119473.9 | Short Target: 140000.0 | Short Pos Open: True
2025-08-12 20:46:49,713 - TradingThread - INFO - Price: 119473.9 | Short Target: 140000.0 | Short Pos Open: True
2025-08-12 20:46:49,813 - TradingThread - INFO - Price: 119474.0 | Short Target: 140000.0 | Short Pos Open: True
2025-08-12 20:46:49,914 - TradingThread - INFO - Price: 119474.0 | Short Target: 140000.0 | Short Pos Open: True
2025-08-12 20:46:50,012 - TradingThread - INFO - Price: 119474.0 | Short Target: 140000.0 | Short Pos Open: True
2025-08-12 20:46:50,113 - TradingThread - INFO - Price: 119473.9 | Short Target: 140000.0 | Short Pos Open: True
2025-08-12 20:46:50,213 - TradingThread - INFO - Price: 119473.9 | Short Target: 140000.0 | Short Pos Open: True
2025-08-12 20:46:50,313 - TradingThread - INFO - Price: 119473.9 | Short Target: 140000.0 | Short Pos Open: True
2025-08-12 20:46:50,413 - TradingThread - INFO - Price: 119473.9 | Short Target: 140000.0 | Short Pos Open: True
2025-08-12 20:46:50,713 - TradingThread - INFO - Price: 119473.9 | Short Target: 140000.0 | Short Pos Open: True
2025-08-12 20:46:50,812 - TradingThread - INFO - Price: 119473.9 | Short Target: 140000.0 | Short Pos Open: True
2025-08-12 20:46:50,912 - TradingThread - INFO - Price: 119473.9 | Short Target: 140000.0 | Short Pos Open: True
2025-08-12 20:46:51,112 - TradingThread - INFO - Price: 119473.9 | Short Target: 140000.0 | Short Pos Open: True
2025-08-12 20:46:51,213 - TradingThread - INFO - Price: 119473.9 | Short Target: 140000.0 | Short Pos Open: True
2025-08-12 20:46:51,312 - TradingThread - INFO - Price: 119473.9 | Short Target: 140000.0 | Short Pos Open: True
2025-08-12 20:46:51,412 - TradingThread - INFO - Price: 119473.9 | Short Target: 140000.0 | Short Pos Open: True
2025-08-12 20:46:51,512 - TradingThread - INFO - Price: 119473.9 | Short Target: 140000.0 | Short Pos Open: True
2025-08-12 20:46:51,712 - TradingThread - INFO - Price: 119473.9 | Short Target: 140000.0 | Short Pos Open: True
2025-08-12 20:46:51,812 - TradingThread - INFO - Price: 119473.9 | Short Target: 140000.0 | Short Pos Open: True
2025-08-12 20:46:51,913 - TradingThread - INFO - Price: 119473.9 | Short Target: 140000.0 | Short Pos Open: True
2025-08-12 20:46:52,113 - TradingThread - INFO - Price: 119473.9 | Short Target: 140000.0 | Short Pos Open: True
2025-08-12 20:46:52,213 - TradingThread - INFO - Price: 119473.9 | Short Target: 140000.0 | Short Pos Open: True
2025-08-12 20:46:52,312 - TradingThread - INFO - Price: 119473.9 | Short Target: 140000.0 | Short Pos Open: True
2025-08-12 20:46:52,413 - TradingThread - INFO - Price: 119474.0 | Short Target: 140000.0 | Short Pos Open: True
2025-08-12 20:46:52,513 - TradingThread - INFO - Price: 119474.0 | Short Target: 140000.0 | Short Pos Open: True
2025-08-12 20:46:52,613 - TradingThread - INFO - Price: 119474.0 | Short Target: 140000.0 | Short Pos Open: True
2025-08-12 20:46:52,713 - TradingThread - INFO - Price: 119474.0 | Short Target: 140000.0 | Short Pos Open: True
2025-08-12 20:46:52,814 - TradingThread - INFO - Price: 119473.9 | Short Target: 140000.0 | Short Pos Open: True
2025-08-12 20:46:52,912 - TradingThread - INFO - Price: 119473.9 | Short Target: 140000.0 | Short Pos Open: True
2025-08-12 20:46:53,014 - TradingThread - INFO - Price: 119473.9 | Short Target: 140000.0 | Short Pos Open: True
2025-08-12 20:46:53,113 - TradingThread - INFO - Price: 119474.0 | Short Target: 140000.0 | Short Pos Open: True
2025-08-12 20:46:53,213 - TradingThread - INFO - Price: 119474.0 | Short Target: 140000.0 | Short Pos Open: True
2025-08-12 20:46:53,314 - TradingThread - INFO - Price: 119474.0 | Short Target: 140000.0 | Short Pos Open: True
2025-08-12 20:46:53,413 - TradingThread - INFO - Price: 119474.0 | Short Target: 140000.0 | Short Pos Open: True
2025-08-12 20:46:53,513 - TradingThread - INFO - Price: 119474.0 | Short Target: 140000.0 | Short Pos Open: True
2025-08-12 20:46:53,613 - TradingThread - INFO - Price: 119474.0 | Short Target: 140000.0 | Short Pos Open: True
2025-08-12 20:46:53,692 - InputThread - INFO - Exit command received. Stopping bot...
2025-08-12 20:46:53,692 - TradingThread - INFO - Position management loop has stopped.
2025-08-12 20:46:53,692 - MainThread - INFO - Bot has been shut down.
2025-08-12 20:51:38,983 - MainThread - INFO - Existing short position of size 0.001 detected.
2025-08-12 20:51:38,983 - MainThread - INFO - Starting in 'Manage Long' mode.
2025-08-12 20:51:55,524 - MainThread - INFO - Performing initial setup for mode: Manage Long
2025-08-12 20:51:55,524 - MainThread - INFO - Starting WebSocket stream for BTCUSDT...
2025-08-12 20:51:55,524 - MainThread - INFO - WebSocket Unified V5 attempting connection...
2025-08-12 20:51:58,089 - Thread-1 (<lambda>) - INFO - Websocket connected
2025-08-12 20:51:58,089 - MainThread - INFO - WebSocket Unified V5 connected
2025-08-12 20:51:58,090 - MainThread - INFO - Waiting for first price update from WebSocket...
2025-08-12 20:52:03,278 - MainThread - INFO - Leverage for BTCUSDT is already set to the desired value.
2025-08-12 20:52:03,279 - MainThread - WARNING - WebSocket price not available, falling back to HTTP GET request.
2025-08-12 20:52:03,467 - MainThread - INFO - Initial quantity calculated: 0.001 BTCUSDT
2025-08-12 20:52:03,842 - MainThread - INFO - Initial check: Managed Long position is OPEN with size 2.208.
2025-08-12 20:52:03,842 - MainThread - INFO - 
==================================================
2025-08-12 20:52:03,842 - MainThread - INFO - Bot is running. Detailed logs are in 'bot.log'.
2025-08-12 20:52:03,842 - MainThread - INFO - To see live logs, open a new terminal and run:
2025-08-12 20:52:03,842 - MainThread - INFO - PowerShell: Get-Content bot.log -Wait
2025-08-12 20:52:03,842 - MainThread - INFO - CMD: powershell -command "Get-Content bot.log -Wait"
2025-08-12 20:52:03,842 - MainThread - INFO - ==================================================
2025-08-12 20:52:03,843 - TradingThread - INFO - Starting position management...
2025-08-12 20:52:03,843 - TradingThread - INFO - Price: 119295.8 | Long Target: 140000.0 | Long Pos Open: True
2025-08-12 20:52:03,843 - TradingThread - INFO - Trade cool-down active. Cannot close for another 5.00s.
2025-08-12 20:52:03,896 - TradingThread - INFO - Price: 119308.1 | Long Target: 140000.0 | Long Pos Open: True
2025-08-12 20:52:03,896 - TradingThread - INFO - Trade cool-down active. Cannot close for another 4.95s.
2025-08-12 20:52:03,996 - TradingThread - INFO - Price: 119308.1 | Long Target: 140000.0 | Long Pos Open: True
2025-08-12 20:52:03,996 - TradingThread - INFO - Trade cool-down active. Cannot close for another 4.85s.
2025-08-12 20:52:04,096 - TradingThread - INFO - Price: 119316.1 | Long Target: 140000.0 | Long Pos Open: True
2025-08-12 20:52:04,096 - TradingThread - INFO - Trade cool-down active. Cannot close for another 4.75s.
2025-08-12 20:52:04,196 - TradingThread - INFO - Price: 119321.9 | Long Target: 140000.0 | Long Pos Open: True
2025-08-12 20:52:04,196 - TradingThread - INFO - Trade cool-down active. Cannot close for another 4.65s.
2025-08-12 20:52:04,296 - TradingThread - INFO - Price: 119322.3 | Long Target: 140000.0 | Long Pos Open: True
2025-08-12 20:52:04,296 - TradingThread - INFO - Trade cool-down active. Cannot close for another 4.55s.
2025-08-12 20:52:04,397 - TradingThread - INFO - Price: 119322.3 | Long Target: 140000.0 | Long Pos Open: True
2025-08-12 20:52:04,397 - TradingThread - INFO - Trade cool-down active. Cannot close for another 4.45s.
2025-08-12 20:52:04,496 - TradingThread - INFO - Price: 119323.2 | Long Target: 140000.0 | Long Pos Open: True
2025-08-12 20:52:04,496 - TradingThread - INFO - Trade cool-down active. Cannot close for another 4.35s.
2025-08-12 20:52:04,596 - TradingThread - INFO - Price: 119323.2 | Long Target: 140000.0 | Long Pos Open: True
2025-08-12 20:52:04,596 - TradingThread - INFO - Trade cool-down active. Cannot close for another 4.25s.
2025-08-12 20:52:04,695 - TradingThread - INFO - Price: 119323.2 | Long Target: 140000.0 | Long Pos Open: True
2025-08-12 20:52:04,695 - TradingThread - INFO - Trade cool-down active. Cannot close for another 4.15s.
2025-08-12 20:52:04,795 - TradingThread - INFO - Price: 119325.7 | Long Target: 140000.0 | Long Pos Open: True
2025-08-12 20:52:04,796 - TradingThread - INFO - Trade cool-down active. Cannot close for another 4.05s.
2025-08-12 20:52:04,896 - TradingThread - INFO - Price: 119325.7 | Long Target: 140000.0 | Long Pos Open: True
2025-08-12 20:52:04,896 - TradingThread - INFO - Trade cool-down active. Cannot close for another 3.95s.
2025-08-12 20:52:04,995 - TradingThread - INFO - Price: 119325.6 | Long Target: 140000.0 | Long Pos Open: True
2025-08-12 20:52:04,995 - TradingThread - INFO - Trade cool-down active. Cannot close for another 3.85s.
2025-08-12 20:52:05,096 - TradingThread - INFO - Price: 119325.6 | Long Target: 140000.0 | Long Pos Open: True
2025-08-12 20:52:05,096 - TradingThread - INFO - Trade cool-down active. Cannot close for another 3.75s.
2025-08-12 20:52:05,197 - TradingThread - INFO - Price: 119325.6 | Long Target: 140000.0 | Long Pos Open: True
2025-08-12 20:52:05,197 - TradingThread - INFO - Trade cool-down active. Cannot close for another 3.64s.
2025-08-12 20:52:05,296 - TradingThread - INFO - Price: 119325.6 | Long Target: 140000.0 | Long Pos Open: True
2025-08-12 20:52:05,296 - TradingThread - INFO - Trade cool-down active. Cannot close for another 3.55s.
2025-08-12 20:52:05,395 - TradingThread - INFO - Price: 119325.6 | Long Target: 140000.0 | Long Pos Open: True
2025-08-12 20:52:05,395 - TradingThread - INFO - Trade cool-down active. Cannot close for another 3.45s.
2025-08-12 20:52:05,495 - TradingThread - INFO - Price: 119325.6 | Long Target: 140000.0 | Long Pos Open: True
2025-08-12 20:52:05,495 - TradingThread - INFO - Trade cool-down active. Cannot close for another 3.35s.
2025-08-12 20:52:05,595 - TradingThread - INFO - Price: 119325.6 | Long Target: 140000.0 | Long Pos Open: True
2025-08-12 20:52:05,595 - TradingThread - INFO - Trade cool-down active. Cannot close for another 3.25s.
2025-08-12 20:52:05,695 - TradingThread - INFO - Price: 119325.7 | Long Target: 140000.0 | Long Pos Open: True
2025-08-12 20:52:05,695 - TradingThread - INFO - Trade cool-down active. Cannot close for another 3.15s.
2025-08-12 20:52:05,796 - TradingThread - INFO - Price: 119325.6 | Long Target: 140000.0 | Long Pos Open: True
2025-08-12 20:52:05,796 - TradingThread - INFO - Trade cool-down active. Cannot close for another 3.05s.
2025-08-12 20:52:05,896 - TradingThread - INFO - Price: 119325.6 | Long Target: 140000.0 | Long Pos Open: True
2025-08-12 20:52:05,896 - TradingThread - INFO - Trade cool-down active. Cannot close for another 2.95s.
2025-08-12 20:52:06,196 - TradingThread - INFO - Price: 119325.7 | Long Target: 140000.0 | Long Pos Open: True
2025-08-12 20:52:06,196 - TradingThread - INFO - Trade cool-down active. Cannot close for another 2.65s.
2025-08-12 20:52:06,295 - TradingThread - INFO - Price: 119325.7 | Long Target: 140000.0 | Long Pos Open: True
2025-08-12 20:52:06,295 - TradingThread - INFO - Trade cool-down active. Cannot close for another 2.55s.
2025-08-12 20:52:06,396 - TradingThread - INFO - Price: 119325.7 | Long Target: 140000.0 | Long Pos Open: True
2025-08-12 20:52:06,396 - TradingThread - INFO - Trade cool-down active. Cannot close for another 2.45s.
2025-08-12 20:52:06,496 - TradingThread - INFO - Price: 119325.7 | Long Target: 140000.0 | Long Pos Open: True
2025-08-12 20:52:06,496 - TradingThread - INFO - Trade cool-down active. Cannot close for another 2.35s.
2025-08-12 20:52:06,595 - TradingThread - INFO - Price: 119325.7 | Long Target: 140000.0 | Long Pos Open: True
2025-08-12 20:52:06,595 - TradingThread - INFO - Trade cool-down active. Cannot close for another 2.25s.
2025-08-12 20:52:06,695 - TradingThread - INFO - Price: 119325.7 | Long Target: 140000.0 | Long Pos Open: True
2025-08-12 20:52:06,695 - TradingThread - INFO - Trade cool-down active. Cannot close for another 2.15s.
2025-08-12 20:52:06,795 - TradingThread - INFO - Price: 119325.6 | Long Target: 140000.0 | Long Pos Open: True
2025-08-12 20:52:06,796 - TradingThread - INFO - Trade cool-down active. Cannot close for another 2.05s.
2025-08-12 20:52:06,896 - TradingThread - INFO - Price: 119325.6 | Long Target: 140000.0 | Long Pos Open: True
2025-08-12 20:52:06,896 - TradingThread - INFO - Trade cool-down active. Cannot close for another 1.95s.
2025-08-12 20:52:06,996 - TradingThread - INFO - Price: 119325.6 | Long Target: 140000.0 | Long Pos Open: True
2025-08-12 20:52:06,996 - TradingThread - INFO - Trade cool-down active. Cannot close for another 1.85s.
2025-08-12 20:52:07,095 - TradingThread - INFO - Price: 119325.7 | Long Target: 140000.0 | Long Pos Open: True
2025-08-12 20:52:07,096 - TradingThread - INFO - Trade cool-down active. Cannot close for another 1.75s.
2025-08-12 20:52:07,195 - TradingThread - INFO - Price: 119325.7 | Long Target: 140000.0 | Long Pos Open: True
2025-08-12 20:52:07,196 - TradingThread - INFO - Trade cool-down active. Cannot close for another 1.65s.
2025-08-12 20:52:07,296 - TradingThread - INFO - Price: 119325.7 | Long Target: 140000.0 | Long Pos Open: True
2025-08-12 20:52:07,296 - TradingThread - INFO - Trade cool-down active. Cannot close for another 1.55s.
2025-08-12 20:52:07,395 - TradingThread - INFO - Price: 119325.7 | Long Target: 140000.0 | Long Pos Open: True
2025-08-12 20:52:07,395 - TradingThread - INFO - Trade cool-down active. Cannot close for another 1.45s.
2025-08-12 20:52:07,496 - TradingThread - INFO - Price: 119325.7 | Long Target: 140000.0 | Long Pos Open: True
2025-08-12 20:52:07,496 - TradingThread - INFO - Trade cool-down active. Cannot close for another 1.35s.
2025-08-12 20:52:07,595 - TradingThread - INFO - Price: 119325.6 | Long Target: 140000.0 | Long Pos Open: True
2025-08-12 20:52:07,595 - TradingThread - INFO - Trade cool-down active. Cannot close for another 1.25s.
2025-08-12 20:52:07,695 - TradingThread - INFO - Price: 119325.6 | Long Target: 140000.0 | Long Pos Open: True
2025-08-12 20:52:07,695 - TradingThread - INFO - Trade cool-down active. Cannot close for another 1.15s.
2025-08-12 20:52:07,796 - TradingThread - INFO - Price: 119325.6 | Long Target: 140000.0 | Long Pos Open: True
2025-08-12 20:52:07,796 - TradingThread - INFO - Trade cool-down active. Cannot close for another 1.05s.
2025-08-12 20:52:07,995 - TradingThread - INFO - Price: 119325.6 | Long Target: 140000.0 | Long Pos Open: True
2025-08-12 20:52:07,995 - TradingThread - INFO - Trade cool-down active. Cannot close for another 0.85s.
2025-08-12 20:52:08,096 - TradingThread - INFO - Price: 119325.6 | Long Target: 140000.0 | Long Pos Open: True
2025-08-12 20:52:08,096 - TradingThread - INFO - Trade cool-down active. Cannot close for another 0.75s.
2025-08-12 20:52:08,296 - TradingThread - INFO - Price: 119325.6 | Long Target: 140000.0 | Long Pos Open: True
2025-08-12 20:52:08,296 - TradingThread - INFO - Trade cool-down active. Cannot close for another 0.55s.
2025-08-12 20:52:08,396 - TradingThread - INFO - Price: 119325.6 | Long Target: 140000.0 | Long Pos Open: True
2025-08-12 20:52:08,396 - TradingThread - INFO - Trade cool-down active. Cannot close for another 0.45s.
2025-08-12 20:52:08,596 - TradingThread - INFO - Price: 119269.3 | Long Target: 140000.0 | Long Pos Open: True
2025-08-12 20:52:08,596 - TradingThread - INFO - Trade cool-down active. Cannot close for another 0.25s.
2025-08-12 20:52:08,596 - TradingThread - INFO - Price: 119272.7 | Long Target: 140000.0 | Long Pos Open: True
2025-08-12 20:52:08,596 - TradingThread - INFO - Trade cool-down active. Cannot close for another 0.25s.
2025-08-12 20:52:08,695 - TradingThread - INFO - Price: 119273.1 | Long Target: 140000.0 | Long Pos Open: True
2025-08-12 20:52:08,696 - TradingThread - INFO - Trade cool-down active. Cannot close for another 0.15s.
2025-08-12 20:52:08,796 - TradingThread - INFO - Price: 119273.0 | Long Target: 140000.0 | Long Pos Open: True
2025-08-12 20:52:08,796 - TradingThread - INFO - Trade cool-down active. Cannot close for another 0.05s.
2025-08-12 20:52:08,896 - TradingThread - INFO - Price: 119273.1 | Long Target: 140000.0 | Long Pos Open: True
2025-08-12 20:52:08,896 - TradingThread - INFO - CLOSING LONG order for 2.208 BTCUSDT at price 119273.1.
2025-08-12 20:52:09,083 - TradingThread - INFO - Order response: {'retCode': 0, 'retMsg': 'OK', 'result': {'orderId': '0ff6ad51-e4a1-4560-9ce8-6b974a18d699', 'orderLinkId': ''}, 'retExtInfo': {}, 'time': 1755024729019}
2025-08-12 20:52:09,083 - TradingThread - INFO - Managed LONG position closed.
2025-08-12 20:52:09,083 - TradingThread - INFO - Price: 119273.1 | Long Target: 140000.0 | Long Pos Open: False
2025-08-12 20:52:09,095 - TradingThread - INFO - Price: 119273.1 | Long Target: 140000.0 | Long Pos Open: False
2025-08-12 20:52:09,195 - TradingThread - INFO - Price: 119273.1 | Long Target: 140000.0 | Long Pos Open: False
2025-08-12 20:52:09,296 - TradingThread - INFO - Price: 119273.0 | Long Target: 140000.0 | Long Pos Open: False
2025-08-12 20:52:09,395 - TradingThread - INFO - Price: 119273.0 | Long Target: 140000.0 | Long Pos Open: False
2025-08-12 20:52:09,496 - TradingThread - INFO - Price: 119273.1 | Long Target: 140000.0 | Long Pos Open: False
2025-08-12 20:52:09,595 - TradingThread - INFO - Price: 119273.1 | Long Target: 140000.0 | Long Pos Open: False
2025-08-12 20:52:09,695 - TradingThread - INFO - Price: 119273.1 | Long Target: 140000.0 | Long Pos Open: False
2025-08-12 20:52:09,795 - TradingThread - INFO - Price: 119273.1 | Long Target: 140000.0 | Long Pos Open: False
2025-08-12 20:52:09,895 - TradingThread - INFO - Price: 119273.1 | Long Target: 140000.0 | Long Pos Open: False
2025-08-12 20:52:09,996 - TradingThread - INFO - Price: 119273.1 | Long Target: 140000.0 | Long Pos Open: False
2025-08-12 20:52:10,095 - TradingThread - INFO - Price: 119273.1 | Long Target: 140000.0 | Long Pos Open: False
2025-08-12 20:52:10,195 - TradingThread - INFO - Price: 119273.1 | Long Target: 140000.0 | Long Pos Open: False
2025-08-12 20:52:10,395 - TradingThread - INFO - Price: 119273.0 | Long Target: 140000.0 | Long Pos Open: False
2025-08-12 20:52:10,495 - TradingThread - INFO - Price: 119273.0 | Long Target: 140000.0 | Long Pos Open: False
2025-08-12 20:52:10,595 - TradingThread - INFO - Price: 119273.0 | Long Target: 140000.0 | Long Pos Open: False
2025-08-12 20:52:10,696 - TradingThread - INFO - Price: 119273.0 | Long Target: 140000.0 | Long Pos Open: False
2025-08-12 20:52:10,795 - TradingThread - INFO - Price: 119273.0 | Long Target: 140000.0 | Long Pos Open: False
2025-08-12 20:52:10,895 - TradingThread - INFO - Price: 119273.0 | Long Target: 140000.0 | Long Pos Open: False
2025-08-12 20:52:10,996 - TradingThread - INFO - Price: 119273.0 | Long Target: 140000.0 | Long Pos Open: False
2025-08-12 20:52:11,096 - TradingThread - INFO - Price: 119273.0 | Long Target: 140000.0 | Long Pos Open: False
2025-08-12 20:52:11,195 - TradingThread - INFO - Price: 119273.1 | Long Target: 140000.0 | Long Pos Open: False
2025-08-12 20:52:11,295 - TradingThread - INFO - Price: 119273.1 | Long Target: 140000.0 | Long Pos Open: False
2025-08-12 20:52:11,395 - TradingThread - INFO - Price: 119273.0 | Long Target: 140000.0 | Long Pos Open: False
2025-08-12 20:52:11,495 - TradingThread - INFO - Price: 119273.0 | Long Target: 140000.0 | Long Pos Open: False
2025-08-12 20:52:11,595 - TradingThread - INFO - Price: 119273.0 | Long Target: 140000.0 | Long Pos Open: False
2025-08-12 20:52:11,695 - TradingThread - INFO - Price: 119273.0 | Long Target: 140000.0 | Long Pos Open: False
2025-08-12 20:52:11,798 - TradingThread - INFO - Price: 119273.0 | Long Target: 140000.0 | Long Pos Open: False
2025-08-12 20:52:11,896 - TradingThread - INFO - Price: 119273.0 | Long Target: 140000.0 | Long Pos Open: False
2025-08-12 20:52:11,997 - TradingThread - INFO - Price: 119273.0 | Long Target: 140000.0 | Long Pos Open: False
2025-08-12 20:52:12,096 - TradingThread - INFO - Price: 119273.0 | Long Target: 140000.0 | Long Pos Open: False
2025-08-12 20:52:12,196 - TradingThread - INFO - Price: 119273.0 | Long Target: 140000.0 | Long Pos Open: False
2025-08-12 20:52:12,296 - TradingThread - INFO - Price: 119273.0 | Long Target: 140000.0 | Long Pos Open: False
2025-08-12 20:52:12,395 - TradingThread - INFO - Price: 119273.1 | Long Target: 140000.0 | Long Pos Open: False
2025-08-12 20:52:12,495 - TradingThread - INFO - Price: 119273.1 | Long Target: 140000.0 | Long Pos Open: False
2025-08-12 20:52:12,595 - TradingThread - INFO - Price: 119273.1 | Long Target: 140000.0 | Long Pos Open: False
2025-08-12 20:52:12,695 - TradingThread - INFO - Price: 119273.1 | Long Target: 140000.0 | Long Pos Open: False
2025-08-12 20:52:12,795 - TradingThread - INFO - Price: 119273.1 | Long Target: 140000.0 | Long Pos Open: False
2025-08-12 20:52:12,895 - TradingThread - INFO - Price: 119273.1 | Long Target: 140000.0 | Long Pos Open: False
2025-08-12 20:52:12,997 - TradingThread - INFO - Price: 119273.1 | Long Target: 140000.0 | Long Pos Open: False
2025-08-12 20:52:13,095 - TradingThread - INFO - Price: 119273.0 | Long Target: 140000.0 | Long Pos Open: False
2025-08-12 20:52:13,195 - TradingThread - INFO - Price: 119273.0 | Long Target: 140000.0 | Long Pos Open: False
2025-08-12 20:52:13,295 - TradingThread - INFO - Price: 119273.0 | Long Target: 140000.0 | Long Pos Open: False
2025-08-12 20:52:13,395 - TradingThread - INFO - Price: 119273.0 | Long Target: 140000.0 | Long Pos Open: False
2025-08-12 20:52:13,495 - TradingThread - INFO - Price: 119276.4 | Long Target: 140000.0 | Long Pos Open: False
2025-08-12 20:52:13,595 - TradingThread - INFO - Price: 119276.4 | Long Target: 140000.0 | Long Pos Open: False
2025-08-12 20:52:13,696 - TradingThread - INFO - Price: 119276.4 | Long Target: 140000.0 | Long Pos Open: False
2025-08-12 20:52:13,895 - TradingThread - INFO - Price: 119276.4 | Long Target: 140000.0 | Long Pos Open: False
2025-08-12 20:52:13,997 - TradingThread - INFO - Price: 119278.6 | Long Target: 140000.0 | Long Pos Open: False
2025-08-12 20:52:14,096 - TradingThread - INFO - Price: 119291.2 | Long Target: 140000.0 | Long Pos Open: False
2025-08-12 20:52:14,195 - TradingThread - INFO - Price: 119296.1 | Long Target: 140000.0 | Long Pos Open: False
2025-08-12 20:52:14,295 - TradingThread - INFO - Price: 119297.0 | Long Target: 140000.0 | Long Pos Open: False
2025-08-12 20:52:14,395 - TradingThread - INFO - Price: 119307.6 | Long Target: 140000.0 | Long Pos Open: False
2025-08-12 20:52:14,495 - TradingThread - INFO - Price: 119307.6 | Long Target: 140000.0 | Long Pos Open: False
2025-08-12 20:52:14,595 - TradingThread - INFO - Price: 119307.6 | Long Target: 140000.0 | Long Pos Open: False
2025-08-12 20:52:14,695 - TradingThread - INFO - Price: 119307.6 | Long Target: 140000.0 | Long Pos Open: False
2025-08-12 20:52:14,795 - TradingThread - INFO - Price: 119307.6 | Long Target: 140000.0 | Long Pos Open: False
2025-08-12 20:52:14,895 - TradingThread - INFO - Price: 119307.6 | Long Target: 140000.0 | Long Pos Open: False
2025-08-12 20:52:14,995 - TradingThread - INFO - Price: 119307.6 | Long Target: 140000.0 | Long Pos Open: False
2025-08-12 20:52:15,095 - TradingThread - INFO - Price: 119307.6 | Long Target: 140000.0 | Long Pos Open: False
2025-08-12 20:52:15,195 - TradingThread - INFO - Price: 119307.6 | Long Target: 140000.0 | Long Pos Open: False
2025-08-12 20:52:15,295 - TradingThread - INFO - Price: 119307.6 | Long Target: 140000.0 | Long Pos Open: False
2025-08-12 20:52:15,496 - TradingThread - INFO - Price: 119307.6 | Long Target: 140000.0 | Long Pos Open: False
2025-08-12 20:52:15,595 - TradingThread - INFO - Price: 119307.6 | Long Target: 140000.0 | Long Pos Open: False
2025-08-12 20:52:15,695 - TradingThread - INFO - Price: 119307.6 | Long Target: 140000.0 | Long Pos Open: False
2025-08-12 20:52:15,795 - TradingThread - INFO - Price: 119307.6 | Long Target: 140000.0 | Long Pos Open: False
2025-08-12 20:52:15,896 - TradingThread - INFO - Price: 119307.6 | Long Target: 140000.0 | Long Pos Open: False
2025-08-12 20:52:16,095 - TradingThread - INFO - Price: 119307.6 | Long Target: 140000.0 | Long Pos Open: False
2025-08-12 20:52:16,195 - TradingThread - INFO - Price: 119307.8 | Long Target: 140000.0 | Long Pos Open: False
2025-08-12 20:52:16,295 - TradingThread - INFO - Price: 119307.8 | Long Target: 140000.0 | Long Pos Open: False
2025-08-12 20:52:16,398 - TradingThread - INFO - Price: 119307.8 | Long Target: 140000.0 | Long Pos Open: False
2025-08-12 20:52:16,495 - TradingThread - INFO - Price: 119307.8 | Long Target: 140000.0 | Long Pos Open: False
2025-08-12 20:52:16,595 - TradingThread - INFO - Price: 119307.9 | Long Target: 140000.0 | Long Pos Open: False
2025-08-12 20:52:16,695 - TradingThread - INFO - Price: 119307.9 | Long Target: 140000.0 | Long Pos Open: False
2025-08-12 20:52:16,795 - TradingThread - INFO - Price: 119307.9 | Long Target: 140000.0 | Long Pos Open: False
2025-08-12 20:52:16,895 - TradingThread - INFO - Price: 119307.9 | Long Target: 140000.0 | Long Pos Open: False
2025-08-12 20:52:16,995 - TradingThread - INFO - Price: 119307.8 | Long Target: 140000.0 | Long Pos Open: False
2025-08-12 20:52:17,095 - TradingThread - INFO - Price: 119307.8 | Long Target: 140000.0 | Long Pos Open: False
2025-08-12 20:52:17,195 - TradingThread - INFO - Price: 119307.8 | Long Target: 140000.0 | Long Pos Open: False
2025-08-12 20:52:17,296 - TradingThread - INFO - Price: 119307.8 | Long Target: 140000.0 | Long Pos Open: False
2025-08-12 20:52:17,395 - TradingThread - INFO - Price: 119307.8 | Long Target: 140000.0 | Long Pos Open: False
2025-08-12 20:52:17,495 - TradingThread - INFO - Price: 119307.8 | Long Target: 140000.0 | Long Pos Open: False
2025-08-12 20:52:17,595 - TradingThread - INFO - Price: 119307.8 | Long Target: 140000.0 | Long Pos Open: False
2025-08-12 20:52:17,695 - TradingThread - INFO - Price: 119304.0 | Long Target: 140000.0 | Long Pos Open: False
2025-08-12 20:52:17,795 - TradingThread - INFO - Price: 119304.0 | Long Target: 140000.0 | Long Pos Open: False
2025-08-12 20:52:17,898 - TradingThread - INFO - Price: 119304.0 | Long Target: 140000.0 | Long Pos Open: False
2025-08-12 20:52:17,997 - TradingThread - INFO - Price: 119304.0 | Long Target: 140000.0 | Long Pos Open: False
2025-08-12 20:52:18,095 - TradingThread - INFO - Price: 119304.0 | Long Target: 140000.0 | Long Pos Open: False
2025-08-12 20:52:18,195 - TradingThread - INFO - Price: 119304.0 | Long Target: 140000.0 | Long Pos Open: False
2025-08-12 20:52:18,296 - TradingThread - INFO - Price: 119304.1 | Long Target: 140000.0 | Long Pos Open: False
2025-08-12 20:52:18,395 - TradingThread - INFO - Price: 119304.1 | Long Target: 140000.0 | Long Pos Open: False
2025-08-12 20:52:18,495 - TradingThread - INFO - Price: 119304.1 | Long Target: 140000.0 | Long Pos Open: False
2025-08-12 20:52:18,595 - TradingThread - INFO - Price: 119304.1 | Long Target: 140000.0 | Long Pos Open: False
2025-08-12 20:52:18,695 - TradingThread - INFO - Price: 119304.1 | Long Target: 140000.0 | Long Pos Open: False
2025-08-12 20:52:18,795 - TradingThread - INFO - Price: 119304.1 | Long Target: 140000.0 | Long Pos Open: False
2025-08-12 20:52:18,895 - TradingThread - INFO - Price: 119304.1 | Long Target: 140000.0 | Long Pos Open: False
2025-08-12 20:52:18,995 - TradingThread - INFO - Price: 119304.1 | Long Target: 140000.0 | Long Pos Open: False
2025-08-12 20:52:19,095 - TradingThread - INFO - Price: 119304.1 | Long Target: 140000.0 | Long Pos Open: False
2025-08-12 20:52:19,295 - TradingThread - INFO - Price: 119304.0 | Long Target: 140000.0 | Long Pos Open: False
2025-08-12 20:52:19,395 - TradingThread - INFO - Price: 119304.0 | Long Target: 140000.0 | Long Pos Open: False
2025-08-12 20:52:19,495 - TradingThread - INFO - Price: 119304.0 | Long Target: 140000.0 | Long Pos Open: False
2025-08-12 20:52:19,594 - TradingThread - INFO - Price: 119304.0 | Long Target: 140000.0 | Long Pos Open: False
2025-08-12 20:52:19,695 - TradingThread - INFO - Price: 119304.1 | Long Target: 140000.0 | Long Pos Open: False
2025-08-12 20:52:19,795 - TradingThread - INFO - Price: 119304.1 | Long Target: 140000.0 | Long Pos Open: False
2025-08-12 20:52:19,895 - TradingThread - INFO - Price: 119304.1 | Long Target: 140000.0 | Long Pos Open: False
2025-08-12 20:52:20,095 - TradingThread - INFO - Price: 119304.1 | Long Target: 140000.0 | Long Pos Open: False
2025-08-12 20:52:20,195 - TradingThread - INFO - Price: 119304.1 | Long Target: 140000.0 | Long Pos Open: False
2025-08-12 20:52:20,295 - TradingThread - INFO - Price: 119304.1 | Long Target: 140000.0 | Long Pos Open: False
2025-08-12 20:52:20,394 - TradingThread - INFO - Price: 119304.1 | Long Target: 140000.0 | Long Pos Open: False
2025-08-12 20:52:20,495 - TradingThread - INFO - Price: 119304.1 | Long Target: 140000.0 | Long Pos Open: False
2025-08-12 20:52:20,595 - TradingThread - INFO - Price: 119304.1 | Long Target: 140000.0 | Long Pos Open: False
2025-08-12 20:52:20,696 - TradingThread - INFO - Price: 119304.0 | Long Target: 140000.0 | Long Pos Open: False
2025-08-12 20:52:20,795 - TradingThread - INFO - Price: 119304.0 | Long Target: 140000.0 | Long Pos Open: False
2025-08-12 20:52:20,895 - TradingThread - INFO - Price: 119304.1 | Long Target: 140000.0 | Long Pos Open: False
2025-08-12 20:52:20,994 - TradingThread - INFO - Price: 119289.3 | Long Target: 140000.0 | Long Pos Open: False
2025-08-12 20:52:21,095 - TradingThread - INFO - Price: 119287.9 | Long Target: 140000.0 | Long Pos Open: False
2025-08-12 20:52:21,195 - TradingThread - INFO - Price: 119287.9 | Long Target: 140000.0 | Long Pos Open: False
2025-08-12 20:52:21,295 - TradingThread - INFO - Price: 119287.9 | Long Target: 140000.0 | Long Pos Open: False
2025-08-12 20:52:21,394 - TradingThread - INFO - Price: 119287.9 | Long Target: 140000.0 | Long Pos Open: False
2025-08-12 20:52:21,495 - TradingThread - INFO - Price: 119287.9 | Long Target: 140000.0 | Long Pos Open: False
2025-08-12 20:52:21,595 - TradingThread - INFO - Price: 119287.9 | Long Target: 140000.0 | Long Pos Open: False
2025-08-12 20:52:21,694 - TradingThread - INFO - Price: 119287.9 | Long Target: 140000.0 | Long Pos Open: False
2025-08-12 20:52:21,794 - TradingThread - INFO - Price: 119287.9 | Long Target: 140000.0 | Long Pos Open: False
2025-08-12 20:52:21,894 - TradingThread - INFO - Price: 119287.9 | Long Target: 140000.0 | Long Pos Open: False
2025-08-12 20:52:21,995 - TradingThread - INFO - Price: 119287.9 | Long Target: 140000.0 | Long Pos Open: False
2025-08-12 20:52:22,095 - TradingThread - INFO - Price: 119287.9 | Long Target: 140000.0 | Long Pos Open: False
2025-08-12 20:52:22,195 - TradingThread - INFO - Price: 119284.4 | Long Target: 140000.0 | Long Pos Open: False
2025-08-12 20:52:22,295 - TradingThread - INFO - Price: 119284.4 | Long Target: 140000.0 | Long Pos Open: False
2025-08-12 20:52:22,394 - TradingThread - INFO - Price: 119284.5 | Long Target: 140000.0 | Long Pos Open: False
2025-08-12 20:52:22,495 - TradingThread - INFO - Price: 119284.5 | Long Target: 140000.0 | Long Pos Open: False
2025-08-12 20:52:22,695 - TradingThread - INFO - Price: 119284.5 | Long Target: 140000.0 | Long Pos Open: False
2025-08-12 20:52:22,894 - TradingThread - INFO - Price: 119284.5 | Long Target: 140000.0 | Long Pos Open: False
2025-08-12 20:52:22,995 - TradingThread - INFO - Price: 119284.5 | Long Target: 140000.0 | Long Pos Open: False
2025-08-12 20:52:23,196 - TradingThread - INFO - Price: 119284.5 | Long Target: 140000.0 | Long Pos Open: False
2025-08-12 20:52:23,295 - TradingThread - INFO - Price: 119284.4 | Long Target: 140000.0 | Long Pos Open: False
2025-08-12 20:52:23,395 - TradingThread - INFO - Price: 119284.4 | Long Target: 140000.0 | Long Pos Open: False
2025-08-12 20:52:23,594 - TradingThread - INFO - Price: 119284.4 | Long Target: 140000.0 | Long Pos Open: False
2025-08-12 20:52:23,795 - TradingThread - INFO - Price: 119277.8 | Long Target: 140000.0 | Long Pos Open: False
2025-08-12 20:52:23,901 - TradingThread - INFO - Price: 119277.8 | Long Target: 140000.0 | Long Pos Open: False
2025-08-12 20:52:23,995 - TradingThread - INFO - Price: 119277.8 | Long Target: 140000.0 | Long Pos Open: False
2025-08-12 20:52:24,094 - TradingThread - INFO - Price: 119277.8 | Long Target: 140000.0 | Long Pos Open: False
2025-08-12 20:52:24,195 - TradingThread - INFO - Price: 119277.8 | Long Target: 140000.0 | Long Pos Open: False
2025-08-12 20:52:24,397 - TradingThread - INFO - Price: 119277.8 | Long Target: 140000.0 | Long Pos Open: False
2025-08-12 20:52:24,594 - TradingThread - INFO - Price: 119277.8 | Long Target: 140000.0 | Long Pos Open: False
2025-08-12 20:52:24,795 - TradingThread - INFO - Price: 119277.8 | Long Target: 140000.0 | Long Pos Open: False
2025-08-12 20:52:24,995 - TradingThread - INFO - Price: 119277.8 | Long Target: 140000.0 | Long Pos Open: False
2025-08-12 20:52:25,096 - TradingThread - INFO - Price: 119277.2 | Long Target: 140000.0 | Long Pos Open: False
2025-08-12 20:52:25,195 - TradingThread - INFO - Price: 119277.2 | Long Target: 140000.0 | Long Pos Open: False
2025-08-12 20:52:25,294 - TradingThread - INFO - Price: 119277.2 | Long Target: 140000.0 | Long Pos Open: False
2025-08-12 20:52:25,395 - TradingThread - INFO - Price: 119277.2 | Long Target: 140000.0 | Long Pos Open: False
2025-08-12 20:52:25,494 - TradingThread - INFO - Price: 119277.3 | Long Target: 140000.0 | Long Pos Open: False
2025-08-12 20:52:25,595 - TradingThread - INFO - Price: 119277.2 | Long Target: 140000.0 | Long Pos Open: False
2025-08-12 20:52:25,695 - TradingThread - INFO - Price: 119277.3 | Long Target: 140000.0 | Long Pos Open: False
2025-08-12 20:52:25,795 - TradingThread - INFO - Price: 119277.3 | Long Target: 140000.0 | Long Pos Open: False
2025-08-12 20:52:25,895 - TradingThread - INFO - Price: 119277.2 | Long Target: 140000.0 | Long Pos Open: False
2025-08-12 20:52:25,995 - TradingThread - INFO - Price: 119277.2 | Long Target: 140000.0 | Long Pos Open: False
2025-08-12 20:52:26,095 - TradingThread - INFO - Price: 119277.2 | Long Target: 140000.0 | Long Pos Open: False
2025-08-12 20:52:26,197 - TradingThread - INFO - Price: 119277.2 | Long Target: 140000.0 | Long Pos Open: False
2025-08-12 20:52:26,295 - TradingThread - INFO - Price: 119277.2 | Long Target: 140000.0 | Long Pos Open: False
2025-08-12 20:52:26,494 - TradingThread - INFO - Price: 119277.2 | Long Target: 140000.0 | Long Pos Open: False
2025-08-12 20:52:26,594 - TradingThread - INFO - Price: 119277.2 | Long Target: 140000.0 | Long Pos Open: False
2025-08-12 20:52:26,695 - TradingThread - INFO - Price: 119277.2 | Long Target: 140000.0 | Long Pos Open: False
2025-08-12 20:52:26,795 - TradingThread - INFO - Price: 119277.2 | Long Target: 140000.0 | Long Pos Open: False
2025-08-12 20:52:26,894 - TradingThread - INFO - Price: 119277.2 | Long Target: 140000.0 | Long Pos Open: False
2025-08-12 20:52:26,994 - TradingThread - INFO - Price: 119277.3 | Long Target: 140000.0 | Long Pos Open: False
2025-08-12 20:52:27,094 - TradingThread - INFO - Price: 119277.3 | Long Target: 140000.0 | Long Pos Open: False
2025-08-12 20:52:27,194 - TradingThread - INFO - Price: 119277.3 | Long Target: 140000.0 | Long Pos Open: False
2025-08-12 20:52:27,295 - TradingThread - INFO - Price: 119277.3 | Long Target: 140000.0 | Long Pos Open: False
2025-08-12 20:52:27,395 - TradingThread - INFO - Price: 119277.3 | Long Target: 140000.0 | Long Pos Open: False
2025-08-12 20:52:27,494 - TradingThread - INFO - Price: 119277.3 | Long Target: 140000.0 | Long Pos Open: False
2025-08-12 20:52:27,694 - TradingThread - INFO - Price: 119277.3 | Long Target: 140000.0 | Long Pos Open: False
2025-08-12 20:52:27,795 - TradingThread - INFO - Price: 119277.3 | Long Target: 140000.0 | Long Pos Open: False
2025-08-12 20:52:27,994 - TradingThread - INFO - Price: 119277.3 | Long Target: 140000.0 | Long Pos Open: False
2025-08-12 20:52:28,095 - TradingThread - INFO - Price: 119277.3 | Long Target: 140000.0 | Long Pos Open: False
2025-08-12 20:52:28,294 - TradingThread - INFO - Price: 119277.3 | Long Target: 140000.0 | Long Pos Open: False
2025-08-12 20:52:28,395 - TradingThread - INFO - Price: 119277.3 | Long Target: 140000.0 | Long Pos Open: False
2025-08-12 20:52:28,594 - TradingThread - INFO - Price: 119277.2 | Long Target: 140000.0 | Long Pos Open: False
2025-08-12 20:52:28,694 - TradingThread - INFO - Price: 119277.3 | Long Target: 140000.0 | Long Pos Open: False
2025-08-12 20:52:28,795 - TradingThread - INFO - Price: 119277.3 | Long Target: 140000.0 | Long Pos Open: False
2025-08-12 20:52:28,895 - TradingThread - INFO - Price: 119277.3 | Long Target: 140000.0 | Long Pos Open: False
2025-08-12 20:52:28,995 - TradingThread - INFO - Price: 119277.2 | Long Target: 140000.0 | Long Pos Open: False
2025-08-12 20:52:29,094 - TradingThread - INFO - Price: 119277.2 | Long Target: 140000.0 | Long Pos Open: False
2025-08-12 20:52:29,194 - TradingThread - INFO - Price: 119277.2 | Long Target: 140000.0 | Long Pos Open: False
2025-08-12 20:52:29,294 - TradingThread - INFO - Price: 119277.2 | Long Target: 140000.0 | Long Pos Open: False
2025-08-12 20:52:29,394 - TradingThread - INFO - Price: 119277.2 | Long Target: 140000.0 | Long Pos Open: False
2025-08-12 20:52:29,494 - TradingThread - INFO - Price: 119290.0 | Long Target: 140000.0 | Long Pos Open: False
2025-08-12 20:52:29,594 - TradingThread - INFO - Price: 119296.0 | Long Target: 140000.0 | Long Pos Open: False
2025-08-12 20:52:29,694 - TradingThread - INFO - Price: 119296.8 | Long Target: 140000.0 | Long Pos Open: False
2025-08-12 20:52:29,795 - TradingThread - INFO - Price: 119296.8 | Long Target: 140000.0 | Long Pos Open: False
2025-08-12 20:52:29,895 - TradingThread - INFO - Price: 119298.7 | Long Target: 140000.0 | Long Pos Open: False
2025-08-12 20:52:29,994 - TradingThread - INFO - Price: 119298.7 | Long Target: 140000.0 | Long Pos Open: False
2025-08-12 20:52:30,094 - TradingThread - INFO - Price: 119298.8 | Long Target: 140000.0 | Long Pos Open: False
2025-08-12 20:52:30,195 - TradingThread - INFO - Price: 119301.0 | Long Target: 140000.0 | Long Pos Open: False
2025-08-12 20:52:30,294 - TradingThread - INFO - Price: 119301.0 | Long Target: 140000.0 | Long Pos Open: False
2025-08-12 20:52:30,394 - TradingThread - INFO - Price: 119304.9 | Long Target: 140000.0 | Long Pos Open: False
2025-08-12 20:52:30,494 - TradingThread - INFO - Price: 119304.8 | Long Target: 140000.0 | Long Pos Open: False
2025-08-12 20:52:30,595 - TradingThread - INFO - Price: 119304.8 | Long Target: 140000.0 | Long Pos Open: False
2025-08-12 20:52:30,694 - TradingThread - INFO - Price: 119304.8 | Long Target: 140000.0 | Long Pos Open: False
2025-08-12 20:52:30,794 - TradingThread - INFO - Price: 119304.8 | Long Target: 140000.0 | Long Pos Open: False
2025-08-12 20:52:30,895 - TradingThread - INFO - Price: 119304.8 | Long Target: 140000.0 | Long Pos Open: False
2025-08-12 20:52:30,994 - TradingThread - INFO - Price: 119304.8 | Long Target: 140000.0 | Long Pos Open: False
2025-08-12 20:52:31,094 - TradingThread - INFO - Price: 119304.8 | Long Target: 140000.0 | Long Pos Open: False
2025-08-12 20:52:31,195 - TradingThread - INFO - Price: 119304.8 | Long Target: 140000.0 | Long Pos Open: False
2025-08-12 20:52:31,295 - TradingThread - INFO - Price: 119304.8 | Long Target: 140000.0 | Long Pos Open: False
2025-08-12 20:52:31,394 - TradingThread - INFO - Price: 119304.9 | Long Target: 140000.0 | Long Pos Open: False
2025-08-12 20:52:31,494 - TradingThread - INFO - Price: 119304.9 | Long Target: 140000.0 | Long Pos Open: False
2025-08-12 20:52:31,594 - TradingThread - INFO - Price: 119304.9 | Long Target: 140000.0 | Long Pos Open: False
2025-08-12 20:52:31,694 - TradingThread - INFO - Price: 119304.9 | Long Target: 140000.0 | Long Pos Open: False
2025-08-12 20:52:31,795 - TradingThread - INFO - Price: 119304.9 | Long Target: 140000.0 | Long Pos Open: False
2025-08-12 20:52:31,895 - TradingThread - INFO - Price: 119304.9 | Long Target: 140000.0 | Long Pos Open: False
2025-08-12 20:52:31,995 - TradingThread - INFO - Price: 119305.0 | Long Target: 140000.0 | Long Pos Open: False
2025-08-12 20:52:32,094 - TradingThread - INFO - Price: 119305.0 | Long Target: 140000.0 | Long Pos Open: False
2025-08-12 20:52:32,194 - TradingThread - INFO - Price: 119305.0 | Long Target: 140000.0 | Long Pos Open: False
2025-08-12 20:52:32,295 - TradingThread - INFO - Price: 119304.8 | Long Target: 140000.0 | Long Pos Open: False
2025-08-12 20:52:32,394 - TradingThread - INFO - Price: 119304.8 | Long Target: 140000.0 | Long Pos Open: False
2025-08-12 20:52:32,497 - TradingThread - INFO - Price: 119304.8 | Long Target: 140000.0 | Long Pos Open: False
2025-08-12 20:52:32,594 - TradingThread - INFO - Price: 119304.8 | Long Target: 140000.0 | Long Pos Open: False
2025-08-12 20:52:32,694 - TradingThread - INFO - Price: 119304.8 | Long Target: 140000.0 | Long Pos Open: False
2025-08-12 20:52:32,794 - TradingThread - INFO - Price: 119304.8 | Long Target: 140000.0 | Long Pos Open: False
2025-08-12 20:52:32,894 - TradingThread - INFO - Price: 119304.8 | Long Target: 140000.0 | Long Pos Open: False
2025-08-12 20:52:32,994 - TradingThread - INFO - Price: 119304.8 | Long Target: 140000.0 | Long Pos Open: False
2025-08-12 20:52:33,095 - TradingThread - INFO - Price: 119304.8 | Long Target: 140000.0 | Long Pos Open: False
2025-08-12 20:52:33,197 - TradingThread - INFO - Price: 119304.8 | Long Target: 140000.0 | Long Pos Open: False
2025-08-12 20:52:33,294 - TradingThread - INFO - Price: 119304.8 | Long Target: 140000.0 | Long Pos Open: False
2025-08-12 20:52:33,395 - TradingThread - INFO - Price: 119304.8 | Long Target: 140000.0 | Long Pos Open: False
2025-08-12 20:52:33,494 - TradingThread - INFO - Price: 119304.8 | Long Target: 140000.0 | Long Pos Open: False
2025-08-12 20:52:33,595 - TradingThread - INFO - Price: 119304.8 | Long Target: 140000.0 | Long Pos Open: False
2025-08-12 20:52:33,694 - TradingThread - INFO - Price: 119304.8 | Long Target: 140000.0 | Long Pos Open: False
2025-08-12 20:52:33,795 - TradingThread - INFO - Price: 119304.8 | Long Target: 140000.0 | Long Pos Open: False
2025-08-12 20:52:33,895 - TradingThread - INFO - Price: 119304.8 | Long Target: 140000.0 | Long Pos Open: False
2025-08-12 20:52:33,994 - TradingThread - INFO - Price: 119304.8 | Long Target: 140000.0 | Long Pos Open: False
2025-08-12 20:52:34,094 - TradingThread - INFO - Price: 119304.8 | Long Target: 140000.0 | Long Pos Open: False
2025-08-12 20:52:34,194 - TradingThread - INFO - Price: 119300.0 | Long Target: 140000.0 | Long Pos Open: False
2025-08-12 20:52:34,294 - TradingThread - INFO - Price: 119290.2 | Long Target: 140000.0 | Long Pos Open: False
2025-08-12 20:52:34,394 - TradingThread - INFO - Price: 119288.4 | Long Target: 140000.0 | Long Pos Open: False
2025-08-12 20:52:34,495 - TradingThread - INFO - Price: 119288.4 | Long Target: 140000.0 | Long Pos Open: False
2025-08-12 20:52:34,595 - TradingThread - INFO - Price: 119288.1 | Long Target: 140000.0 | Long Pos Open: False
2025-08-12 20:52:34,694 - TradingThread - INFO - Price: 119288.1 | Long Target: 140000.0 | Long Pos Open: False
2025-08-12 20:52:34,796 - TradingThread - INFO - Price: 119288.1 | Long Target: 140000.0 | Long Pos Open: False
2025-08-12 20:52:34,898 - TradingThread - INFO - Price: 119288.0 | Long Target: 140000.0 | Long Pos Open: False
2025-08-12 20:52:34,994 - TradingThread - INFO - Price: 119288.0 | Long Target: 140000.0 | Long Pos Open: False
2025-08-12 20:52:35,094 - TradingThread - INFO - Price: 119288.0 | Long Target: 140000.0 | Long Pos Open: False
2025-08-12 20:52:35,194 - TradingThread - INFO - Price: 119288.0 | Long Target: 140000.0 | Long Pos Open: False
2025-08-12 20:52:35,294 - TradingThread - INFO - Price: 119288.0 | Long Target: 140000.0 | Long Pos Open: False
2025-08-12 20:52:35,394 - TradingThread - INFO - Price: 119288.0 | Long Target: 140000.0 | Long Pos Open: False
2025-08-12 20:52:35,494 - TradingThread - INFO - Price: 119285.8 | Long Target: 140000.0 | Long Pos Open: False
2025-08-12 20:52:35,594 - TradingThread - INFO - Price: 119285.8 | Long Target: 140000.0 | Long Pos Open: False
2025-08-12 20:52:35,694 - TradingThread - INFO - Price: 119285.8 | Long Target: 140000.0 | Long Pos Open: False
2025-08-12 20:52:35,794 - TradingThread - INFO - Price: 119285.8 | Long Target: 140000.0 | Long Pos Open: False
2025-08-12 20:52:35,895 - TradingThread - INFO - Price: 119285.8 | Long Target: 140000.0 | Long Pos Open: False
2025-08-12 20:52:35,995 - TradingThread - INFO - Price: 119285.8 | Long Target: 140000.0 | Long Pos Open: False
2025-08-12 20:52:36,095 - TradingThread - INFO - Price: 119285.8 | Long Target: 140000.0 | Long Pos Open: False
2025-08-12 20:52:36,195 - TradingThread - INFO - Price: 119285.8 | Long Target: 140000.0 | Long Pos Open: False
2025-08-12 20:52:36,295 - TradingThread - INFO - Price: 119285.8 | Long Target: 140000.0 | Long Pos Open: False
2025-08-12 20:52:36,394 - TradingThread - INFO - Price: 119285.8 | Long Target: 140000.0 | Long Pos Open: False
2025-08-12 20:52:36,494 - TradingThread - INFO - Price: 119285.8 | Long Target: 140000.0 | Long Pos Open: False
2025-08-12 20:52:36,594 - TradingThread - INFO - Price: 119285.8 | Long Target: 140000.0 | Long Pos Open: False
2025-08-12 20:52:36,695 - TradingThread - INFO - Price: 119285.8 | Long Target: 140000.0 | Long Pos Open: False
2025-08-12 20:52:36,794 - TradingThread - INFO - Price: 119285.8 | Long Target: 140000.0 | Long Pos Open: False
2025-08-12 20:52:36,894 - TradingThread - INFO - Price: 119285.8 | Long Target: 140000.0 | Long Pos Open: False
2025-08-12 20:52:36,996 - TradingThread - INFO - Price: 119285.8 | Long Target: 140000.0 | Long Pos Open: False
2025-08-12 20:52:37,095 - TradingThread - INFO - Price: 119285.8 | Long Target: 140000.0 | Long Pos Open: False
2025-08-12 20:52:37,194 - TradingThread - INFO - Price: 119285.8 | Long Target: 140000.0 | Long Pos Open: False
2025-08-12 20:52:37,395 - TradingThread - INFO - Price: 119285.8 | Long Target: 140000.0 | Long Pos Open: False
2025-08-12 20:52:37,495 - TradingThread - INFO - Price: 119285.8 | Long Target: 140000.0 | Long Pos Open: False
2025-08-12 20:52:37,595 - TradingThread - INFO - Price: 119285.8 | Long Target: 140000.0 | Long Pos Open: False
2025-08-12 20:52:37,695 - TradingThread - INFO - Price: 119285.8 | Long Target: 140000.0 | Long Pos Open: False
2025-08-12 20:52:37,794 - TradingThread - INFO - Price: 119285.8 | Long Target: 140000.0 | Long Pos Open: False
2025-08-12 20:52:37,894 - TradingThread - INFO - Price: 119285.8 | Long Target: 140000.0 | Long Pos Open: False
2025-08-12 20:52:37,994 - TradingThread - INFO - Price: 119285.8 | Long Target: 140000.0 | Long Pos Open: False
2025-08-12 20:52:38,194 - TradingThread - INFO - Price: 119285.8 | Long Target: 140000.0 | Long Pos Open: False
2025-08-12 20:52:38,294 - TradingThread - INFO - Price: 119285.8 | Long Target: 140000.0 | Long Pos Open: False
2025-08-12 20:52:38,394 - TradingThread - INFO - Price: 119285.8 | Long Target: 140000.0 | Long Pos Open: False
2025-08-12 20:52:38,495 - TradingThread - INFO - Price: 119285.7 | Long Target: 140000.0 | Long Pos Open: False
2025-08-12 20:52:38,595 - TradingThread - INFO - Price: 119285.7 | Long Target: 140000.0 | Long Pos Open: False
2025-08-12 20:52:38,695 - TradingThread - INFO - Price: 119285.8 | Long Target: 140000.0 | Long Pos Open: False
2025-08-12 20:52:38,794 - TradingThread - INFO - Price: 119285.8 | Long Target: 140000.0 | Long Pos Open: False
2025-08-12 20:52:38,894 - TradingThread - INFO - Price: 119285.8 | Long Target: 140000.0 | Long Pos Open: False
2025-08-12 20:52:38,994 - TradingThread - INFO - Price: 119285.8 | Long Target: 140000.0 | Long Pos Open: False
2025-08-12 20:52:39,094 - TradingThread - INFO - Price: 119285.8 | Long Target: 140000.0 | Long Pos Open: False
2025-08-12 20:52:39,195 - TradingThread - INFO - Price: 119285.8 | Long Target: 140000.0 | Long Pos Open: False
2025-08-12 20:52:39,397 - TradingThread - INFO - Price: 119285.8 | Long Target: 140000.0 | Long Pos Open: False
2025-08-12 20:52:39,793 - TradingThread - INFO - Price: 119285.8 | Long Target: 140000.0 | Long Pos Open: False
2025-08-12 20:52:39,894 - TradingThread - INFO - Price: 119285.8 | Long Target: 140000.0 | Long Pos Open: False
2025-08-12 20:52:39,993 - TradingThread - INFO - Price: 119285.8 | Long Target: 140000.0 | Long Pos Open: False
2025-08-12 20:52:40,195 - TradingThread - INFO - Price: 119285.8 | Long Target: 140000.0 | Long Pos Open: False
2025-08-12 20:52:40,294 - TradingThread - INFO - Price: 119288.0 | Long Target: 140000.0 | Long Pos Open: False
2025-08-12 20:52:40,394 - TradingThread - INFO - Price: 119288.0 | Long Target: 140000.0 | Long Pos Open: False
2025-08-12 20:52:40,493 - TradingThread - INFO - Price: 119288.1 | Long Target: 140000.0 | Long Pos Open: False
2025-08-12 20:52:40,594 - TradingThread - INFO - Price: 119288.1 | Long Target: 140000.0 | Long Pos Open: False
2025-08-12 20:52:40,694 - TradingThread - INFO - Price: 119288.1 | Long Target: 140000.0 | Long Pos Open: False
2025-08-12 20:52:40,794 - TradingThread - INFO - Price: 119288.0 | Long Target: 140000.0 | Long Pos Open: False
2025-08-12 20:52:40,893 - TradingThread - INFO - Price: 119288.0 | Long Target: 140000.0 | Long Pos Open: False
2025-08-12 20:52:41,094 - TradingThread - INFO - Price: 119288.0 | Long Target: 140000.0 | Long Pos Open: False
2025-08-12 20:52:41,194 - TradingThread - INFO - Price: 119296.5 | Long Target: 140000.0 | Long Pos Open: False
2025-08-12 20:52:41,294 - TradingThread - INFO - Price: 119296.5 | Long Target: 140000.0 | Long Pos Open: False
2025-08-12 20:52:41,394 - TradingThread - INFO - Price: 119296.5 | Long Target: 140000.0 | Long Pos Open: False
2025-08-12 20:52:41,493 - TradingThread - INFO - Price: 119296.5 | Long Target: 140000.0 | Long Pos Open: False
2025-08-12 20:52:41,595 - TradingThread - INFO - Price: 119296.5 | Long Target: 140000.0 | Long Pos Open: False
2025-08-12 20:52:41,894 - TradingThread - INFO - Price: 119296.5 | Long Target: 140000.0 | Long Pos Open: False
2025-08-12 20:52:41,994 - TradingThread - INFO - Price: 119296.6 | Long Target: 140000.0 | Long Pos Open: False
2025-08-12 20:52:42,094 - TradingThread - INFO - Price: 119296.7 | Long Target: 140000.0 | Long Pos Open: False
2025-08-12 20:52:42,194 - TradingThread - INFO - Price: 119296.7 | Long Target: 140000.0 | Long Pos Open: False
2025-08-12 20:52:42,295 - TradingThread - INFO - Price: 119306.9 | Long Target: 140000.0 | Long Pos Open: False
2025-08-12 20:52:42,393 - TradingThread - INFO - Price: 119306.9 | Long Target: 140000.0 | Long Pos Open: False
2025-08-12 20:52:42,494 - TradingThread - INFO - Price: 119306.9 | Long Target: 140000.0 | Long Pos Open: False
2025-08-12 20:52:42,594 - TradingThread - INFO - Price: 119306.9 | Long Target: 140000.0 | Long Pos Open: False
2025-08-12 20:52:42,693 - TradingThread - INFO - Price: 119306.9 | Long Target: 140000.0 | Long Pos Open: False
2025-08-12 20:52:42,794 - TradingThread - INFO - Price: 119306.9 | Long Target: 140000.0 | Long Pos Open: False
2025-08-12 20:52:42,893 - TradingThread - INFO - Price: 119306.9 | Long Target: 140000.0 | Long Pos Open: False
2025-08-12 20:52:42,995 - TradingThread - INFO - Price: 119306.9 | Long Target: 140000.0 | Long Pos Open: False
2025-08-12 20:52:43,094 - TradingThread - INFO - Price: 119306.9 | Long Target: 140000.0 | Long Pos Open: False
2025-08-12 20:52:43,194 - TradingThread - INFO - Price: 119306.9 | Long Target: 140000.0 | Long Pos Open: False
2025-08-12 20:52:43,293 - TradingThread - INFO - Price: 119306.9 | Long Target: 140000.0 | Long Pos Open: False
2025-08-12 20:52:43,394 - TradingThread - INFO - Price: 119306.9 | Long Target: 140000.0 | Long Pos Open: False
2025-08-12 20:52:43,594 - TradingThread - INFO - Price: 119306.9 | Long Target: 140000.0 | Long Pos Open: False
2025-08-12 20:52:43,694 - TradingThread - INFO - Price: 119306.9 | Long Target: 140000.0 | Long Pos Open: False
2025-08-12 20:52:43,794 - TradingThread - INFO - Price: 119299.9 | Long Target: 140000.0 | Long Pos Open: False
2025-08-12 20:52:43,895 - TradingThread - INFO - Price: 119299.9 | Long Target: 140000.0 | Long Pos Open: False
2025-08-12 20:52:43,994 - TradingThread - INFO - Price: 119299.9 | Long Target: 140000.0 | Long Pos Open: False
2025-08-12 20:52:44,094 - TradingThread - INFO - Price: 119293.1 | Long Target: 140000.0 | Long Pos Open: False
2025-08-12 20:52:44,194 - TradingThread - INFO - Price: 119293.1 | Long Target: 140000.0 | Long Pos Open: False
2025-08-12 20:52:44,294 - TradingThread - INFO - Price: 119293.1 | Long Target: 140000.0 | Long Pos Open: False
2025-08-12 20:52:44,393 - TradingThread - INFO - Price: 119293.1 | Long Target: 140000.0 | Long Pos Open: False
2025-08-12 20:52:44,593 - TradingThread - INFO - Price: 119293.1 | Long Target: 140000.0 | Long Pos Open: False
2025-08-12 20:52:44,693 - TradingThread - INFO - Price: 119293.1 | Long Target: 140000.0 | Long Pos Open: False
2025-08-12 20:52:44,793 - TradingThread - INFO - Price: 119293.1 | Long Target: 140000.0 | Long Pos Open: False
2025-08-12 20:52:44,894 - TradingThread - INFO - Price: 119293.1 | Long Target: 140000.0 | Long Pos Open: False
2025-08-12 20:52:44,994 - TradingThread - INFO - Price: 119293.1 | Long Target: 140000.0 | Long Pos Open: False
2025-08-12 20:52:45,193 - TradingThread - INFO - Price: 119293.1 | Long Target: 140000.0 | Long Pos Open: False
2025-08-12 20:52:45,394 - TradingThread - INFO - Price: 119293.1 | Long Target: 140000.0 | Long Pos Open: False
2025-08-12 20:52:45,493 - TradingThread - INFO - Price: 119293.1 | Long Target: 140000.0 | Long Pos Open: False
2025-08-12 20:52:45,594 - TradingThread - INFO - Price: 119293.1 | Long Target: 140000.0 | Long Pos Open: False
2025-08-12 20:52:45,694 - TradingThread - INFO - Price: 119293.1 | Long Target: 140000.0 | Long Pos Open: False
2025-08-12 20:52:45,793 - TradingThread - INFO - Price: 119293.1 | Long Target: 140000.0 | Long Pos Open: False
2025-08-12 20:52:45,893 - TradingThread - INFO - Price: 119293.1 | Long Target: 140000.0 | Long Pos Open: False
2025-08-12 20:52:46,194 - TradingThread - INFO - Price: 119293.1 | Long Target: 140000.0 | Long Pos Open: False
2025-08-12 20:52:46,293 - TradingThread - INFO - Price: 119293.1 | Long Target: 140000.0 | Long Pos Open: False
2025-08-12 20:52:46,393 - TradingThread - INFO - Price: 119293.1 | Long Target: 140000.0 | Long Pos Open: False
2025-08-12 20:52:46,493 - TradingThread - INFO - Price: 119293.1 | Long Target: 140000.0 | Long Pos Open: False
2025-08-12 20:52:46,593 - TradingThread - INFO - Price: 119293.1 | Long Target: 140000.0 | Long Pos Open: False
2025-08-12 20:52:46,693 - TradingThread - INFO - Price: 119293.1 | Long Target: 140000.0 | Long Pos Open: False
2025-08-12 20:52:46,893 - TradingThread - INFO - Price: 119287.8 | Long Target: 140000.0 | Long Pos Open: False
2025-08-12 20:52:46,993 - TradingThread - INFO - Price: 119287.8 | Long Target: 140000.0 | Long Pos Open: False
2025-08-12 20:52:47,094 - TradingThread - INFO - Price: 119287.7 | Long Target: 140000.0 | Long Pos Open: False
2025-08-12 20:52:47,193 - TradingThread - INFO - Price: 119287.7 | Long Target: 140000.0 | Long Pos Open: False
2025-08-12 20:52:47,394 - TradingThread - INFO - Price: 119287.7 | Long Target: 140000.0 | Long Pos Open: False
2025-08-12 20:52:47,494 - TradingThread - INFO - Price: 119287.7 | Long Target: 140000.0 | Long Pos Open: False
2025-08-12 20:52:47,693 - TradingThread - INFO - Price: 119287.7 | Long Target: 140000.0 | Long Pos Open: False
2025-08-12 20:52:47,794 - TradingThread - INFO - Price: 119287.8 | Long Target: 140000.0 | Long Pos Open: False
2025-08-12 20:52:47,893 - TradingThread - INFO - Price: 119287.8 | Long Target: 140000.0 | Long Pos Open: False
2025-08-12 20:52:47,993 - TradingThread - INFO - Price: 119287.8 | Long Target: 140000.0 | Long Pos Open: False
2025-08-12 20:52:48,094 - TradingThread - INFO - Price: 119287.8 | Long Target: 140000.0 | Long Pos Open: False
2025-08-12 20:52:48,194 - TradingThread - INFO - Price: 119287.8 | Long Target: 140000.0 | Long Pos Open: False
2025-08-12 20:52:48,294 - TradingThread - INFO - Price: 119287.8 | Long Target: 140000.0 | Long Pos Open: False
2025-08-12 20:52:48,394 - TradingThread - INFO - Price: 119287.8 | Long Target: 140000.0 | Long Pos Open: False
2025-08-12 20:52:48,494 - TradingThread - INFO - Price: 119287.8 | Long Target: 140000.0 | Long Pos Open: False
2025-08-12 20:52:48,794 - TradingThread - INFO - Price: 119287.8 | Long Target: 140000.0 | Long Pos Open: False
2025-08-12 20:52:48,895 - TradingThread - INFO - Price: 119287.8 | Long Target: 140000.0 | Long Pos Open: False
2025-08-12 20:52:49,094 - TradingThread - INFO - Price: 119287.8 | Long Target: 140000.0 | Long Pos Open: False
2025-08-12 20:52:49,197 - TradingThread - INFO - Price: 119287.8 | Long Target: 140000.0 | Long Pos Open: False
2025-08-12 20:52:49,294 - TradingThread - INFO - Price: 119287.8 | Long Target: 140000.0 | Long Pos Open: False
2025-08-12 20:52:49,394 - TradingThread - INFO - Price: 119287.8 | Long Target: 140000.0 | Long Pos Open: False
2025-08-12 20:52:49,493 - TradingThread - INFO - Price: 119277.3 | Long Target: 140000.0 | Long Pos Open: False
2025-08-12 20:52:49,593 - TradingThread - INFO - Price: 119277.3 | Long Target: 140000.0 | Long Pos Open: False
2025-08-12 20:52:49,693 - TradingThread - INFO - Price: 119277.3 | Long Target: 140000.0 | Long Pos Open: False
2025-08-12 20:52:49,793 - TradingThread - INFO - Price: 119277.3 | Long Target: 140000.0 | Long Pos Open: False
2025-08-12 20:52:49,893 - TradingThread - INFO - Price: 119277.3 | Long Target: 140000.0 | Long Pos Open: False
2025-08-12 20:52:49,993 - TradingThread - INFO - Price: 119277.3 | Long Target: 140000.0 | Long Pos Open: False
2025-08-12 20:52:50,093 - TradingThread - INFO - Price: 119277.3 | Long Target: 140000.0 | Long Pos Open: False
2025-08-12 20:52:50,194 - TradingThread - INFO - Price: 119277.3 | Long Target: 140000.0 | Long Pos Open: False
2025-08-12 20:52:50,294 - TradingThread - INFO - Price: 119277.3 | Long Target: 140000.0 | Long Pos Open: False
2025-08-12 20:52:50,393 - TradingThread - INFO - Price: 119277.3 | Long Target: 140000.0 | Long Pos Open: False
2025-08-12 20:52:50,493 - TradingThread - INFO - Price: 119277.3 | Long Target: 140000.0 | Long Pos Open: False
2025-08-12 20:52:50,594 - TradingThread - INFO - Price: 119277.3 | Long Target: 140000.0 | Long Pos Open: False
2025-08-12 20:52:50,693 - TradingThread - INFO - Price: 119277.2 | Long Target: 140000.0 | Long Pos Open: False
2025-08-12 20:52:50,794 - TradingThread - INFO - Price: 119277.3 | Long Target: 140000.0 | Long Pos Open: False
2025-08-12 20:52:50,894 - TradingThread - INFO - Price: 119277.2 | Long Target: 140000.0 | Long Pos Open: False
2025-08-12 20:52:50,994 - TradingThread - INFO - Price: 119277.2 | Long Target: 140000.0 | Long Pos Open: False
2025-08-12 20:52:51,193 - TradingThread - INFO - Price: 119277.2 | Long Target: 140000.0 | Long Pos Open: False
2025-08-12 20:52:51,294 - TradingThread - INFO - Price: 119277.2 | Long Target: 140000.0 | Long Pos Open: False
2025-08-12 20:52:51,394 - TradingThread - INFO - Price: 119277.2 | Long Target: 140000.0 | Long Pos Open: False
2025-08-12 20:52:51,493 - TradingThread - INFO - Price: 119277.2 | Long Target: 140000.0 | Long Pos Open: False
2025-08-12 20:52:51,793 - TradingThread - INFO - Price: 119277.2 | Long Target: 140000.0 | Long Pos Open: False
2025-08-12 20:52:52,093 - TradingThread - INFO - Price: 119277.2 | Long Target: 140000.0 | Long Pos Open: False
2025-08-12 20:52:52,193 - TradingThread - INFO - Price: 119272.8 | Long Target: 140000.0 | Long Pos Open: False
2025-08-12 20:52:52,293 - TradingThread - INFO - Price: 119271.4 | Long Target: 140000.0 | Long Pos Open: False
2025-08-12 20:52:52,393 - TradingThread - INFO - Price: 119271.4 | Long Target: 140000.0 | Long Pos Open: False
2025-08-12 20:52:52,493 - TradingThread - INFO - Price: 119271.4 | Long Target: 140000.0 | Long Pos Open: False
2025-08-12 20:52:52,594 - TradingThread - INFO - Price: 119271.3 | Long Target: 140000.0 | Long Pos Open: False
2025-08-12 20:52:52,693 - TradingThread - INFO - Price: 119271.3 | Long Target: 140000.0 | Long Pos Open: False
2025-08-12 20:52:52,793 - TradingThread - INFO - Price: 119271.3 | Long Target: 140000.0 | Long Pos Open: False
2025-08-12 20:52:52,893 - TradingThread - INFO - Price: 119271.3 | Long Target: 140000.0 | Long Pos Open: False
2025-08-12 20:52:52,993 - TradingThread - INFO - Price: 119271.3 | Long Target: 140000.0 | Long Pos Open: False
2025-08-12 20:52:53,093 - TradingThread - INFO - Price: 119271.3 | Long Target: 140000.0 | Long Pos Open: False
2025-08-12 20:52:53,193 - TradingThread - INFO - Price: 119271.3 | Long Target: 140000.0 | Long Pos Open: False
2025-08-12 20:52:53,294 - TradingThread - INFO - Price: 119271.3 | Long Target: 140000.0 | Long Pos Open: False
2025-08-12 20:52:53,393 - TradingThread - INFO - Price: 119271.4 | Long Target: 140000.0 | Long Pos Open: False
2025-08-12 20:52:53,493 - TradingThread - INFO - Price: 119271.4 | Long Target: 140000.0 | Long Pos Open: False
2025-08-12 20:52:53,594 - TradingThread - INFO - Price: 119271.3 | Long Target: 140000.0 | Long Pos Open: False
2025-08-12 20:52:53,693 - TradingThread - INFO - Price: 119271.3 | Long Target: 140000.0 | Long Pos Open: False
2025-08-12 20:52:53,794 - TradingThread - INFO - Price: 119271.3 | Long Target: 140000.0 | Long Pos Open: False
2025-08-12 20:52:53,893 - TradingThread - INFO - Price: 119271.3 | Long Target: 140000.0 | Long Pos Open: False
2025-08-12 20:52:53,993 - TradingThread - INFO - Price: 119271.3 | Long Target: 140000.0 | Long Pos Open: False
2025-08-12 20:52:54,093 - TradingThread - INFO - Price: 119271.3 | Long Target: 140000.0 | Long Pos Open: False
2025-08-12 20:52:54,193 - TradingThread - INFO - Price: 119271.3 | Long Target: 140000.0 | Long Pos Open: False
2025-08-12 20:52:54,493 - TradingThread - INFO - Price: 119271.3 | Long Target: 140000.0 | Long Pos Open: False
2025-08-12 20:52:54,594 - TradingThread - INFO - Price: 119271.3 | Long Target: 140000.0 | Long Pos Open: False
2025-08-12 20:52:54,693 - TradingThread - INFO - Price: 119271.3 | Long Target: 140000.0 | Long Pos Open: False
2025-08-12 20:52:54,794 - TradingThread - INFO - Price: 119271.3 | Long Target: 140000.0 | Long Pos Open: False
2025-08-12 20:52:54,893 - TradingThread - INFO - Price: 119271.4 | Long Target: 140000.0 | Long Pos Open: False
2025-08-12 20:52:54,993 - TradingThread - INFO - Price: 119274.4 | Long Target: 140000.0 | Long Pos Open: False
2025-08-12 20:52:55,093 - TradingThread - INFO - Price: 119274.5 | Long Target: 140000.0 | Long Pos Open: False
2025-08-12 20:52:55,193 - TradingThread - INFO - Price: 119274.5 | Long Target: 140000.0 | Long Pos Open: False
2025-08-12 20:52:55,293 - TradingThread - INFO - Price: 119274.4 | Long Target: 140000.0 | Long Pos Open: False
2025-08-12 20:52:55,393 - TradingThread - INFO - Price: 119274.4 | Long Target: 140000.0 | Long Pos Open: False
2025-08-12 20:52:55,593 - TradingThread - INFO - Price: 119274.4 | Long Target: 140000.0 | Long Pos Open: False
2025-08-12 20:52:55,693 - TradingThread - INFO - Price: 119274.4 | Long Target: 140000.0 | Long Pos Open: False
2025-08-12 20:52:55,794 - TradingThread - INFO - Price: 119274.4 | Long Target: 140000.0 | Long Pos Open: False
2025-08-12 20:52:55,893 - TradingThread - INFO - Price: 119274.4 | Long Target: 140000.0 | Long Pos Open: False
2025-08-12 20:52:55,993 - TradingThread - INFO - Price: 119274.4 | Long Target: 140000.0 | Long Pos Open: False
2025-08-12 20:52:56,193 - TradingThread - INFO - Price: 119274.4 | Long Target: 140000.0 | Long Pos Open: False
2025-08-12 20:52:56,293 - TradingThread - INFO - Price: 119274.4 | Long Target: 140000.0 | Long Pos Open: False
2025-08-12 20:52:56,493 - TradingThread - INFO - Price: 119274.4 | Long Target: 140000.0 | Long Pos Open: False
2025-08-12 20:52:56,594 - TradingThread - INFO - Price: 119274.4 | Long Target: 140000.0 | Long Pos Open: False
2025-08-12 20:52:56,693 - TradingThread - INFO - Price: 119274.4 | Long Target: 140000.0 | Long Pos Open: False
2025-08-12 20:52:56,895 - TradingThread - INFO - Price: 119274.4 | Long Target: 140000.0 | Long Pos Open: False
2025-08-12 20:52:56,993 - TradingThread - INFO - Price: 119274.4 | Long Target: 140000.0 | Long Pos Open: False
2025-08-12 20:52:57,093 - TradingThread - INFO - Price: 119274.5 | Long Target: 140000.0 | Long Pos Open: False
2025-08-12 20:52:57,194 - TradingThread - INFO - Price: 119274.5 | Long Target: 140000.0 | Long Pos Open: False
2025-08-12 20:52:57,293 - TradingThread - INFO - Price: 119274.5 | Long Target: 140000.0 | Long Pos Open: False
2025-08-12 20:52:57,593 - TradingThread - INFO - Price: 119274.5 | Long Target: 140000.0 | Long Pos Open: False
2025-08-12 20:52:57,793 - TradingThread - INFO - Price: 119274.5 | Long Target: 140000.0 | Long Pos Open: False
2025-08-12 20:52:57,894 - TradingThread - INFO - Price: 119274.5 | Long Target: 140000.0 | Long Pos Open: False
2025-08-12 20:52:58,093 - TradingThread - INFO - Price: 119274.5 | Long Target: 140000.0 | Long Pos Open: False
2025-08-12 20:52:58,193 - TradingThread - INFO - Price: 119274.4 | Long Target: 140000.0 | Long Pos Open: False
2025-08-12 20:52:58,293 - TradingThread - INFO - Price: 119274.4 | Long Target: 140000.0 | Long Pos Open: False
2025-08-12 20:52:58,393 - TradingThread - INFO - Price: 119274.4 | Long Target: 140000.0 | Long Pos Open: False
2025-08-12 20:52:58,493 - TradingThread - INFO - Price: 119274.4 | Long Target: 140000.0 | Long Pos Open: False
2025-08-12 20:52:58,593 - TradingThread - INFO - Price: 119274.4 | Long Target: 140000.0 | Long Pos Open: False
2025-08-12 20:52:58,693 - TradingThread - INFO - Price: 119274.4 | Long Target: 140000.0 | Long Pos Open: False
2025-08-12 20:52:58,994 - TradingThread - INFO - Price: 119274.4 | Long Target: 140000.0 | Long Pos Open: False
2025-08-12 20:52:59,093 - TradingThread - INFO - Price: 119274.4 | Long Target: 140000.0 | Long Pos Open: False
2025-08-12 20:52:59,193 - TradingThread - INFO - Price: 119274.4 | Long Target: 140000.0 | Long Pos Open: False
2025-08-12 20:52:59,293 - TradingThread - INFO - Price: 119274.4 | Long Target: 140000.0 | Long Pos Open: False
2025-08-12 20:52:59,394 - TradingThread - INFO - Price: 119274.4 | Long Target: 140000.0 | Long Pos Open: False
2025-08-12 20:52:59,693 - TradingThread - INFO - Price: 119274.4 | Long Target: 140000.0 | Long Pos Open: False
2025-08-12 20:52:59,892 - TradingThread - INFO - Price: 119274.5 | Long Target: 140000.0 | Long Pos Open: False
2025-08-12 20:52:59,993 - TradingThread - INFO - Price: 119274.5 | Long Target: 140000.0 | Long Pos Open: False
2025-08-12 20:53:00,193 - TradingThread - INFO - Price: 119274.5 | Long Target: 140000.0 | Long Pos Open: False
2025-08-12 20:53:00,294 - TradingThread - INFO - Price: 119274.5 | Long Target: 140000.0 | Long Pos Open: False
2025-08-12 20:53:00,392 - TradingThread - INFO - Price: 119274.5 | Long Target: 140000.0 | Long Pos Open: False
2025-08-12 20:53:00,492 - TradingThread - INFO - Price: 119274.5 | Long Target: 140000.0 | Long Pos Open: False
2025-08-12 20:53:00,593 - TradingThread - INFO - Price: 119276.0 | Long Target: 140000.0 | Long Pos Open: False
2025-08-12 20:53:00,693 - TradingThread - INFO - Price: 119276.0 | Long Target: 140000.0 | Long Pos Open: False
2025-08-12 20:53:00,793 - TradingThread - INFO - Price: 119276.0 | Long Target: 140000.0 | Long Pos Open: False
2025-08-12 20:53:00,993 - TradingThread - INFO - Price: 119276.1 | Long Target: 140000.0 | Long Pos Open: False
2025-08-12 20:53:01,093 - TradingThread - INFO - Price: 119276.1 | Long Target: 140000.0 | Long Pos Open: False
2025-08-12 20:53:01,198 - TradingThread - INFO - Price: 119276.1 | Long Target: 140000.0 | Long Pos Open: False
2025-08-12 20:53:01,593 - TradingThread - INFO - Price: 119276.1 | Long Target: 140000.0 | Long Pos Open: False
2025-08-12 20:53:01,693 - TradingThread - INFO - Price: 119276.1 | Long Target: 140000.0 | Long Pos Open: False
2025-08-12 20:53:01,793 - TradingThread - INFO - Price: 119276.0 | Long Target: 140000.0 | Long Pos Open: False
2025-08-12 20:53:01,893 - TradingThread - INFO - Price: 119276.0 | Long Target: 140000.0 | Long Pos Open: False
2025-08-12 20:53:01,993 - TradingThread - INFO - Price: 119276.0 | Long Target: 140000.0 | Long Pos Open: False
2025-08-12 20:53:02,092 - TradingThread - INFO - Price: 119276.0 | Long Target: 140000.0 | Long Pos Open: False
2025-08-12 20:53:02,192 - TradingThread - INFO - Price: 119276.1 | Long Target: 140000.0 | Long Pos Open: False
2025-08-12 20:53:02,292 - TradingThread - INFO - Price: 119276.1 | Long Target: 140000.0 | Long Pos Open: False
2025-08-12 20:53:02,393 - TradingThread - INFO - Price: 119276.1 | Long Target: 140000.0 | Long Pos Open: False
2025-08-12 20:53:02,492 - TradingThread - INFO - Price: 119276.1 | Long Target: 140000.0 | Long Pos Open: False
2025-08-12 20:53:02,595 - TradingThread - INFO - Price: 119276.1 | Long Target: 140000.0 | Long Pos Open: False
2025-08-12 20:53:02,693 - TradingThread - INFO - Price: 119276.1 | Long Target: 140000.0 | Long Pos Open: False
2025-08-12 20:53:02,793 - TradingThread - INFO - Price: 119276.1 | Long Target: 140000.0 | Long Pos Open: False
2025-08-12 20:53:02,893 - TradingThread - INFO - Price: 119276.1 | Long Target: 140000.0 | Long Pos Open: False
2025-08-12 20:53:02,993 - TradingThread - INFO - Price: 119276.1 | Long Target: 140000.0 | Long Pos Open: False
2025-08-12 20:53:03,093 - TradingThread - INFO - Price: 119276.1 | Long Target: 140000.0 | Long Pos Open: False
2025-08-12 20:53:03,197 - TradingThread - INFO - Price: 119276.1 | Long Target: 140000.0 | Long Pos Open: False
2025-08-12 20:53:03,293 - TradingThread - INFO - Price: 119276.1 | Long Target: 140000.0 | Long Pos Open: False
2025-08-12 20:53:03,393 - TradingThread - INFO - Price: 119276.1 | Long Target: 140000.0 | Long Pos Open: False
2025-08-12 20:53:03,493 - TradingThread - INFO - Price: 119276.1 | Long Target: 140000.0 | Long Pos Open: False
2025-08-12 20:53:03,592 - TradingThread - INFO - Price: 119276.1 | Long Target: 140000.0 | Long Pos Open: False
2025-08-12 20:53:03,693 - TradingThread - INFO - Price: 119276.1 | Long Target: 140000.0 | Long Pos Open: False
2025-08-12 20:53:03,793 - TradingThread - INFO - Price: 119276.0 | Long Target: 140000.0 | Long Pos Open: False
2025-08-12 20:53:03,893 - TradingThread - INFO - Price: 119276.0 | Long Target: 140000.0 | Long Pos Open: False
2025-08-12 20:53:03,993 - TradingThread - INFO - Price: 119276.0 | Long Target: 140000.0 | Long Pos Open: False
2025-08-12 20:53:04,092 - TradingThread - INFO - Price: 119276.0 | Long Target: 140000.0 | Long Pos Open: False
2025-08-12 20:53:04,193 - TradingThread - INFO - Price: 119276.2 | Long Target: 140000.0 | Long Pos Open: False
2025-08-12 20:53:04,293 - TradingThread - INFO - Price: 119284.0 | Long Target: 140000.0 | Long Pos Open: False
2025-08-12 20:53:04,392 - TradingThread - INFO - Price: 119287.5 | Long Target: 140000.0 | Long Pos Open: False
2025-08-12 20:53:04,492 - TradingThread - INFO - Price: 119287.5 | Long Target: 140000.0 | Long Pos Open: False
2025-08-12 20:53:04,593 - TradingThread - INFO - Price: 119295.2 | Long Target: 140000.0 | Long Pos Open: False
2025-08-12 20:53:04,693 - TradingThread - INFO - Price: 119295.5 | Long Target: 140000.0 | Long Pos Open: False
2025-08-12 20:53:04,793 - TradingThread - INFO - Price: 119304.1 | Long Target: 140000.0 | Long Pos Open: False
2025-08-12 20:53:04,892 - TradingThread - INFO - Price: 119304.1 | Long Target: 140000.0 | Long Pos Open: False
2025-08-12 20:53:04,993 - TradingThread - INFO - Price: 119304.1 | Long Target: 140000.0 | Long Pos Open: False
2025-08-12 20:53:05,093 - TradingThread - INFO - Price: 119304.1 | Long Target: 140000.0 | Long Pos Open: False
2025-08-12 20:53:05,193 - TradingThread - INFO - Price: 119304.1 | Long Target: 140000.0 | Long Pos Open: False
2025-08-12 20:53:05,293 - TradingThread - INFO - Price: 119304.1 | Long Target: 140000.0 | Long Pos Open: False
2025-08-12 20:53:05,393 - TradingThread - INFO - Price: 119307.9 | Long Target: 140000.0 | Long Pos Open: False
2025-08-12 20:53:05,492 - TradingThread - INFO - Price: 119307.9 | Long Target: 140000.0 | Long Pos Open: False
2025-08-12 20:53:05,593 - TradingThread - INFO - Price: 119307.9 | Long Target: 140000.0 | Long Pos Open: False
2025-08-12 20:53:05,692 - TradingThread - INFO - Price: 119307.9 | Long Target: 140000.0 | Long Pos Open: False
2025-08-12 20:53:05,793 - TradingThread - INFO - Price: 119307.9 | Long Target: 140000.0 | Long Pos Open: False
2025-08-12 20:53:05,892 - TradingThread - INFO - Price: 119307.9 | Long Target: 140000.0 | Long Pos Open: False
2025-08-12 20:53:06,093 - TradingThread - INFO - Price: 119307.9 | Long Target: 140000.0 | Long Pos Open: False
2025-08-12 20:53:06,193 - TradingThread - INFO - Price: 119307.9 | Long Target: 140000.0 | Long Pos Open: False
2025-08-12 20:53:06,392 - TradingThread - INFO - Price: 119307.9 | Long Target: 140000.0 | Long Pos Open: False
2025-08-12 20:53:06,492 - TradingThread - INFO - Price: 119307.9 | Long Target: 140000.0 | Long Pos Open: False
2025-08-12 20:53:06,593 - TradingThread - INFO - Price: 119307.9 | Long Target: 140000.0 | Long Pos Open: False
2025-08-12 20:53:06,692 - TradingThread - INFO - Price: 119307.9 | Long Target: 140000.0 | Long Pos Open: False
2025-08-12 20:53:06,793 - TradingThread - INFO - Price: 119307.9 | Long Target: 140000.0 | Long Pos Open: False
2025-08-12 20:53:06,892 - TradingThread - INFO - Price: 119307.9 | Long Target: 140000.0 | Long Pos Open: False
2025-08-12 20:53:06,992 - TradingThread - INFO - Price: 119307.9 | Long Target: 140000.0 | Long Pos Open: False
2025-08-12 20:53:07,092 - TradingThread - INFO - Price: 119307.9 | Long Target: 140000.0 | Long Pos Open: False
2025-08-12 20:53:07,293 - TradingThread - INFO - Price: 119307.9 | Long Target: 140000.0 | Long Pos Open: False
2025-08-12 20:53:07,392 - TradingThread - INFO - Price: 119307.9 | Long Target: 140000.0 | Long Pos Open: False
2025-08-12 20:53:07,592 - TradingThread - INFO - Price: 119307.9 | Long Target: 140000.0 | Long Pos Open: False
2025-08-12 20:53:07,693 - TradingThread - INFO - Price: 119307.9 | Long Target: 140000.0 | Long Pos Open: False
2025-08-12 20:53:07,792 - TradingThread - INFO - Price: 119307.8 | Long Target: 140000.0 | Long Pos Open: False
2025-08-12 20:53:07,892 - TradingThread - INFO - Price: 119307.8 | Long Target: 140000.0 | Long Pos Open: False
2025-08-12 20:53:07,992 - TradingThread - INFO - Price: 119307.9 | Long Target: 140000.0 | Long Pos Open: False
2025-08-12 20:53:08,092 - TradingThread - INFO - Price: 119307.9 | Long Target: 140000.0 | Long Pos Open: False
2025-08-12 20:53:08,292 - TradingThread - INFO - Price: 119307.9 | Long Target: 140000.0 | Long Pos Open: False
2025-08-12 20:53:08,392 - TradingThread - INFO - Price: 119307.8 | Long Target: 140000.0 | Long Pos Open: False
2025-08-12 20:53:08,492 - TradingThread - INFO - Price: 119307.8 | Long Target: 140000.0 | Long Pos Open: False
2025-08-12 20:53:08,592 - TradingThread - INFO - Price: 119307.8 | Long Target: 140000.0 | Long Pos Open: False
2025-08-12 20:53:08,792 - TradingThread - INFO - Price: 119307.8 | Long Target: 140000.0 | Long Pos Open: False
2025-08-12 20:53:08,899 - TradingThread - INFO - Price: 119307.8 | Long Target: 140000.0 | Long Pos Open: False
2025-08-12 20:53:08,992 - TradingThread - INFO - Price: 119307.8 | Long Target: 140000.0 | Long Pos Open: False
2025-08-12 20:53:09,192 - TradingThread - INFO - Price: 119307.8 | Long Target: 140000.0 | Long Pos Open: False
2025-08-12 20:53:09,692 - TradingThread - INFO - Price: 119307.8 | Long Target: 140000.0 | Long Pos Open: False
2025-08-12 20:53:09,892 - TradingThread - INFO - Price: 119307.8 | Long Target: 140000.0 | Long Pos Open: False
2025-08-12 20:53:10,092 - TradingThread - INFO - Price: 119307.8 | Long Target: 140000.0 | Long Pos Open: False
2025-08-12 20:53:10,192 - TradingThread - INFO - Price: 119307.8 | Long Target: 140000.0 | Long Pos Open: False
2025-08-12 20:53:10,293 - TradingThread - INFO - Price: 119307.8 | Long Target: 140000.0 | Long Pos Open: False
2025-08-12 20:53:10,392 - TradingThread - INFO - Price: 119307.9 | Long Target: 140000.0 | Long Pos Open: False
2025-08-12 20:53:10,493 - TradingThread - INFO - Price: 119307.9 | Long Target: 140000.0 | Long Pos Open: False
2025-08-12 20:53:10,892 - TradingThread - INFO - Price: 119307.8 | Long Target: 140000.0 | Long Pos Open: False
2025-08-12 20:53:10,992 - TradingThread - INFO - Price: 119307.8 | Long Target: 140000.0 | Long Pos Open: False
2025-08-12 20:53:11,192 - TradingThread - INFO - Price: 119311.1 | Long Target: 140000.0 | Long Pos Open: False
2025-08-12 20:53:11,293 - TradingThread - INFO - Price: 119318.9 | Long Target: 140000.0 | Long Pos Open: False
2025-08-12 20:53:11,392 - TradingThread - INFO - Price: 119318.9 | Long Target: 140000.0 | Long Pos Open: False
2025-08-12 20:53:11,492 - TradingThread - INFO - Price: 119318.9 | Long Target: 140000.0 | Long Pos Open: False
2025-08-12 20:53:11,593 - TradingThread - INFO - Price: 119318.9 | Long Target: 140000.0 | Long Pos Open: False
2025-08-12 20:53:11,693 - TradingThread - INFO - Price: 119318.9 | Long Target: 140000.0 | Long Pos Open: False
2025-08-12 20:53:11,792 - TradingThread - INFO - Price: 119318.9 | Long Target: 140000.0 | Long Pos Open: False
2025-08-12 20:53:11,892 - TradingThread - INFO - Price: 119318.9 | Long Target: 140000.0 | Long Pos Open: False
2025-08-12 20:53:11,992 - TradingThread - INFO - Price: 119318.9 | Long Target: 140000.0 | Long Pos Open: False
2025-08-12 20:53:12,092 - TradingThread - INFO - Price: 119318.9 | Long Target: 140000.0 | Long Pos Open: False
2025-08-12 20:53:12,192 - TradingThread - INFO - Price: 119319.9 | Long Target: 140000.0 | Long Pos Open: False
2025-08-12 20:53:12,293 - TradingThread - INFO - Price: 119325.0 | Long Target: 140000.0 | Long Pos Open: False
2025-08-12 20:53:12,392 - TradingThread - INFO - Price: 119325.0 | Long Target: 140000.0 | Long Pos Open: False
2025-08-12 20:53:12,492 - TradingThread - INFO - Price: 119325.0 | Long Target: 140000.0 | Long Pos Open: False
2025-08-12 20:53:12,593 - TradingThread - INFO - Price: 119325.0 | Long Target: 140000.0 | Long Pos Open: False
2025-08-12 20:53:12,692 - TradingThread - INFO - Price: 119325.0 | Long Target: 140000.0 | Long Pos Open: False
2025-08-12 20:53:12,793 - TradingThread - INFO - Price: 119325.6 | Long Target: 140000.0 | Long Pos Open: False
2025-08-12 20:53:12,892 - TradingThread - INFO - Price: 119325.7 | Long Target: 140000.0 | Long Pos Open: False
2025-08-12 20:53:12,992 - TradingThread - INFO - Price: 119325.7 | Long Target: 140000.0 | Long Pos Open: False
2025-08-12 20:53:13,093 - TradingThread - INFO - Price: 119325.7 | Long Target: 140000.0 | Long Pos Open: False
2025-08-12 20:53:13,192 - TradingThread - INFO - Price: 119325.7 | Long Target: 140000.0 | Long Pos Open: False
2025-08-12 20:53:13,294 - TradingThread - INFO - Price: 119325.6 | Long Target: 140000.0 | Long Pos Open: False
2025-08-12 20:53:13,392 - TradingThread - INFO - Price: 119325.6 | Long Target: 140000.0 | Long Pos Open: False
2025-08-12 20:53:13,492 - TradingThread - INFO - Price: 119325.6 | Long Target: 140000.0 | Long Pos Open: False
2025-08-12 20:53:13,593 - TradingThread - INFO - Price: 119325.7 | Long Target: 140000.0 | Long Pos Open: False
2025-08-12 20:53:13,696 - TradingThread - INFO - Price: 119325.7 | Long Target: 140000.0 | Long Pos Open: False
2025-08-12 20:53:13,792 - TradingThread - INFO - Price: 119325.7 | Long Target: 140000.0 | Long Pos Open: False
2025-08-12 20:53:13,892 - TradingThread - INFO - Price: 119325.7 | Long Target: 140000.0 | Long Pos Open: False
2025-08-12 20:53:13,992 - TradingThread - INFO - Price: 119325.7 | Long Target: 140000.0 | Long Pos Open: False
2025-08-12 20:53:14,092 - TradingThread - INFO - Price: 119325.7 | Long Target: 140000.0 | Long Pos Open: False
2025-08-12 20:53:14,192 - TradingThread - INFO - Price: 119325.7 | Long Target: 140000.0 | Long Pos Open: False
2025-08-12 20:53:14,293 - TradingThread - INFO - Price: 119325.7 | Long Target: 140000.0 | Long Pos Open: False
2025-08-12 20:53:14,392 - TradingThread - INFO - Price: 119325.6 | Long Target: 140000.0 | Long Pos Open: False
2025-08-12 20:53:14,492 - TradingThread - INFO - Price: 119325.6 | Long Target: 140000.0 | Long Pos Open: False
2025-08-12 20:53:14,592 - TradingThread - INFO - Price: 119325.6 | Long Target: 140000.0 | Long Pos Open: False
2025-08-12 20:53:14,692 - TradingThread - INFO - Price: 119325.7 | Long Target: 140000.0 | Long Pos Open: False
2025-08-12 20:53:14,793 - TradingThread - INFO - Price: 119325.7 | Long Target: 140000.0 | Long Pos Open: False
2025-08-12 20:53:14,892 - TradingThread - INFO - Price: 119325.7 | Long Target: 140000.0 | Long Pos Open: False
2025-08-12 20:53:14,992 - TradingThread - INFO - Price: 119325.7 | Long Target: 140000.0 | Long Pos Open: False
2025-08-12 20:53:15,192 - TradingThread - INFO - Price: 119325.7 | Long Target: 140000.0 | Long Pos Open: False
2025-08-12 20:53:15,392 - TradingThread - INFO - Price: 119332.4 | Long Target: 140000.0 | Long Pos Open: False
2025-08-12 20:53:15,492 - TradingThread - INFO - Price: 119332.4 | Long Target: 140000.0 | Long Pos Open: False
2025-08-12 20:53:15,592 - TradingThread - INFO - Price: 119332.4 | Long Target: 140000.0 | Long Pos Open: False
2025-08-12 20:53:15,693 - TradingThread - INFO - Price: 119332.4 | Long Target: 140000.0 | Long Pos Open: False
2025-08-12 20:53:15,792 - TradingThread - INFO - Price: 119332.4 | Long Target: 140000.0 | Long Pos Open: False
2025-08-12 20:53:15,892 - TradingThread - INFO - Price: 119332.4 | Long Target: 140000.0 | Long Pos Open: False
2025-08-12 20:53:15,992 - TradingThread - INFO - Price: 119332.4 | Long Target: 140000.0 | Long Pos Open: False
2025-08-12 20:53:16,092 - TradingThread - INFO - Price: 119332.4 | Long Target: 140000.0 | Long Pos Open: False
2025-08-12 20:53:16,192 - TradingThread - INFO - Price: 119332.4 | Long Target: 140000.0 | Long Pos Open: False
2025-08-12 20:53:16,292 - TradingThread - INFO - Price: 119332.4 | Long Target: 140000.0 | Long Pos Open: False
2025-08-12 20:53:16,392 - TradingThread - INFO - Price: 119332.4 | Long Target: 140000.0 | Long Pos Open: False
2025-08-12 20:53:16,493 - TradingThread - INFO - Price: 119332.4 | Long Target: 140000.0 | Long Pos Open: False
2025-08-12 20:53:16,593 - TradingThread - INFO - Price: 119332.4 | Long Target: 140000.0 | Long Pos Open: False
2025-08-12 20:53:16,692 - TradingThread - INFO - Price: 119332.4 | Long Target: 140000.0 | Long Pos Open: False
2025-08-12 20:53:16,792 - TradingThread - INFO - Price: 119332.3 | Long Target: 140000.0 | Long Pos Open: False
2025-08-12 20:53:16,892 - TradingThread - INFO - Price: 119332.3 | Long Target: 140000.0 | Long Pos Open: False
2025-08-12 20:53:16,992 - TradingThread - INFO - Price: 119332.3 | Long Target: 140000.0 | Long Pos Open: False
2025-08-12 20:53:17,092 - TradingThread - INFO - Price: 119332.3 | Long Target: 140000.0 | Long Pos Open: False
2025-08-12 20:53:17,193 - TradingThread - INFO - Price: 119332.3 | Long Target: 140000.0 | Long Pos Open: False
2025-08-12 20:53:17,292 - TradingThread - INFO - Price: 119332.3 | Long Target: 140000.0 | Long Pos Open: False
2025-08-12 20:53:17,392 - TradingThread - INFO - Price: 119332.3 | Long Target: 140000.0 | Long Pos Open: False
2025-08-12 20:53:17,492 - TradingThread - INFO - Price: 119332.4 | Long Target: 140000.0 | Long Pos Open: False
2025-08-12 20:53:17,592 - TradingThread - INFO - Price: 119332.4 | Long Target: 140000.0 | Long Pos Open: False
2025-08-12 20:53:17,693 - TradingThread - INFO - Price: 119332.4 | Long Target: 140000.0 | Long Pos Open: False
2025-08-12 20:53:17,792 - TradingThread - INFO - Price: 119332.4 | Long Target: 140000.0 | Long Pos Open: False
2025-08-12 20:53:17,892 - TradingThread - INFO - Price: 119332.4 | Long Target: 140000.0 | Long Pos Open: False
2025-08-12 20:53:17,992 - TradingThread - INFO - Price: 119332.4 | Long Target: 140000.0 | Long Pos Open: False
2025-08-12 20:53:18,093 - TradingThread - INFO - Price: 119332.4 | Long Target: 140000.0 | Long Pos Open: False
2025-08-12 20:53:18,191 - TradingThread - INFO - Price: 119332.4 | Long Target: 140000.0 | Long Pos Open: False
2025-08-12 20:53:18,292 - TradingThread - INFO - Price: 119332.4 | Long Target: 140000.0 | Long Pos Open: False
2025-08-12 20:53:18,391 - TradingThread - INFO - Price: 119332.4 | Long Target: 140000.0 | Long Pos Open: False
2025-08-12 20:53:18,492 - TradingThread - INFO - Price: 119332.4 | Long Target: 140000.0 | Long Pos Open: False
2025-08-12 20:53:18,692 - TradingThread - INFO - Price: 119332.4 | Long Target: 140000.0 | Long Pos Open: False
2025-08-12 20:53:18,792 - TradingThread - INFO - Price: 119332.4 | Long Target: 140000.0 | Long Pos Open: False
2025-08-12 20:53:18,892 - TradingThread - INFO - Price: 119332.4 | Long Target: 140000.0 | Long Pos Open: False
2025-08-12 20:53:18,992 - TradingThread - INFO - Price: 119332.4 | Long Target: 140000.0 | Long Pos Open: False
2025-08-12 20:53:19,092 - TradingThread - INFO - Price: 119332.4 | Long Target: 140000.0 | Long Pos Open: False
2025-08-12 20:53:19,192 - TradingThread - INFO - Price: 119332.4 | Long Target: 140000.0 | Long Pos Open: False
2025-08-12 20:53:19,291 - TradingThread - INFO - Price: 119332.4 | Long Target: 140000.0 | Long Pos Open: False
2025-08-12 20:53:19,392 - TradingThread - INFO - Price: 119332.4 | Long Target: 140000.0 | Long Pos Open: False
2025-08-12 20:53:19,492 - TradingThread - INFO - Price: 119332.4 | Long Target: 140000.0 | Long Pos Open: False
2025-08-12 20:53:19,592 - TradingThread - INFO - Price: 119332.4 | Long Target: 140000.0 | Long Pos Open: False
2025-08-12 20:53:19,691 - TradingThread - INFO - Price: 119332.4 | Long Target: 140000.0 | Long Pos Open: False
2025-08-12 20:53:19,792 - TradingThread - INFO - Price: 119332.4 | Long Target: 140000.0 | Long Pos Open: False
2025-08-12 20:53:19,892 - TradingThread - INFO - Price: 119332.4 | Long Target: 140000.0 | Long Pos Open: False
2025-08-12 20:53:19,992 - TradingThread - INFO - Price: 119332.4 | Long Target: 140000.0 | Long Pos Open: False
2025-08-12 20:53:20,092 - TradingThread - INFO - Price: 119332.4 | Long Target: 140000.0 | Long Pos Open: False
2025-08-12 20:53:20,192 - TradingThread - INFO - Price: 119332.4 | Long Target: 140000.0 | Long Pos Open: False
2025-08-12 20:53:20,292 - TradingThread - INFO - Price: 119332.4 | Long Target: 140000.0 | Long Pos Open: False
2025-08-12 20:53:20,394 - TradingThread - INFO - Price: 119332.4 | Long Target: 140000.0 | Long Pos Open: False
2025-08-12 20:53:20,493 - TradingThread - INFO - Price: 119332.4 | Long Target: 140000.0 | Long Pos Open: False
2025-08-12 20:53:20,594 - TradingThread - INFO - Price: 119332.4 | Long Target: 140000.0 | Long Pos Open: False
2025-08-12 20:53:20,692 - TradingThread - INFO - Price: 119332.4 | Long Target: 140000.0 | Long Pos Open: False
2025-08-12 20:53:20,792 - TradingThread - INFO - Price: 119332.4 | Long Target: 140000.0 | Long Pos Open: False
2025-08-12 20:53:20,892 - TradingThread - INFO - Price: 119332.4 | Long Target: 140000.0 | Long Pos Open: False
2025-08-12 20:53:20,992 - TradingThread - INFO - Price: 119332.4 | Long Target: 140000.0 | Long Pos Open: False
2025-08-12 20:53:21,092 - TradingThread - INFO - Price: 119332.3 | Long Target: 140000.0 | Long Pos Open: False
2025-08-12 20:53:21,192 - TradingThread - INFO - Price: 119332.4 | Long Target: 140000.0 | Long Pos Open: False
2025-08-12 20:53:21,292 - TradingThread - INFO - Price: 119332.4 | Long Target: 140000.0 | Long Pos Open: False
2025-08-12 20:53:21,393 - TradingThread - INFO - Price: 119332.4 | Long Target: 140000.0 | Long Pos Open: False
2025-08-12 20:53:21,491 - TradingThread - INFO - Price: 119332.4 | Long Target: 140000.0 | Long Pos Open: False
2025-08-12 20:53:21,592 - TradingThread - INFO - Price: 119332.4 | Long Target: 140000.0 | Long Pos Open: False
2025-08-12 20:53:21,791 - TradingThread - INFO - Price: 119332.4 | Long Target: 140000.0 | Long Pos Open: False
2025-08-12 20:53:21,892 - TradingThread - INFO - Price: 119332.4 | Long Target: 140000.0 | Long Pos Open: False
2025-08-12 20:53:21,991 - TradingThread - INFO - Price: 119332.4 | Long Target: 140000.0 | Long Pos Open: False
2025-08-12 20:53:22,092 - TradingThread - INFO - Price: 119332.3 | Long Target: 140000.0 | Long Pos Open: False
2025-08-12 20:53:22,198 - TradingThread - INFO - Price: 119332.3 | Long Target: 140000.0 | Long Pos Open: False
2025-08-12 20:53:22,292 - TradingThread - INFO - Price: 119332.4 | Long Target: 140000.0 | Long Pos Open: False
2025-08-12 20:53:22,392 - TradingThread - INFO - Price: 119332.3 | Long Target: 140000.0 | Long Pos Open: False
2025-08-12 20:53:22,491 - TradingThread - INFO - Price: 119332.4 | Long Target: 140000.0 | Long Pos Open: False
2025-08-12 20:53:22,591 - TradingThread - INFO - Price: 119313.2 | Long Target: 140000.0 | Long Pos Open: False
2025-08-12 20:53:22,692 - TradingThread - INFO - Price: 119304.6 | Long Target: 140000.0 | Long Pos Open: False
2025-08-12 20:53:22,793 - TradingThread - INFO - Price: 119304.6 | Long Target: 140000.0 | Long Pos Open: False
2025-08-12 20:53:22,892 - TradingThread - INFO - Price: 119304.6 | Long Target: 140000.0 | Long Pos Open: False
2025-08-12 20:53:22,992 - TradingThread - INFO - Price: 119304.6 | Long Target: 140000.0 | Long Pos Open: False
2025-08-12 20:53:23,091 - TradingThread - INFO - Price: 119304.6 | Long Target: 140000.0 | Long Pos Open: False
2025-08-12 20:53:23,292 - TradingThread - INFO - Price: 119304.6 | Long Target: 140000.0 | Long Pos Open: False
2025-08-12 20:53:23,591 - TradingThread - INFO - Price: 119304.6 | Long Target: 140000.0 | Long Pos Open: False
2025-08-12 20:53:23,891 - TradingThread - INFO - Price: 119304.6 | Long Target: 140000.0 | Long Pos Open: False
2025-08-12 20:53:23,991 - TradingThread - INFO - Price: 119304.6 | Long Target: 140000.0 | Long Pos Open: False
2025-08-12 20:53:24,191 - TradingThread - INFO - Price: 119304.6 | Long Target: 140000.0 | Long Pos Open: False
2025-08-12 20:53:24,491 - TradingThread - INFO - Price: 119304.6 | Long Target: 140000.0 | Long Pos Open: False
2025-08-12 20:53:24,591 - TradingThread - INFO - Price: 119304.6 | Long Target: 140000.0 | Long Pos Open: False
2025-08-12 20:53:24,692 - TradingThread - INFO - Price: 119304.6 | Long Target: 140000.0 | Long Pos Open: False
2025-08-12 20:53:24,792 - TradingThread - INFO - Price: 119304.6 | Long Target: 140000.0 | Long Pos Open: False
2025-08-12 20:53:24,892 - TradingThread - INFO - Price: 119304.6 | Long Target: 140000.0 | Long Pos Open: False
2025-08-12 20:53:25,092 - TradingThread - INFO - Price: 119304.6 | Long Target: 140000.0 | Long Pos Open: False
2025-08-12 20:53:25,291 - TradingThread - INFO - Price: 119304.6 | Long Target: 140000.0 | Long Pos Open: False
2025-08-12 20:53:25,392 - TradingThread - INFO - Price: 119304.6 | Long Target: 140000.0 | Long Pos Open: False
2025-08-12 20:53:25,492 - TradingThread - INFO - Price: 119304.6 | Long Target: 140000.0 | Long Pos Open: False
2025-08-12 20:53:25,592 - TradingThread - INFO - Price: 119304.5 | Long Target: 140000.0 | Long Pos Open: False
2025-08-12 20:53:25,691 - TradingThread - INFO - Price: 119304.5 | Long Target: 140000.0 | Long Pos Open: False
2025-08-12 20:53:25,892 - TradingThread - INFO - Price: 119304.6 | Long Target: 140000.0 | Long Pos Open: False
2025-08-12 20:53:25,991 - TradingThread - INFO - Price: 119304.6 | Long Target: 140000.0 | Long Pos Open: False
2025-08-12 20:53:26,092 - TradingThread - INFO - Price: 119308.7 | Long Target: 140000.0 | Long Pos Open: False
2025-08-12 20:53:26,192 - TradingThread - INFO - Price: 119308.7 | Long Target: 140000.0 | Long Pos Open: False
2025-08-12 20:53:26,291 - TradingThread - INFO - Price: 119308.7 | Long Target: 140000.0 | Long Pos Open: False
2025-08-12 20:53:26,391 - TradingThread - INFO - Price: 119308.7 | Long Target: 140000.0 | Long Pos Open: False
2025-08-12 20:53:26,591 - TradingThread - INFO - Price: 119308.7 | Long Target: 140000.0 | Long Pos Open: False
2025-08-12 20:53:26,692 - TradingThread - INFO - Price: 119308.7 | Long Target: 140000.0 | Long Pos Open: False
2025-08-12 20:53:26,792 - TradingThread - INFO - Price: 119308.7 | Long Target: 140000.0 | Long Pos Open: False
2025-08-12 20:53:26,892 - TradingThread - INFO - Price: 119308.7 | Long Target: 140000.0 | Long Pos Open: False
2025-08-12 20:53:26,992 - TradingThread - INFO - Price: 119308.7 | Long Target: 140000.0 | Long Pos Open: False
2025-08-12 20:53:27,091 - TradingThread - INFO - Price: 119308.7 | Long Target: 140000.0 | Long Pos Open: False
2025-08-12 20:53:27,192 - TradingThread - INFO - Price: 119308.7 | Long Target: 140000.0 | Long Pos Open: False
2025-08-12 20:53:27,391 - TradingThread - INFO - Price: 119308.7 | Long Target: 140000.0 | Long Pos Open: False
2025-08-12 20:53:27,493 - TradingThread - INFO - Price: 119308.7 | Long Target: 140000.0 | Long Pos Open: False
2025-08-12 20:53:27,592 - TradingThread - INFO - Price: 119308.7 | Long Target: 140000.0 | Long Pos Open: False
2025-08-12 20:53:27,691 - TradingThread - INFO - Price: 119308.7 | Long Target: 140000.0 | Long Pos Open: False
2025-08-12 20:53:27,792 - TradingThread - INFO - Price: 119308.7 | Long Target: 140000.0 | Long Pos Open: False
2025-08-12 20:53:27,891 - TradingThread - INFO - Price: 119308.7 | Long Target: 140000.0 | Long Pos Open: False
2025-08-12 20:53:27,992 - TradingThread - INFO - Price: 119308.7 | Long Target: 140000.0 | Long Pos Open: False
2025-08-12 20:53:28,092 - TradingThread - INFO - Price: 119308.7 | Long Target: 140000.0 | Long Pos Open: False
2025-08-12 20:53:28,191 - TradingThread - INFO - Price: 119308.7 | Long Target: 140000.0 | Long Pos Open: False
2025-08-12 20:53:28,291 - TradingThread - INFO - Price: 119308.7 | Long Target: 140000.0 | Long Pos Open: False
2025-08-12 20:53:28,391 - TradingThread - INFO - Price: 119308.7 | Long Target: 140000.0 | Long Pos Open: False
2025-08-12 20:53:28,492 - TradingThread - INFO - Price: 119308.7 | Long Target: 140000.0 | Long Pos Open: False
2025-08-12 20:53:28,591 - TradingThread - INFO - Price: 119308.6 | Long Target: 140000.0 | Long Pos Open: False
2025-08-12 20:53:28,691 - TradingThread - INFO - Price: 119308.6 | Long Target: 140000.0 | Long Pos Open: False
2025-08-12 20:53:28,792 - TradingThread - INFO - Price: 119308.6 | Long Target: 140000.0 | Long Pos Open: False
2025-08-12 20:53:28,892 - TradingThread - INFO - Price: 119308.6 | Long Target: 140000.0 | Long Pos Open: False
2025-08-12 20:53:28,991 - TradingThread - INFO - Price: 119308.6 | Long Target: 140000.0 | Long Pos Open: False
2025-08-12 20:53:29,092 - TradingThread - INFO - Price: 119308.6 | Long Target: 140000.0 | Long Pos Open: False
2025-08-12 20:53:29,191 - TradingThread - INFO - Price: 119308.6 | Long Target: 140000.0 | Long Pos Open: False
2025-08-12 20:53:29,292 - TradingThread - INFO - Price: 119308.6 | Long Target: 140000.0 | Long Pos Open: False
2025-08-12 20:53:29,391 - TradingThread - INFO - Price: 119308.6 | Long Target: 140000.0 | Long Pos Open: False
2025-08-12 20:53:29,492 - TradingThread - INFO - Price: 119308.6 | Long Target: 140000.0 | Long Pos Open: False
2025-08-12 20:53:29,591 - TradingThread - INFO - Price: 119308.6 | Long Target: 140000.0 | Long Pos Open: False
2025-08-12 20:53:29,691 - TradingThread - INFO - Price: 119308.7 | Long Target: 140000.0 | Long Pos Open: False
2025-08-12 20:53:29,791 - TradingThread - INFO - Price: 119308.7 | Long Target: 140000.0 | Long Pos Open: False
2025-08-12 20:53:29,893 - TradingThread - INFO - Price: 119308.6 | Long Target: 140000.0 | Long Pos Open: False
2025-08-12 20:53:29,991 - TradingThread - INFO - Price: 119308.6 | Long Target: 140000.0 | Long Pos Open: False
2025-08-12 20:53:30,091 - TradingThread - INFO - Price: 119308.6 | Long Target: 140000.0 | Long Pos Open: False
2025-08-12 20:53:30,192 - TradingThread - INFO - Price: 119308.6 | Long Target: 140000.0 | Long Pos Open: False
2025-08-12 20:53:30,291 - TradingThread - INFO - Price: 119308.6 | Long Target: 140000.0 | Long Pos Open: False
2025-08-12 20:53:30,392 - TradingThread - INFO - Price: 119308.6 | Long Target: 140000.0 | Long Pos Open: False
2025-08-12 20:53:30,492 - TradingThread - INFO - Price: 119308.6 | Long Target: 140000.0 | Long Pos Open: False
2025-08-12 20:53:30,793 - TradingThread - INFO - Price: 119308.6 | Long Target: 140000.0 | Long Pos Open: False
2025-08-12 20:53:30,891 - TradingThread - INFO - Price: 119308.6 | Long Target: 140000.0 | Long Pos Open: False
2025-08-12 20:53:31,091 - TradingThread - INFO - Price: 119308.6 | Long Target: 140000.0 | Long Pos Open: False
2025-08-12 20:53:31,191 - TradingThread - INFO - Price: 119308.6 | Long Target: 140000.0 | Long Pos Open: False
2025-08-12 20:53:31,291 - TradingThread - INFO - Price: 119308.6 | Long Target: 140000.0 | Long Pos Open: False
2025-08-12 20:53:31,392 - TradingThread - INFO - Price: 119308.5 | Long Target: 140000.0 | Long Pos Open: False
2025-08-12 20:53:31,491 - TradingThread - INFO - Price: 119308.5 | Long Target: 140000.0 | Long Pos Open: False
2025-08-12 20:53:31,591 - TradingThread - INFO - Price: 119308.5 | Long Target: 140000.0 | Long Pos Open: False
2025-08-12 20:53:31,693 - TradingThread - INFO - Price: 119308.5 | Long Target: 140000.0 | Long Pos Open: False
2025-08-12 20:53:31,792 - TradingThread - INFO - Price: 119308.5 | Long Target: 140000.0 | Long Pos Open: False
2025-08-12 20:53:31,891 - TradingThread - INFO - Price: 119308.5 | Long Target: 140000.0 | Long Pos Open: False
2025-08-12 20:53:32,091 - TradingThread - INFO - Price: 119308.5 | Long Target: 140000.0 | Long Pos Open: False
2025-08-12 20:53:32,292 - TradingThread - INFO - Price: 119308.5 | Long Target: 140000.0 | Long Pos Open: False
2025-08-12 20:53:32,491 - TradingThread - INFO - Price: 119308.5 | Long Target: 140000.0 | Long Pos Open: False
2025-08-12 20:53:32,591 - TradingThread - INFO - Price: 119308.5 | Long Target: 140000.0 | Long Pos Open: False
2025-08-12 20:53:32,692 - TradingThread - INFO - Price: 119308.5 | Long Target: 140000.0 | Long Pos Open: False
2025-08-12 20:53:32,892 - TradingThread - INFO - Price: 119308.5 | Long Target: 140000.0 | Long Pos Open: False
2025-08-12 20:53:32,991 - TradingThread - INFO - Price: 119308.5 | Long Target: 140000.0 | Long Pos Open: False
2025-08-12 20:53:33,091 - TradingThread - INFO - Price: 119308.5 | Long Target: 140000.0 | Long Pos Open: False
2025-08-12 20:53:33,192 - TradingThread - INFO - Price: 119308.5 | Long Target: 140000.0 | Long Pos Open: False
2025-08-12 20:53:33,391 - TradingThread - INFO - Price: 119308.5 | Long Target: 140000.0 | Long Pos Open: False
2025-08-12 20:53:33,491 - TradingThread - INFO - Price: 119308.5 | Long Target: 140000.0 | Long Pos Open: False
2025-08-12 20:53:33,591 - TradingThread - INFO - Price: 119308.5 | Long Target: 140000.0 | Long Pos Open: False
2025-08-12 20:53:33,691 - TradingThread - INFO - Price: 119308.5 | Long Target: 140000.0 | Long Pos Open: False
2025-08-12 20:53:33,791 - TradingThread - INFO - Price: 119308.4 | Long Target: 140000.0 | Long Pos Open: False
2025-08-12 20:53:33,891 - TradingThread - INFO - Price: 119308.4 | Long Target: 140000.0 | Long Pos Open: False
2025-08-12 20:53:33,992 - TradingThread - INFO - Price: 119308.4 | Long Target: 140000.0 | Long Pos Open: False
2025-08-12 20:53:34,092 - TradingThread - INFO - Price: 119308.4 | Long Target: 140000.0 | Long Pos Open: False
2025-08-12 20:53:34,192 - TradingThread - INFO - Price: 119308.4 | Long Target: 140000.0 | Long Pos Open: False
2025-08-12 20:53:34,393 - TradingThread - INFO - Price: 119308.4 | Long Target: 140000.0 | Long Pos Open: False
2025-08-12 20:53:34,492 - TradingThread - INFO - Price: 119308.4 | Long Target: 140000.0 | Long Pos Open: False
2025-08-12 20:53:34,591 - TradingThread - INFO - Price: 119308.4 | Long Target: 140000.0 | Long Pos Open: False
2025-08-12 20:53:34,691 - TradingThread - INFO - Price: 119308.4 | Long Target: 140000.0 | Long Pos Open: False
2025-08-12 20:53:34,792 - TradingThread - INFO - Price: 119308.4 | Long Target: 140000.0 | Long Pos Open: False
2025-08-12 20:53:34,891 - TradingThread - INFO - Price: 119308.4 | Long Target: 140000.0 | Long Pos Open: False
2025-08-12 20:53:34,991 - TradingThread - INFO - Price: 119308.4 | Long Target: 140000.0 | Long Pos Open: False
2025-08-12 20:53:35,092 - TradingThread - INFO - Price: 119308.4 | Long Target: 140000.0 | Long Pos Open: False
2025-08-12 20:53:35,291 - TradingThread - INFO - Price: 119308.4 | Long Target: 140000.0 | Long Pos Open: False
2025-08-12 20:53:35,391 - TradingThread - INFO - Price: 119308.4 | Long Target: 140000.0 | Long Pos Open: False
2025-08-12 20:53:35,591 - TradingThread - INFO - Price: 119308.4 | Long Target: 140000.0 | Long Pos Open: False
2025-08-12 20:53:35,691 - TradingThread - INFO - Price: 119308.4 | Long Target: 140000.0 | Long Pos Open: False
2025-08-12 20:53:35,891 - TradingThread - INFO - Price: 119308.4 | Long Target: 140000.0 | Long Pos Open: False
2025-08-12 20:53:36,026 - TradingThread - INFO - Price: 119308.4 | Long Target: 140000.0 | Long Pos Open: False
2025-08-12 20:53:36,091 - TradingThread - INFO - Price: 119308.4 | Long Target: 140000.0 | Long Pos Open: False
2025-08-12 20:53:36,191 - TradingThread - INFO - Price: 119308.5 | Long Target: 140000.0 | Long Pos Open: False
2025-08-12 20:53:36,291 - TradingThread - INFO - Price: 119308.5 | Long Target: 140000.0 | Long Pos Open: False
2025-08-12 20:53:36,491 - TradingThread - INFO - Price: 119308.4 | Long Target: 140000.0 | Long Pos Open: False
2025-08-12 20:53:36,591 - TradingThread - INFO - Price: 119308.4 | Long Target: 140000.0 | Long Pos Open: False
2025-08-12 20:53:36,691 - TradingThread - INFO - Price: 119308.4 | Long Target: 140000.0 | Long Pos Open: False
2025-08-12 20:53:36,791 - TradingThread - INFO - Price: 119308.4 | Long Target: 140000.0 | Long Pos Open: False
2025-08-12 20:53:36,891 - TradingThread - INFO - Price: 119308.4 | Long Target: 140000.0 | Long Pos Open: False
2025-08-12 20:53:36,992 - TradingThread - INFO - Price: 119308.4 | Long Target: 140000.0 | Long Pos Open: False
2025-08-12 20:53:37,091 - TradingThread - INFO - Price: 119308.4 | Long Target: 140000.0 | Long Pos Open: False
2025-08-12 20:53:37,191 - TradingThread - INFO - Price: 119308.5 | Long Target: 140000.0 | Long Pos Open: False
2025-08-12 20:53:37,292 - TradingThread - INFO - Price: 119308.5 | Long Target: 140000.0 | Long Pos Open: False
2025-08-12 20:53:37,392 - TradingThread - INFO - Price: 119308.5 | Long Target: 140000.0 | Long Pos Open: False
2025-08-12 20:53:37,692 - TradingThread - INFO - Price: 119308.4 | Long Target: 140000.0 | Long Pos Open: False
2025-08-12 20:53:37,791 - TradingThread - INFO - Price: 119308.4 | Long Target: 140000.0 | Long Pos Open: False
2025-08-12 20:53:37,891 - TradingThread - INFO - Price: 119308.4 | Long Target: 140000.0 | Long Pos Open: False
2025-08-12 20:53:37,992 - TradingThread - INFO - Price: 119308.4 | Long Target: 140000.0 | Long Pos Open: False
2025-08-12 20:53:38,091 - TradingThread - INFO - Price: 119308.4 | Long Target: 140000.0 | Long Pos Open: False
2025-08-12 20:53:38,191 - TradingThread - INFO - Price: 119308.5 | Long Target: 140000.0 | Long Pos Open: False
2025-08-12 20:53:38,290 - TradingThread - INFO - Price: 119308.5 | Long Target: 140000.0 | Long Pos Open: False
2025-08-12 20:53:38,491 - TradingThread - INFO - Price: 119308.7 | Long Target: 140000.0 | Long Pos Open: False
2025-08-12 20:53:38,591 - TradingThread - INFO - Price: 119308.7 | Long Target: 140000.0 | Long Pos Open: False
2025-08-12 20:53:38,791 - TradingThread - INFO - Price: 119308.7 | Long Target: 140000.0 | Long Pos Open: False
2025-08-12 20:53:38,891 - TradingThread - INFO - Price: 119308.7 | Long Target: 140000.0 | Long Pos Open: False
2025-08-12 20:53:38,992 - TradingThread - INFO - Price: 119308.7 | Long Target: 140000.0 | Long Pos Open: False
2025-08-12 20:53:39,091 - TradingThread - INFO - Price: 119308.7 | Long Target: 140000.0 | Long Pos Open: False
2025-08-12 20:53:39,191 - TradingThread - INFO - Price: 119308.7 | Long Target: 140000.0 | Long Pos Open: False
2025-08-12 20:53:39,291 - TradingThread - INFO - Price: 119308.7 | Long Target: 140000.0 | Long Pos Open: False
2025-08-12 20:53:39,392 - TradingThread - INFO - Price: 119308.7 | Long Target: 140000.0 | Long Pos Open: False
2025-08-12 20:53:39,492 - TradingThread - INFO - Price: 119308.6 | Long Target: 140000.0 | Long Pos Open: False
2025-08-12 20:53:39,593 - TradingThread - INFO - Price: 119308.6 | Long Target: 140000.0 | Long Pos Open: False
2025-08-12 20:53:39,792 - TradingThread - INFO - Price: 119308.6 | Long Target: 140000.0 | Long Pos Open: False
2025-08-12 20:53:39,891 - TradingThread - INFO - Price: 119308.6 | Long Target: 140000.0 | Long Pos Open: False
2025-08-12 20:53:39,992 - TradingThread - INFO - Price: 119308.6 | Long Target: 140000.0 | Long Pos Open: False
2025-08-12 20:53:40,092 - TradingThread - INFO - Price: 119308.6 | Long Target: 140000.0 | Long Pos Open: False
2025-08-12 20:53:40,191 - TradingThread - INFO - Price: 119308.6 | Long Target: 140000.0 | Long Pos Open: False
2025-08-12 20:53:40,291 - TradingThread - INFO - Price: 119308.6 | Long Target: 140000.0 | Long Pos Open: False
2025-08-12 20:53:40,391 - TradingThread - INFO - Price: 119308.6 | Long Target: 140000.0 | Long Pos Open: False
2025-08-12 20:53:40,490 - TradingThread - INFO - Price: 119308.6 | Long Target: 140000.0 | Long Pos Open: False
2025-08-12 20:53:40,591 - TradingThread - INFO - Price: 119308.6 | Long Target: 140000.0 | Long Pos Open: False
2025-08-12 20:53:40,691 - TradingThread - INFO - Price: 119308.6 | Long Target: 140000.0 | Long Pos Open: False
2025-08-12 20:53:40,791 - TradingThread - INFO - Price: 119308.6 | Long Target: 140000.0 | Long Pos Open: False
2025-08-12 20:53:40,891 - TradingThread - INFO - Price: 119308.6 | Long Target: 140000.0 | Long Pos Open: False
2025-08-12 20:53:40,990 - TradingThread - INFO - Price: 119308.6 | Long Target: 140000.0 | Long Pos Open: False
2025-08-12 20:53:41,093 - TradingThread - INFO - Price: 119308.6 | Long Target: 140000.0 | Long Pos Open: False
2025-08-12 20:53:41,191 - TradingThread - INFO - Price: 119308.7 | Long Target: 140000.0 | Long Pos Open: False
2025-08-12 20:53:41,291 - TradingThread - INFO - Price: 119308.7 | Long Target: 140000.0 | Long Pos Open: False
2025-08-12 20:53:41,491 - TradingThread - INFO - Price: 119308.7 | Long Target: 140000.0 | Long Pos Open: False
2025-08-12 20:53:41,594 - TradingThread - INFO - Price: 119308.7 | Long Target: 140000.0 | Long Pos Open: False
2025-08-12 20:53:41,692 - TradingThread - INFO - Price: 119308.7 | Long Target: 140000.0 | Long Pos Open: False
2025-08-12 20:53:41,893 - TradingThread - INFO - Price: 119309.0 | Long Target: 140000.0 | Long Pos Open: False
2025-08-12 20:53:41,990 - TradingThread - INFO - Price: 119308.9 | Long Target: 140000.0 | Long Pos Open: False
2025-08-12 20:53:42,092 - TradingThread - INFO - Price: 119308.9 | Long Target: 140000.0 | Long Pos Open: False
2025-08-12 20:53:42,191 - TradingThread - INFO - Price: 119308.9 | Long Target: 140000.0 | Long Pos Open: False
2025-08-12 20:53:42,291 - TradingThread - INFO - Price: 119308.9 | Long Target: 140000.0 | Long Pos Open: False
2025-08-12 20:53:42,391 - TradingThread - INFO - Price: 119309.9 | Long Target: 140000.0 | Long Pos Open: False
2025-08-12 20:53:42,491 - TradingThread - INFO - Price: 119319.9 | Long Target: 140000.0 | Long Pos Open: False
2025-08-12 20:53:42,592 - TradingThread - INFO - Price: 119319.9 | Long Target: 140000.0 | Long Pos Open: False
2025-08-12 20:53:42,691 - TradingThread - INFO - Price: 119319.9 | Long Target: 140000.0 | Long Pos Open: False
2025-08-12 20:53:42,791 - TradingThread - INFO - Price: 119319.9 | Long Target: 140000.0 | Long Pos Open: False
2025-08-12 20:53:42,891 - TradingThread - INFO - Price: 119319.9 | Long Target: 140000.0 | Long Pos Open: False
2025-08-12 20:53:42,990 - TradingThread - INFO - Price: 119324.8 | Long Target: 140000.0 | Long Pos Open: False
2025-08-12 20:53:43,091 - TradingThread - INFO - Price: 119311.9 | Long Target: 140000.0 | Long Pos Open: False
2025-08-12 20:53:43,191 - TradingThread - INFO - Price: 119311.9 | Long Target: 140000.0 | Long Pos Open: False
2025-08-12 20:53:43,291 - TradingThread - INFO - Price: 119311.9 | Long Target: 140000.0 | Long Pos Open: False
2025-08-12 20:53:43,392 - TradingThread - INFO - Price: 119311.9 | Long Target: 140000.0 | Long Pos Open: False
2025-08-12 20:53:43,491 - TradingThread - INFO - Price: 119311.9 | Long Target: 140000.0 | Long Pos Open: False
2025-08-12 20:53:43,592 - TradingThread - INFO - Price: 119311.9 | Long Target: 140000.0 | Long Pos Open: False
2025-08-12 20:53:43,691 - TradingThread - INFO - Price: 119311.9 | Long Target: 140000.0 | Long Pos Open: False
2025-08-12 20:53:43,791 - TradingThread - INFO - Price: 119311.9 | Long Target: 140000.0 | Long Pos Open: False
2025-08-12 20:53:43,892 - TradingThread - INFO - Price: 119312.0 | Long Target: 140000.0 | Long Pos Open: False
2025-08-12 20:53:43,991 - TradingThread - INFO - Price: 119312.0 | Long Target: 140000.0 | Long Pos Open: False
2025-08-12 20:53:44,091 - TradingThread - INFO - Price: 119312.0 | Long Target: 140000.0 | Long Pos Open: False
2025-08-12 20:53:44,191 - TradingThread - INFO - Price: 119312.0 | Long Target: 140000.0 | Long Pos Open: False
2025-08-12 20:53:44,294 - TradingThread - INFO - Price: 119312.0 | Long Target: 140000.0 | Long Pos Open: False
2025-08-12 20:53:44,391 - TradingThread - INFO - Price: 119312.0 | Long Target: 140000.0 | Long Pos Open: False
2025-08-12 20:53:44,490 - TradingThread - INFO - Price: 119312.0 | Long Target: 140000.0 | Long Pos Open: False
2025-08-12 20:53:44,591 - TradingThread - INFO - Price: 119312.0 | Long Target: 140000.0 | Long Pos Open: False
2025-08-12 20:53:44,791 - TradingThread - INFO - Price: 119312.0 | Long Target: 140000.0 | Long Pos Open: False
2025-08-12 20:53:44,891 - TradingThread - INFO - Price: 119312.0 | Long Target: 140000.0 | Long Pos Open: False
2025-08-12 20:53:44,991 - TradingThread - INFO - Price: 119312.0 | Long Target: 140000.0 | Long Pos Open: False
2025-08-12 20:53:45,190 - TradingThread - INFO - Price: 119312.0 | Long Target: 140000.0 | Long Pos Open: False
2025-08-12 20:53:45,292 - TradingThread - INFO - Price: 119312.0 | Long Target: 140000.0 | Long Pos Open: False
2025-08-12 20:53:45,391 - TradingThread - INFO - Price: 119312.0 | Long Target: 140000.0 | Long Pos Open: False
2025-08-12 20:53:45,492 - TradingThread - INFO - Price: 119311.9 | Long Target: 140000.0 | Long Pos Open: False
2025-08-12 20:53:45,592 - TradingThread - INFO - Price: 119311.9 | Long Target: 140000.0 | Long Pos Open: False
2025-08-12 20:53:45,691 - TradingThread - INFO - Price: 119311.9 | Long Target: 140000.0 | Long Pos Open: False
2025-08-12 20:53:45,791 - TradingThread - INFO - Price: 119311.9 | Long Target: 140000.0 | Long Pos Open: False
2025-08-12 20:53:46,091 - TradingThread - INFO - Price: 119311.9 | Long Target: 140000.0 | Long Pos Open: False
2025-08-12 20:53:46,291 - TradingThread - INFO - Price: 119311.9 | Long Target: 140000.0 | Long Pos Open: False
2025-08-12 20:53:46,390 - TradingThread - INFO - Price: 119312.0 | Long Target: 140000.0 | Long Pos Open: False
2025-08-12 20:53:46,491 - TradingThread - INFO - Price: 119312.0 | Long Target: 140000.0 | Long Pos Open: False
2025-08-12 20:53:46,590 - TradingThread - INFO - Price: 119312.0 | Long Target: 140000.0 | Long Pos Open: False
2025-08-12 20:53:46,690 - TradingThread - INFO - Price: 119312.0 | Long Target: 140000.0 | Long Pos Open: False
2025-08-12 20:53:46,790 - TradingThread - INFO - Price: 119312.0 | Long Target: 140000.0 | Long Pos Open: False
2025-08-12 20:53:46,891 - TradingThread - INFO - Price: 119312.0 | Long Target: 140000.0 | Long Pos Open: False
2025-08-12 20:53:46,991 - TradingThread - INFO - Price: 119312.0 | Long Target: 140000.0 | Long Pos Open: False
2025-08-12 20:53:47,090 - TradingThread - INFO - Price: 119312.0 | Long Target: 140000.0 | Long Pos Open: False
2025-08-12 20:53:47,190 - TradingThread - INFO - Price: 119312.0 | Long Target: 140000.0 | Long Pos Open: False
2025-08-12 20:53:47,291 - TradingThread - INFO - Price: 119312.0 | Long Target: 140000.0 | Long Pos Open: False
2025-08-12 20:53:47,490 - TradingThread - INFO - Price: 119312.0 | Long Target: 140000.0 | Long Pos Open: False
2025-08-12 20:53:47,690 - TradingThread - INFO - Price: 119312.0 | Long Target: 140000.0 | Long Pos Open: False
2025-08-12 20:53:47,890 - TradingThread - INFO - Price: 119312.0 | Long Target: 140000.0 | Long Pos Open: False
2025-08-12 20:53:47,990 - TradingThread - INFO - Price: 119312.0 | Long Target: 140000.0 | Long Pos Open: False
2025-08-12 20:53:48,090 - TradingThread - INFO - Price: 119312.0 | Long Target: 140000.0 | Long Pos Open: False
2025-08-12 20:53:48,190 - TradingThread - INFO - Price: 119312.0 | Long Target: 140000.0 | Long Pos Open: False
2025-08-12 20:53:48,390 - TradingThread - INFO - Price: 119311.9 | Long Target: 140000.0 | Long Pos Open: False
2025-08-12 20:53:48,490 - TradingThread - INFO - Price: 119311.9 | Long Target: 140000.0 | Long Pos Open: False
2025-08-12 20:53:48,590 - TradingThread - INFO - Price: 119311.9 | Long Target: 140000.0 | Long Pos Open: False
2025-08-12 20:53:48,690 - TradingThread - INFO - Price: 119311.9 | Long Target: 140000.0 | Long Pos Open: False
2025-08-12 20:53:48,790 - TradingThread - INFO - Price: 119311.9 | Long Target: 140000.0 | Long Pos Open: False
2025-08-12 20:53:48,891 - TradingThread - INFO - Price: 119311.9 | Long Target: 140000.0 | Long Pos Open: False
2025-08-12 20:53:48,991 - TradingThread - INFO - Price: 119311.9 | Long Target: 140000.0 | Long Pos Open: False
2025-08-12 20:53:49,090 - TradingThread - INFO - Price: 119311.9 | Long Target: 140000.0 | Long Pos Open: False
2025-08-12 20:53:49,190 - TradingThread - INFO - Price: 119311.9 | Long Target: 140000.0 | Long Pos Open: False
2025-08-12 20:53:49,292 - TradingThread - INFO - Price: 119311.9 | Long Target: 140000.0 | Long Pos Open: False
2025-08-12 20:53:49,390 - TradingThread - INFO - Price: 119311.9 | Long Target: 140000.0 | Long Pos Open: False
2025-08-12 20:53:49,590 - TradingThread - INFO - Price: 119311.9 | Long Target: 140000.0 | Long Pos Open: False
2025-08-12 20:53:49,690 - TradingThread - INFO - Price: 119311.9 | Long Target: 140000.0 | Long Pos Open: False
2025-08-12 20:53:49,891 - TradingThread - INFO - Price: 119311.9 | Long Target: 140000.0 | Long Pos Open: False
2025-08-12 20:53:49,990 - TradingThread - INFO - Price: 119311.9 | Long Target: 140000.0 | Long Pos Open: False
2025-08-12 20:53:50,093 - TradingThread - INFO - Price: 119311.9 | Long Target: 140000.0 | Long Pos Open: False
2025-08-12 20:53:50,190 - TradingThread - INFO - Price: 119311.9 | Long Target: 140000.0 | Long Pos Open: False
2025-08-12 20:53:50,290 - TradingThread - INFO - Price: 119311.9 | Long Target: 140000.0 | Long Pos Open: False
2025-08-12 20:53:50,590 - TradingThread - INFO - Price: 119311.9 | Long Target: 140000.0 | Long Pos Open: False
2025-08-12 20:53:50,690 - TradingThread - INFO - Price: 119312.0 | Long Target: 140000.0 | Long Pos Open: False
2025-08-12 20:53:50,790 - TradingThread - INFO - Price: 119312.0 | Long Target: 140000.0 | Long Pos Open: False
2025-08-12 20:53:50,890 - TradingThread - INFO - Price: 119312.0 | Long Target: 140000.0 | Long Pos Open: False
2025-08-12 20:53:50,991 - TradingThread - INFO - Price: 119312.0 | Long Target: 140000.0 | Long Pos Open: False
2025-08-12 20:53:51,090 - TradingThread - INFO - Price: 119312.0 | Long Target: 140000.0 | Long Pos Open: False
2025-08-12 20:53:51,190 - TradingThread - INFO - Price: 119312.0 | Long Target: 140000.0 | Long Pos Open: False
2025-08-12 20:53:51,290 - TradingThread - INFO - Price: 119311.9 | Long Target: 140000.0 | Long Pos Open: False
2025-08-12 20:53:51,391 - TradingThread - INFO - Price: 119311.9 | Long Target: 140000.0 | Long Pos Open: False
2025-08-12 20:53:51,490 - TradingThread - INFO - Price: 119311.9 | Long Target: 140000.0 | Long Pos Open: False
2025-08-12 20:53:51,790 - TradingThread - INFO - Price: 119311.9 | Long Target: 140000.0 | Long Pos Open: False
2025-08-12 20:53:51,890 - TradingThread - INFO - Price: 119312.0 | Long Target: 140000.0 | Long Pos Open: False
2025-08-12 20:53:51,990 - TradingThread - INFO - Price: 119312.0 | Long Target: 140000.0 | Long Pos Open: False
2025-08-12 20:53:52,090 - TradingThread - INFO - Price: 119312.0 | Long Target: 140000.0 | Long Pos Open: False
2025-08-12 20:53:52,190 - TradingThread - INFO - Price: 119312.0 | Long Target: 140000.0 | Long Pos Open: False
2025-08-12 20:53:52,290 - TradingThread - INFO - Price: 119311.9 | Long Target: 140000.0 | Long Pos Open: False
2025-08-12 20:53:52,390 - TradingThread - INFO - Price: 119311.9 | Long Target: 140000.0 | Long Pos Open: False
2025-08-12 20:53:52,490 - TradingThread - INFO - Price: 119311.9 | Long Target: 140000.0 | Long Pos Open: False
2025-08-12 20:53:52,591 - TradingThread - INFO - Price: 119311.9 | Long Target: 140000.0 | Long Pos Open: False
2025-08-12 20:53:52,690 - TradingThread - INFO - Price: 119311.9 | Long Target: 140000.0 | Long Pos Open: False
2025-08-12 20:53:52,790 - TradingThread - INFO - Price: 119311.9 | Long Target: 140000.0 | Long Pos Open: False
2025-08-12 20:53:52,990 - TradingThread - INFO - Price: 119311.9 | Long Target: 140000.0 | Long Pos Open: False
2025-08-12 20:53:53,090 - TradingThread - INFO - Price: 119311.9 | Long Target: 140000.0 | Long Pos Open: False
2025-08-12 20:53:53,190 - TradingThread - INFO - Price: 119311.9 | Long Target: 140000.0 | Long Pos Open: False
2025-08-12 20:53:53,290 - TradingThread - INFO - Price: 119311.9 | Long Target: 140000.0 | Long Pos Open: False
2025-08-12 20:53:53,390 - TradingThread - INFO - Price: 119311.9 | Long Target: 140000.0 | Long Pos Open: False
2025-08-12 20:53:53,490 - TradingThread - INFO - Price: 119311.9 | Long Target: 140000.0 | Long Pos Open: False
2025-08-12 20:53:53,590 - TradingThread - INFO - Price: 119311.9 | Long Target: 140000.0 | Long Pos Open: False
2025-08-12 20:53:53,692 - TradingThread - INFO - Price: 119311.9 | Long Target: 140000.0 | Long Pos Open: False
2025-08-12 20:53:53,890 - TradingThread - INFO - Price: 119311.9 | Long Target: 140000.0 | Long Pos Open: False
2025-08-12 20:53:53,990 - TradingThread - INFO - Price: 119311.9 | Long Target: 140000.0 | Long Pos Open: False
2025-08-12 20:53:54,091 - TradingThread - INFO - Price: 119311.9 | Long Target: 140000.0 | Long Pos Open: False
2025-08-12 20:53:54,190 - TradingThread - INFO - Price: 119311.9 | Long Target: 140000.0 | Long Pos Open: False
2025-08-12 20:53:54,290 - TradingThread - INFO - Price: 119311.9 | Long Target: 140000.0 | Long Pos Open: False
2025-08-12 20:53:54,390 - TradingThread - INFO - Price: 119311.9 | Long Target: 140000.0 | Long Pos Open: False
2025-08-12 20:53:54,490 - TradingThread - INFO - Price: 119311.9 | Long Target: 140000.0 | Long Pos Open: False
2025-08-12 20:53:54,590 - TradingThread - INFO - Price: 119311.9 | Long Target: 140000.0 | Long Pos Open: False
2025-08-12 20:53:54,690 - TradingThread - INFO - Price: 119311.9 | Long Target: 140000.0 | Long Pos Open: False
2025-08-12 20:53:54,791 - TradingThread - INFO - Price: 119311.9 | Long Target: 140000.0 | Long Pos Open: False
2025-08-12 20:53:54,890 - TradingThread - INFO - Price: 119311.9 | Long Target: 140000.0 | Long Pos Open: False
2025-08-12 20:53:55,090 - TradingThread - INFO - Price: 119311.9 | Long Target: 140000.0 | Long Pos Open: False
2025-08-12 20:53:55,191 - TradingThread - INFO - Price: 119311.9 | Long Target: 140000.0 | Long Pos Open: False
2025-08-12 20:53:55,390 - TradingThread - INFO - Price: 119311.9 | Long Target: 140000.0 | Long Pos Open: False
2025-08-12 20:53:55,490 - TradingThread - INFO - Price: 119311.9 | Long Target: 140000.0 | Long Pos Open: False
2025-08-12 20:53:55,691 - TradingThread - INFO - Price: 119311.8 | Long Target: 140000.0 | Long Pos Open: False
2025-08-12 20:53:55,790 - TradingThread - INFO - Price: 119311.5 | Long Target: 140000.0 | Long Pos Open: False
2025-08-12 20:53:55,890 - TradingThread - INFO - Price: 119311.5 | Long Target: 140000.0 | Long Pos Open: False
2025-08-12 20:53:55,990 - TradingThread - INFO - Price: 119311.5 | Long Target: 140000.0 | Long Pos Open: False
2025-08-12 20:53:56,090 - TradingThread - INFO - Price: 119311.5 | Long Target: 140000.0 | Long Pos Open: False
2025-08-12 20:53:56,190 - TradingThread - INFO - Price: 119311.5 | Long Target: 140000.0 | Long Pos Open: False
2025-08-12 20:53:56,290 - TradingThread - INFO - Price: 119311.5 | Long Target: 140000.0 | Long Pos Open: False
2025-08-12 20:53:56,390 - TradingThread - INFO - Price: 119311.5 | Long Target: 140000.0 | Long Pos Open: False
2025-08-12 20:53:56,490 - TradingThread - INFO - Price: 119311.5 | Long Target: 140000.0 | Long Pos Open: False
2025-08-12 20:53:56,590 - TradingThread - INFO - Price: 119311.5 | Long Target: 140000.0 | Long Pos Open: False
2025-08-12 20:53:56,690 - TradingThread - INFO - Price: 119311.5 | Long Target: 140000.0 | Long Pos Open: False
2025-08-12 20:53:56,790 - TradingThread - INFO - Price: 119311.5 | Long Target: 140000.0 | Long Pos Open: False
2025-08-12 20:53:56,890 - TradingThread - INFO - Price: 119311.5 | Long Target: 140000.0 | Long Pos Open: False
2025-08-12 20:53:56,990 - TradingThread - INFO - Price: 119311.5 | Long Target: 140000.0 | Long Pos Open: False
2025-08-12 20:53:57,191 - TradingThread - INFO - Price: 119311.5 | Long Target: 140000.0 | Long Pos Open: False
2025-08-12 20:53:57,390 - TradingThread - INFO - Price: 119311.5 | Long Target: 140000.0 | Long Pos Open: False
2025-08-12 20:53:57,490 - TradingThread - INFO - Price: 119311.5 | Long Target: 140000.0 | Long Pos Open: False
2025-08-12 20:53:57,590 - TradingThread - INFO - Price: 119311.5 | Long Target: 140000.0 | Long Pos Open: False
2025-08-12 20:53:57,690 - TradingThread - INFO - Price: 119311.5 | Long Target: 140000.0 | Long Pos Open: False
2025-08-12 20:53:57,793 - TradingThread - INFO - Price: 119311.6 | Long Target: 140000.0 | Long Pos Open: False
2025-08-12 20:53:57,890 - TradingThread - INFO - Price: 119311.6 | Long Target: 140000.0 | Long Pos Open: False
2025-08-12 20:53:57,990 - TradingThread - INFO - Price: 119311.6 | Long Target: 140000.0 | Long Pos Open: False
2025-08-12 20:53:58,090 - TradingThread - INFO - Price: 119311.6 | Long Target: 140000.0 | Long Pos Open: False
2025-08-12 20:53:58,190 - TradingThread - INFO - Price: 119292.5 | Long Target: 140000.0 | Long Pos Open: False
2025-08-12 20:53:58,290 - TradingThread - INFO - Price: 119292.9 | Long Target: 140000.0 | Long Pos Open: False
2025-08-12 20:53:58,390 - TradingThread - INFO - Price: 119292.9 | Long Target: 140000.0 | Long Pos Open: False
2025-08-12 20:53:58,490 - TradingThread - INFO - Price: 119292.9 | Long Target: 140000.0 | Long Pos Open: False
2025-08-12 20:53:58,590 - TradingThread - INFO - Price: 119292.9 | Long Target: 140000.0 | Long Pos Open: False
2025-08-12 20:53:58,690 - TradingThread - INFO - Price: 119293.0 | Long Target: 140000.0 | Long Pos Open: False
2025-08-12 20:53:58,790 - TradingThread - INFO - Price: 119293.0 | Long Target: 140000.0 | Long Pos Open: False
2025-08-12 20:53:58,990 - TradingThread - INFO - Price: 119293.0 | Long Target: 140000.0 | Long Pos Open: False
2025-08-12 20:53:59,090 - TradingThread - INFO - Price: 119293.0 | Long Target: 140000.0 | Long Pos Open: False
2025-08-12 20:53:59,190 - TradingThread - INFO - Price: 119293.0 | Long Target: 140000.0 | Long Pos Open: False
2025-08-12 20:53:59,291 - TradingThread - INFO - Price: 119293.0 | Long Target: 140000.0 | Long Pos Open: False
2025-08-12 20:53:59,389 - TradingThread - INFO - Price: 119293.0 | Long Target: 140000.0 | Long Pos Open: False
2025-08-12 20:53:59,490 - TradingThread - INFO - Price: 119293.0 | Long Target: 140000.0 | Long Pos Open: False
2025-08-12 20:53:59,590 - TradingThread - INFO - Price: 119293.0 | Long Target: 140000.0 | Long Pos Open: False
2025-08-12 20:53:59,690 - TradingThread - INFO - Price: 119293.0 | Long Target: 140000.0 | Long Pos Open: False
2025-08-12 20:53:59,790 - TradingThread - INFO - Price: 119293.0 | Long Target: 140000.0 | Long Pos Open: False
2025-08-12 20:53:59,890 - TradingThread - INFO - Price: 119293.0 | Long Target: 140000.0 | Long Pos Open: False
2025-08-12 20:53:59,990 - TradingThread - INFO - Price: 119293.0 | Long Target: 140000.0 | Long Pos Open: False
2025-08-12 20:54:00,090 - TradingThread - INFO - Price: 119293.0 | Long Target: 140000.0 | Long Pos Open: False
2025-08-12 20:54:00,189 - TradingThread - INFO - Price: 119293.0 | Long Target: 140000.0 | Long Pos Open: False
2025-08-12 20:54:00,290 - TradingThread - INFO - Price: 119292.9 | Long Target: 140000.0 | Long Pos Open: False
2025-08-12 20:54:00,389 - TradingThread - INFO - Price: 119292.9 | Long Target: 140000.0 | Long Pos Open: False
2025-08-12 20:54:00,490 - TradingThread - INFO - Price: 119285.6 | Long Target: 140000.0 | Long Pos Open: False
2025-08-12 20:54:00,592 - TradingThread - INFO - Price: 119280.2 | Long Target: 140000.0 | Long Pos Open: False
2025-08-12 20:54:00,690 - TradingThread - INFO - Price: 119280.2 | Long Target: 140000.0 | Long Pos Open: False
2025-08-12 20:54:00,790 - TradingThread - INFO - Price: 119280.2 | Long Target: 140000.0 | Long Pos Open: False
2025-08-12 20:54:00,890 - TradingThread - INFO - Price: 119280.2 | Long Target: 140000.0 | Long Pos Open: False
2025-08-12 20:54:00,990 - TradingThread - INFO - Price: 119280.2 | Long Target: 140000.0 | Long Pos Open: False
2025-08-12 20:54:01,090 - TradingThread - INFO - Price: 119280.2 | Long Target: 140000.0 | Long Pos Open: False
2025-08-12 20:54:01,291 - TradingThread - INFO - Price: 119280.2 | Long Target: 140000.0 | Long Pos Open: False
2025-08-12 20:54:01,390 - TradingThread - INFO - Price: 119280.2 | Long Target: 140000.0 | Long Pos Open: False
2025-08-12 20:54:01,489 - TradingThread - INFO - Price: 119276.0 | Long Target: 140000.0 | Long Pos Open: False
2025-08-12 20:54:01,590 - TradingThread - INFO - Price: 119276.0 | Long Target: 140000.0 | Long Pos Open: False
2025-08-12 20:54:01,690 - TradingThread - INFO - Price: 119276.0 | Long Target: 140000.0 | Long Pos Open: False
2025-08-12 20:54:01,789 - TradingThread - INFO - Price: 119276.0 | Long Target: 140000.0 | Long Pos Open: False
2025-08-12 20:54:01,892 - TradingThread - INFO - Price: 119276.0 | Long Target: 140000.0 | Long Pos Open: False
2025-08-12 20:54:01,990 - TradingThread - INFO - Price: 119276.0 | Long Target: 140000.0 | Long Pos Open: False
2025-08-12 20:54:02,190 - TradingThread - INFO - Price: 119276.1 | Long Target: 140000.0 | Long Pos Open: False
2025-08-12 20:54:02,290 - TradingThread - INFO - Price: 119276.1 | Long Target: 140000.0 | Long Pos Open: False
2025-08-12 20:54:02,390 - TradingThread - INFO - Price: 119276.1 | Long Target: 140000.0 | Long Pos Open: False
2025-08-12 20:54:02,490 - TradingThread - INFO - Price: 119276.1 | Long Target: 140000.0 | Long Pos Open: False
2025-08-12 20:54:02,590 - TradingThread - INFO - Price: 119276.1 | Long Target: 140000.0 | Long Pos Open: False
2025-08-12 20:54:02,690 - TradingThread - INFO - Price: 119276.1 | Long Target: 140000.0 | Long Pos Open: False
2025-08-12 20:54:02,790 - TradingThread - INFO - Price: 119276.1 | Long Target: 140000.0 | Long Pos Open: False
2025-08-12 20:54:02,890 - TradingThread - INFO - Price: 119276.1 | Long Target: 140000.0 | Long Pos Open: False
2025-08-12 20:54:02,990 - TradingThread - INFO - Price: 119276.1 | Long Target: 140000.0 | Long Pos Open: False
2025-08-12 20:54:03,090 - TradingThread - INFO - Price: 119276.1 | Long Target: 140000.0 | Long Pos Open: False
2025-08-12 20:54:03,189 - TradingThread - INFO - Price: 119276.0 | Long Target: 140000.0 | Long Pos Open: False
2025-08-12 20:54:03,289 - TradingThread - INFO - Price: 119276.0 | Long Target: 140000.0 | Long Pos Open: False
2025-08-12 20:54:03,389 - TradingThread - INFO - Price: 119276.0 | Long Target: 140000.0 | Long Pos Open: False
2025-08-12 20:54:03,490 - TradingThread - INFO - Price: 119276.0 | Long Target: 140000.0 | Long Pos Open: False
2025-08-12 20:54:03,591 - TradingThread - INFO - Price: 119276.0 | Long Target: 140000.0 | Long Pos Open: False
2025-08-12 20:54:03,790 - TradingThread - INFO - Price: 119276.0 | Long Target: 140000.0 | Long Pos Open: False
2025-08-12 20:54:04,090 - TradingThread - INFO - Price: 119256.2 | Long Target: 140000.0 | Long Pos Open: False
2025-08-12 20:54:04,190 - TradingThread - INFO - Price: 119256.2 | Long Target: 140000.0 | Long Pos Open: False
2025-08-12 20:54:04,290 - TradingThread - INFO - Price: 119252.1 | Long Target: 140000.0 | Long Pos Open: False
2025-08-12 20:54:04,390 - TradingThread - INFO - Price: 119252.1 | Long Target: 140000.0 | Long Pos Open: False
2025-08-12 20:54:04,489 - TradingThread - INFO - Price: 119252.1 | Long Target: 140000.0 | Long Pos Open: False
2025-08-12 20:54:04,589 - TradingThread - INFO - Price: 119252.1 | Long Target: 140000.0 | Long Pos Open: False
2025-08-12 20:54:04,689 - TradingThread - INFO - Price: 119252.2 | Long Target: 140000.0 | Long Pos Open: False
2025-08-12 20:54:04,791 - TradingThread - INFO - Price: 119252.1 | Long Target: 140000.0 | Long Pos Open: False
2025-08-12 20:54:04,890 - TradingThread - INFO - Price: 119252.2 | Long Target: 140000.0 | Long Pos Open: False
2025-08-12 20:54:04,990 - TradingThread - INFO - Price: 119252.2 | Long Target: 140000.0 | Long Pos Open: False
2025-08-12 20:54:05,090 - TradingThread - INFO - Price: 119252.2 | Long Target: 140000.0 | Long Pos Open: False
2025-08-12 20:54:05,190 - TradingThread - INFO - Price: 119252.2 | Long Target: 140000.0 | Long Pos Open: False
2025-08-12 20:54:05,290 - TradingThread - INFO - Price: 119252.2 | Long Target: 140000.0 | Long Pos Open: False
2025-08-12 20:54:05,390 - TradingThread - INFO - Price: 119252.2 | Long Target: 140000.0 | Long Pos Open: False
2025-08-12 20:54:05,590 - TradingThread - INFO - Price: 119252.2 | Long Target: 140000.0 | Long Pos Open: False
2025-08-12 20:54:05,689 - TradingThread - INFO - Price: 119252.2 | Long Target: 140000.0 | Long Pos Open: False
2025-08-12 20:54:05,790 - TradingThread - INFO - Price: 119252.2 | Long Target: 140000.0 | Long Pos Open: False
2025-08-12 20:54:05,890 - TradingThread - INFO - Price: 119252.2 | Long Target: 140000.0 | Long Pos Open: False
2025-08-12 20:54:05,990 - TradingThread - INFO - Price: 119252.2 | Long Target: 140000.0 | Long Pos Open: False
2025-08-12 20:54:06,089 - TradingThread - INFO - Price: 119252.1 | Long Target: 140000.0 | Long Pos Open: False
2025-08-12 20:54:06,189 - TradingThread - INFO - Price: 119252.1 | Long Target: 140000.0 | Long Pos Open: False
2025-08-12 20:54:06,291 - TradingThread - INFO - Price: 119252.1 | Long Target: 140000.0 | Long Pos Open: False
2025-08-12 20:54:06,390 - TradingThread - INFO - Price: 119252.1 | Long Target: 140000.0 | Long Pos Open: False
2025-08-12 20:54:06,590 - TradingThread - INFO - Price: 119252.1 | Long Target: 140000.0 | Long Pos Open: False
2025-08-12 20:54:06,690 - TradingThread - INFO - Price: 119252.1 | Long Target: 140000.0 | Long Pos Open: False
2025-08-12 20:54:06,790 - TradingThread - INFO - Price: 119252.1 | Long Target: 140000.0 | Long Pos Open: False
2025-08-12 20:54:06,890 - TradingThread - INFO - Price: 119252.2 | Long Target: 140000.0 | Long Pos Open: False
2025-08-12 20:54:06,989 - TradingThread - INFO - Price: 119252.2 | Long Target: 140000.0 | Long Pos Open: False
2025-08-12 20:54:07,090 - TradingThread - INFO - Price: 119252.2 | Long Target: 140000.0 | Long Pos Open: False
2025-08-12 20:54:07,190 - TradingThread - INFO - Price: 119252.2 | Long Target: 140000.0 | Long Pos Open: False
2025-08-12 20:54:07,289 - TradingThread - INFO - Price: 119252.2 | Long Target: 140000.0 | Long Pos Open: False
2025-08-12 20:54:07,389 - TradingThread - INFO - Price: 119252.2 | Long Target: 140000.0 | Long Pos Open: False
2025-08-12 20:54:07,489 - TradingThread - INFO - Price: 119252.2 | Long Target: 140000.0 | Long Pos Open: False
2025-08-12 20:54:07,589 - TradingThread - INFO - Price: 119252.2 | Long Target: 140000.0 | Long Pos Open: False
2025-08-12 20:54:07,690 - TradingThread - INFO - Price: 119252.2 | Long Target: 140000.0 | Long Pos Open: False
2025-08-12 20:54:07,890 - TradingThread - INFO - Price: 119252.2 | Long Target: 140000.0 | Long Pos Open: False
2025-08-12 20:54:07,990 - TradingThread - INFO - Price: 119252.2 | Long Target: 140000.0 | Long Pos Open: False
2025-08-12 20:54:08,090 - TradingThread - INFO - Price: 119252.2 | Long Target: 140000.0 | Long Pos Open: False
2025-08-12 20:54:08,190 - TradingThread - INFO - Price: 119252.2 | Long Target: 140000.0 | Long Pos Open: False
2025-08-12 20:54:08,290 - TradingThread - INFO - Price: 119252.2 | Long Target: 140000.0 | Long Pos Open: False
2025-08-12 20:54:08,490 - TradingThread - INFO - Price: 119252.2 | Long Target: 140000.0 | Long Pos Open: False
2025-08-12 20:54:08,690 - TradingThread - INFO - Price: 119252.2 | Long Target: 140000.0 | Long Pos Open: False
2025-08-12 20:54:08,789 - TradingThread - INFO - Price: 119252.1 | Long Target: 140000.0 | Long Pos Open: False
2025-08-12 20:54:08,889 - TradingThread - INFO - Price: 119252.1 | Long Target: 140000.0 | Long Pos Open: False
2025-08-12 20:54:08,990 - TradingThread - INFO - Price: 119252.1 | Long Target: 140000.0 | Long Pos Open: False
2025-08-12 20:54:09,189 - TradingThread - INFO - Price: 119252.1 | Long Target: 140000.0 | Long Pos Open: False
2025-08-12 20:54:09,289 - TradingThread - INFO - Price: 119252.1 | Long Target: 140000.0 | Long Pos Open: False
2025-08-12 20:54:09,389 - TradingThread - INFO - Price: 119252.1 | Long Target: 140000.0 | Long Pos Open: False
2025-08-12 20:54:09,489 - TradingThread - INFO - Price: 119252.1 | Long Target: 140000.0 | Long Pos Open: False
2025-08-12 20:54:09,589 - TradingThread - INFO - Price: 119252.1 | Long Target: 140000.0 | Long Pos Open: False
2025-08-12 20:54:09,790 - TradingThread - INFO - Price: 119252.1 | Long Target: 140000.0 | Long Pos Open: False
2025-08-12 20:54:09,890 - TradingThread - INFO - Price: 119252.1 | Long Target: 140000.0 | Long Pos Open: False
2025-08-12 20:54:09,990 - TradingThread - INFO - Price: 119252.1 | Long Target: 140000.0 | Long Pos Open: False
2025-08-12 20:54:10,090 - TradingThread - INFO - Price: 119252.1 | Long Target: 140000.0 | Long Pos Open: False
2025-08-12 20:54:10,189 - TradingThread - INFO - Price: 119252.1 | Long Target: 140000.0 | Long Pos Open: False
2025-08-12 20:54:10,289 - TradingThread - INFO - Price: 119252.1 | Long Target: 140000.0 | Long Pos Open: False
2025-08-12 20:54:10,389 - TradingThread - INFO - Price: 119252.1 | Long Target: 140000.0 | Long Pos Open: False
2025-08-12 20:54:10,489 - TradingThread - INFO - Price: 119252.1 | Long Target: 140000.0 | Long Pos Open: False
2025-08-12 20:54:10,590 - TradingThread - INFO - Price: 119252.1 | Long Target: 140000.0 | Long Pos Open: False
2025-08-12 20:54:10,689 - TradingThread - INFO - Price: 119252.1 | Long Target: 140000.0 | Long Pos Open: False
2025-08-12 20:54:10,790 - TradingThread - INFO - Price: 119252.1 | Long Target: 140000.0 | Long Pos Open: False
2025-08-12 20:54:10,989 - TradingThread - INFO - Price: 119252.1 | Long Target: 140000.0 | Long Pos Open: False
2025-08-12 20:54:11,089 - TradingThread - INFO - Price: 119252.1 | Long Target: 140000.0 | Long Pos Open: False
2025-08-12 20:54:11,189 - TradingThread - INFO - Price: 119252.1 | Long Target: 140000.0 | Long Pos Open: False
2025-08-12 20:54:11,289 - TradingThread - INFO - Price: 119252.1 | Long Target: 140000.0 | Long Pos Open: False
2025-08-12 20:54:11,389 - TradingThread - INFO - Price: 119252.1 | Long Target: 140000.0 | Long Pos Open: False
2025-08-12 20:54:11,490 - TradingThread - INFO - Price: 119252.1 | Long Target: 140000.0 | Long Pos Open: False
2025-08-12 20:54:11,589 - TradingThread - INFO - Price: 119252.1 | Long Target: 140000.0 | Long Pos Open: False
2025-08-12 20:54:11,689 - TradingThread - INFO - Price: 119252.1 | Long Target: 140000.0 | Long Pos Open: False
2025-08-12 20:54:11,789 - TradingThread - INFO - Price: 119252.1 | Long Target: 140000.0 | Long Pos Open: False
2025-08-12 20:54:11,889 - TradingThread - INFO - Price: 119252.1 | Long Target: 140000.0 | Long Pos Open: False
2025-08-12 20:54:11,989 - TradingThread - INFO - Price: 119252.1 | Long Target: 140000.0 | Long Pos Open: False
2025-08-12 20:54:12,189 - TradingThread - INFO - Price: 119252.2 | Long Target: 140000.0 | Long Pos Open: False
2025-08-12 20:54:12,290 - TradingThread - INFO - Price: 119252.2 | Long Target: 140000.0 | Long Pos Open: False
2025-08-12 20:54:12,390 - TradingThread - INFO - Price: 119252.2 | Long Target: 140000.0 | Long Pos Open: False
2025-08-12 20:54:12,489 - TradingThread - INFO - Price: 119252.2 | Long Target: 140000.0 | Long Pos Open: False
2025-08-12 20:54:12,589 - TradingThread - INFO - Price: 119252.2 | Long Target: 140000.0 | Long Pos Open: False
2025-08-12 20:54:12,689 - TradingThread - INFO - Price: 119252.2 | Long Target: 140000.0 | Long Pos Open: False
2025-08-12 20:54:12,789 - TradingThread - INFO - Price: 119252.2 | Long Target: 140000.0 | Long Pos Open: False
2025-08-12 20:54:12,891 - TradingThread - INFO - Price: 119252.2 | Long Target: 140000.0 | Long Pos Open: False
2025-08-12 20:54:12,989 - TradingThread - INFO - Price: 119252.2 | Long Target: 140000.0 | Long Pos Open: False
2025-08-12 20:54:13,089 - TradingThread - INFO - Price: 119252.2 | Long Target: 140000.0 | Long Pos Open: False
2025-08-12 20:54:13,189 - TradingThread - INFO - Price: 119252.2 | Long Target: 140000.0 | Long Pos Open: False
2025-08-12 20:54:13,289 - TradingThread - INFO - Price: 119252.2 | Long Target: 140000.0 | Long Pos Open: False
2025-08-12 20:54:13,389 - TradingThread - INFO - Price: 119252.2 | Long Target: 140000.0 | Long Pos Open: False
2025-08-12 20:54:13,590 - TradingThread - INFO - Price: 119252.2 | Long Target: 140000.0 | Long Pos Open: False
2025-08-12 20:54:13,689 - TradingThread - INFO - Price: 119252.2 | Long Target: 140000.0 | Long Pos Open: False
2025-08-12 20:54:13,889 - TradingThread - INFO - Price: 119252.2 | Long Target: 140000.0 | Long Pos Open: False
2025-08-12 20:54:13,989 - TradingThread - INFO - Price: 119252.2 | Long Target: 140000.0 | Long Pos Open: False
2025-08-12 20:54:14,189 - TradingThread - INFO - Price: 119252.2 | Long Target: 140000.0 | Long Pos Open: False
2025-08-12 20:54:14,289 - TradingThread - INFO - Price: 119252.2 | Long Target: 140000.0 | Long Pos Open: False
2025-08-12 20:54:14,389 - TradingThread - INFO - Price: 119252.2 | Long Target: 140000.0 | Long Pos Open: False
2025-08-12 20:54:14,590 - TradingThread - INFO - Price: 119252.2 | Long Target: 140000.0 | Long Pos Open: False
2025-08-12 20:54:14,689 - TradingThread - INFO - Price: 119252.2 | Long Target: 140000.0 | Long Pos Open: False
2025-08-12 20:54:14,789 - TradingThread - INFO - Price: 119252.2 | Long Target: 140000.0 | Long Pos Open: False
2025-08-12 20:54:14,889 - TradingThread - INFO - Price: 119252.2 | Long Target: 140000.0 | Long Pos Open: False
2025-08-12 20:54:14,989 - TradingThread - INFO - Price: 119252.2 | Long Target: 140000.0 | Long Pos Open: False
2025-08-12 20:54:15,089 - TradingThread - INFO - Price: 119252.2 | Long Target: 140000.0 | Long Pos Open: False
2025-08-12 20:54:15,189 - TradingThread - INFO - Price: 119252.2 | Long Target: 140000.0 | Long Pos Open: False
2025-08-12 20:54:15,289 - TradingThread - INFO - Price: 119252.2 | Long Target: 140000.0 | Long Pos Open: False
2025-08-12 20:54:15,389 - TradingThread - INFO - Price: 119252.2 | Long Target: 140000.0 | Long Pos Open: False
2025-08-12 20:54:15,489 - TradingThread - INFO - Price: 119252.2 | Long Target: 140000.0 | Long Pos Open: False
2025-08-12 20:54:15,589 - TradingThread - INFO - Price: 119252.2 | Long Target: 140000.0 | Long Pos Open: False
2025-08-12 20:54:15,689 - TradingThread - INFO - Price: 119252.2 | Long Target: 140000.0 | Long Pos Open: False
2025-08-12 20:54:15,789 - TradingThread - INFO - Price: 119252.2 | Long Target: 140000.0 | Long Pos Open: False
2025-08-12 20:54:15,889 - TradingThread - INFO - Price: 119252.1 | Long Target: 140000.0 | Long Pos Open: False
2025-08-12 20:54:15,989 - TradingThread - INFO - Price: 119252.1 | Long Target: 140000.0 | Long Pos Open: False
2025-08-12 20:54:16,092 - TradingThread - INFO - Price: 119252.1 | Long Target: 140000.0 | Long Pos Open: False
2025-08-12 20:54:16,189 - TradingThread - INFO - Price: 119252.1 | Long Target: 140000.0 | Long Pos Open: False
2025-08-12 20:54:16,389 - TradingThread - INFO - Price: 119252.1 | Long Target: 140000.0 | Long Pos Open: False
2025-08-12 20:54:16,489 - TradingThread - INFO - Price: 119252.2 | Long Target: 140000.0 | Long Pos Open: False
2025-08-12 20:54:16,589 - TradingThread - INFO - Price: 119252.2 | Long Target: 140000.0 | Long Pos Open: False
2025-08-12 20:54:16,689 - TradingThread - INFO - Price: 119252.2 | Long Target: 140000.0 | Long Pos Open: False
2025-08-12 20:54:16,789 - TradingThread - INFO - Price: 119252.2 | Long Target: 140000.0 | Long Pos Open: False
2025-08-12 20:54:16,989 - TradingThread - INFO - Price: 119252.2 | Long Target: 140000.0 | Long Pos Open: False
2025-08-12 20:54:17,089 - TradingThread - INFO - Price: 119252.2 | Long Target: 140000.0 | Long Pos Open: False
2025-08-12 20:54:17,190 - TradingThread - INFO - Price: 119252.2 | Long Target: 140000.0 | Long Pos Open: False
2025-08-12 20:54:17,289 - TradingThread - INFO - Price: 119252.1 | Long Target: 140000.0 | Long Pos Open: False
2025-08-12 20:54:17,389 - TradingThread - INFO - Price: 119252.1 | Long Target: 140000.0 | Long Pos Open: False
2025-08-12 20:54:17,490 - TradingThread - INFO - Price: 119252.1 | Long Target: 140000.0 | Long Pos Open: False
2025-08-12 20:54:17,588 - TradingThread - INFO - Price: 119252.1 | Long Target: 140000.0 | Long Pos Open: False
2025-08-12 20:54:17,689 - TradingThread - INFO - Price: 119252.1 | Long Target: 140000.0 | Long Pos Open: False
2025-08-12 20:54:17,789 - TradingThread - INFO - Price: 119252.1 | Long Target: 140000.0 | Long Pos Open: False
2025-08-12 20:54:17,891 - TradingThread - INFO - Price: 119252.1 | Long Target: 140000.0 | Long Pos Open: False
2025-08-12 20:54:18,189 - TradingThread - INFO - Price: 119252.1 | Long Target: 140000.0 | Long Pos Open: False
2025-08-12 20:54:18,289 - TradingThread - INFO - Price: 119252.1 | Long Target: 140000.0 | Long Pos Open: False
2025-08-12 20:54:18,389 - TradingThread - INFO - Price: 119252.2 | Long Target: 140000.0 | Long Pos Open: False
2025-08-12 20:54:18,489 - TradingThread - INFO - Price: 119252.2 | Long Target: 140000.0 | Long Pos Open: False
2025-08-12 20:54:18,588 - TradingThread - INFO - Price: 119252.2 | Long Target: 140000.0 | Long Pos Open: False
2025-08-12 20:54:18,788 - TradingThread - INFO - Price: 119252.2 | Long Target: 140000.0 | Long Pos Open: False
2025-08-12 20:54:19,089 - TradingThread - INFO - Price: 119252.2 | Long Target: 140000.0 | Long Pos Open: False
2025-08-12 20:54:19,189 - TradingThread - INFO - Price: 119252.2 | Long Target: 140000.0 | Long Pos Open: False
2025-08-12 20:54:19,289 - TradingThread - INFO - Price: 119252.2 | Long Target: 140000.0 | Long Pos Open: False
2025-08-12 20:54:19,389 - TradingThread - INFO - Price: 119252.2 | Long Target: 140000.0 | Long Pos Open: False
2025-08-12 20:54:19,489 - TradingThread - INFO - Price: 119252.2 | Long Target: 140000.0 | Long Pos Open: False
2025-08-12 20:54:19,590 - TradingThread - INFO - Price: 119252.2 | Long Target: 140000.0 | Long Pos Open: False
2025-08-12 20:54:19,689 - TradingThread - INFO - Price: 119252.2 | Long Target: 140000.0 | Long Pos Open: False
2025-08-12 20:54:19,792 - TradingThread - INFO - Price: 119252.2 | Long Target: 140000.0 | Long Pos Open: False
2025-08-12 20:54:19,889 - TradingThread - INFO - Price: 119252.2 | Long Target: 140000.0 | Long Pos Open: False
2025-08-12 20:54:19,989 - TradingThread - INFO - Price: 119252.2 | Long Target: 140000.0 | Long Pos Open: False
2025-08-12 20:54:20,091 - TradingThread - INFO - Price: 119252.2 | Long Target: 140000.0 | Long Pos Open: False
2025-08-12 20:54:20,190 - TradingThread - INFO - Price: 119252.2 | Long Target: 140000.0 | Long Pos Open: False
2025-08-12 20:54:20,289 - TradingThread - INFO - Price: 119252.2 | Long Target: 140000.0 | Long Pos Open: False
2025-08-12 20:54:20,389 - TradingThread - INFO - Price: 119252.2 | Long Target: 140000.0 | Long Pos Open: False
2025-08-12 20:54:20,490 - TradingThread - INFO - Price: 119254.9 | Long Target: 140000.0 | Long Pos Open: False
2025-08-12 20:54:20,589 - TradingThread - INFO - Price: 119261.8 | Long Target: 140000.0 | Long Pos Open: False
2025-08-12 20:54:20,689 - TradingThread - INFO - Price: 119261.8 | Long Target: 140000.0 | Long Pos Open: False
2025-08-12 20:54:20,789 - TradingThread - INFO - Price: 119261.8 | Long Target: 140000.0 | Long Pos Open: False
2025-08-12 20:54:20,889 - TradingThread - INFO - Price: 119261.8 | Long Target: 140000.0 | Long Pos Open: False
2025-08-12 20:54:20,989 - TradingThread - INFO - Price: 119261.8 | Long Target: 140000.0 | Long Pos Open: False
2025-08-12 20:54:21,090 - TradingThread - INFO - Price: 119261.8 | Long Target: 140000.0 | Long Pos Open: False
2025-08-12 20:54:21,189 - TradingThread - INFO - Price: 119261.8 | Long Target: 140000.0 | Long Pos Open: False
2025-08-12 20:54:21,489 - TradingThread - INFO - Price: 119264.8 | Long Target: 140000.0 | Long Pos Open: False
2025-08-12 20:54:21,589 - TradingThread - INFO - Price: 119264.9 | Long Target: 140000.0 | Long Pos Open: False
2025-08-12 20:54:21,689 - TradingThread - INFO - Price: 119264.9 | Long Target: 140000.0 | Long Pos Open: False
2025-08-12 20:54:21,789 - TradingThread - INFO - Price: 119264.9 | Long Target: 140000.0 | Long Pos Open: False
2025-08-12 20:54:21,889 - TradingThread - INFO - Price: 119264.9 | Long Target: 140000.0 | Long Pos Open: False
2025-08-12 20:54:21,989 - TradingThread - INFO - Price: 119264.9 | Long Target: 140000.0 | Long Pos Open: False
2025-08-12 20:54:22,089 - TradingThread - INFO - Price: 119264.9 | Long Target: 140000.0 | Long Pos Open: False
2025-08-12 20:54:22,289 - TradingThread - INFO - Price: 119264.9 | Long Target: 140000.0 | Long Pos Open: False
2025-08-12 20:54:22,388 - TradingThread - INFO - Price: 119264.9 | Long Target: 140000.0 | Long Pos Open: False
2025-08-12 20:54:22,489 - TradingThread - INFO - Price: 119264.9 | Long Target: 140000.0 | Long Pos Open: False
2025-08-12 20:54:22,590 - TradingThread - INFO - Price: 119264.9 | Long Target: 140000.0 | Long Pos Open: False
2025-08-12 20:54:22,689 - TradingThread - INFO - Price: 119264.9 | Long Target: 140000.0 | Long Pos Open: False
2025-08-12 20:54:22,788 - TradingThread - INFO - Price: 119264.9 | Long Target: 140000.0 | Long Pos Open: False
2025-08-12 20:54:22,889 - TradingThread - INFO - Price: 119264.9 | Long Target: 140000.0 | Long Pos Open: False
2025-08-12 20:54:22,988 - TradingThread - INFO - Price: 119264.9 | Long Target: 140000.0 | Long Pos Open: False
2025-08-12 20:54:23,089 - TradingThread - INFO - Price: 119264.9 | Long Target: 140000.0 | Long Pos Open: False
2025-08-12 20:54:23,189 - TradingThread - INFO - Price: 119264.9 | Long Target: 140000.0 | Long Pos Open: False
2025-08-12 20:54:23,289 - TradingThread - INFO - Price: 119264.9 | Long Target: 140000.0 | Long Pos Open: False
2025-08-12 20:54:23,590 - TradingThread - INFO - Price: 119264.9 | Long Target: 140000.0 | Long Pos Open: False
2025-08-12 20:54:23,689 - TradingThread - INFO - Price: 119264.9 | Long Target: 140000.0 | Long Pos Open: False
2025-08-12 20:54:23,790 - TradingThread - INFO - Price: 119264.9 | Long Target: 140000.0 | Long Pos Open: False
2025-08-12 20:54:23,889 - TradingThread - INFO - Price: 119264.9 | Long Target: 140000.0 | Long Pos Open: False
2025-08-12 20:54:23,989 - TradingThread - INFO - Price: 119264.9 | Long Target: 140000.0 | Long Pos Open: False
2025-08-12 20:54:24,089 - TradingThread - INFO - Price: 119264.9 | Long Target: 140000.0 | Long Pos Open: False
2025-08-12 20:54:24,188 - TradingThread - INFO - Price: 119264.9 | Long Target: 140000.0 | Long Pos Open: False
2025-08-12 20:54:24,289 - TradingThread - INFO - Price: 119264.9 | Long Target: 140000.0 | Long Pos Open: False
2025-08-12 20:54:24,388 - TradingThread - INFO - Price: 119264.9 | Long Target: 140000.0 | Long Pos Open: False
2025-08-12 20:54:24,489 - TradingThread - INFO - Price: 119264.9 | Long Target: 140000.0 | Long Pos Open: False
2025-08-12 20:54:24,590 - TradingThread - INFO - Price: 119264.9 | Long Target: 140000.0 | Long Pos Open: False
2025-08-12 20:54:24,688 - TradingThread - INFO - Price: 119264.9 | Long Target: 140000.0 | Long Pos Open: False
2025-08-12 20:54:24,788 - TradingThread - INFO - Price: 119264.9 | Long Target: 140000.0 | Long Pos Open: False
2025-08-12 20:54:25,089 - TradingThread - INFO - Price: 119264.8 | Long Target: 140000.0 | Long Pos Open: False
2025-08-12 20:54:25,189 - TradingThread - INFO - Price: 119264.8 | Long Target: 140000.0 | Long Pos Open: False
2025-08-12 20:54:25,589 - TradingThread - INFO - Price: 119264.9 | Long Target: 140000.0 | Long Pos Open: False
2025-08-12 20:54:25,688 - TradingThread - INFO - Price: 119264.9 | Long Target: 140000.0 | Long Pos Open: False
2025-08-12 20:54:25,788 - TradingThread - INFO - Price: 119264.9 | Long Target: 140000.0 | Long Pos Open: False
2025-08-12 20:54:25,989 - TradingThread - INFO - Price: 119264.8 | Long Target: 140000.0 | Long Pos Open: False
2025-08-12 20:54:26,091 - TradingThread - INFO - Price: 119264.8 | Long Target: 140000.0 | Long Pos Open: False
2025-08-12 20:54:26,189 - TradingThread - INFO - Price: 119264.8 | Long Target: 140000.0 | Long Pos Open: False
2025-08-12 20:54:26,289 - TradingThread - INFO - Price: 119264.8 | Long Target: 140000.0 | Long Pos Open: False
2025-08-12 20:54:26,388 - TradingThread - INFO - Price: 119264.8 | Long Target: 140000.0 | Long Pos Open: False
2025-08-12 20:54:26,488 - TradingThread - INFO - Price: 119264.8 | Long Target: 140000.0 | Long Pos Open: False
2025-08-12 20:54:26,588 - TradingThread - INFO - Price: 119264.8 | Long Target: 140000.0 | Long Pos Open: False
2025-08-12 20:54:26,689 - TradingThread - INFO - Price: 119264.8 | Long Target: 140000.0 | Long Pos Open: False
2025-08-12 20:54:26,889 - TradingThread - INFO - Price: 119264.8 | Long Target: 140000.0 | Long Pos Open: False
2025-08-12 20:54:26,988 - TradingThread - INFO - Price: 119264.8 | Long Target: 140000.0 | Long Pos Open: False
2025-08-12 20:54:27,088 - TradingThread - INFO - Price: 119264.9 | Long Target: 140000.0 | Long Pos Open: False
2025-08-12 20:54:27,190 - TradingThread - INFO - Price: 119264.9 | Long Target: 140000.0 | Long Pos Open: False
2025-08-12 20:54:27,388 - TradingThread - INFO - Price: 119264.9 | Long Target: 140000.0 | Long Pos Open: False
2025-08-12 20:54:27,488 - TradingThread - INFO - Price: 119264.9 | Long Target: 140000.0 | Long Pos Open: False
2025-08-12 20:54:27,588 - TradingThread - INFO - Price: 119264.9 | Long Target: 140000.0 | Long Pos Open: False
2025-08-12 20:54:27,689 - TradingThread - INFO - Price: 119264.8 | Long Target: 140000.0 | Long Pos Open: False
2025-08-12 20:54:27,788 - TradingThread - INFO - Price: 119264.8 | Long Target: 140000.0 | Long Pos Open: False
2025-08-12 20:54:27,889 - TradingThread - INFO - Price: 119264.8 | Long Target: 140000.0 | Long Pos Open: False
2025-08-12 20:54:27,988 - TradingThread - INFO - Price: 119264.8 | Long Target: 140000.0 | Long Pos Open: False
2025-08-12 20:54:28,089 - TradingThread - INFO - Price: 119264.8 | Long Target: 140000.0 | Long Pos Open: False
2025-08-12 20:54:28,189 - TradingThread - INFO - Price: 119264.8 | Long Target: 140000.0 | Long Pos Open: False
2025-08-12 20:54:28,289 - TradingThread - INFO - Price: 119264.8 | Long Target: 140000.0 | Long Pos Open: False
2025-08-12 20:54:28,388 - TradingThread - INFO - Price: 119264.8 | Long Target: 140000.0 | Long Pos Open: False
2025-08-12 20:54:28,489 - TradingThread - INFO - Price: 119264.9 | Long Target: 140000.0 | Long Pos Open: False
2025-08-12 20:54:28,588 - TradingThread - INFO - Price: 119264.9 | Long Target: 140000.0 | Long Pos Open: False
2025-08-12 20:54:28,689 - TradingThread - INFO - Price: 119264.9 | Long Target: 140000.0 | Long Pos Open: False
2025-08-12 20:54:28,789 - TradingThread - INFO - Price: 119264.9 | Long Target: 140000.0 | Long Pos Open: False
2025-08-12 20:54:28,888 - TradingThread - INFO - Price: 119264.9 | Long Target: 140000.0 | Long Pos Open: False
2025-08-12 20:54:28,989 - TradingThread - INFO - Price: 119264.9 | Long Target: 140000.0 | Long Pos Open: False
2025-08-12 20:54:29,288 - TradingThread - INFO - Price: 119264.9 | Long Target: 140000.0 | Long Pos Open: False
2025-08-12 20:54:29,388 - TradingThread - INFO - Price: 119264.9 | Long Target: 140000.0 | Long Pos Open: False
2025-08-12 20:54:29,489 - TradingThread - INFO - Price: 119264.9 | Long Target: 140000.0 | Long Pos Open: False
2025-08-12 20:54:29,589 - TradingThread - INFO - Price: 119264.9 | Long Target: 140000.0 | Long Pos Open: False
2025-08-12 20:54:29,688 - TradingThread - INFO - Price: 119264.9 | Long Target: 140000.0 | Long Pos Open: False
2025-08-12 20:54:29,788 - TradingThread - INFO - Price: 119264.9 | Long Target: 140000.0 | Long Pos Open: False
2025-08-12 20:54:29,888 - TradingThread - INFO - Price: 119264.9 | Long Target: 140000.0 | Long Pos Open: False
2025-08-12 20:54:29,989 - TradingThread - INFO - Price: 119264.9 | Long Target: 140000.0 | Long Pos Open: False
2025-08-12 20:54:30,088 - TradingThread - INFO - Price: 119264.9 | Long Target: 140000.0 | Long Pos Open: False
2025-08-12 20:54:30,190 - TradingThread - INFO - Price: 119264.9 | Long Target: 140000.0 | Long Pos Open: False
2025-08-12 20:54:30,289 - TradingThread - INFO - Price: 119264.9 | Long Target: 140000.0 | Long Pos Open: False
2025-08-12 20:54:30,388 - TradingThread - INFO - Price: 119264.9 | Long Target: 140000.0 | Long Pos Open: False
2025-08-12 20:54:30,488 - TradingThread - INFO - Price: 119264.9 | Long Target: 140000.0 | Long Pos Open: False
2025-08-12 20:54:30,588 - TradingThread - INFO - Price: 119264.9 | Long Target: 140000.0 | Long Pos Open: False
2025-08-12 20:54:30,689 - TradingThread - INFO - Price: 119264.9 | Long Target: 140000.0 | Long Pos Open: False
2025-08-12 20:54:30,788 - TradingThread - INFO - Price: 119264.9 | Long Target: 140000.0 | Long Pos Open: False
2025-08-12 20:54:30,988 - TradingThread - INFO - Price: 119264.8 | Long Target: 140000.0 | Long Pos Open: False
2025-08-12 20:54:31,088 - TradingThread - INFO - Price: 119264.8 | Long Target: 140000.0 | Long Pos Open: False
2025-08-12 20:54:31,188 - TradingThread - INFO - Price: 119264.9 | Long Target: 140000.0 | Long Pos Open: False
2025-08-12 20:54:31,288 - TradingThread - INFO - Price: 119264.9 | Long Target: 140000.0 | Long Pos Open: False
2025-08-12 20:54:31,389 - TradingThread - INFO - Price: 119264.9 | Long Target: 140000.0 | Long Pos Open: False
2025-08-12 20:54:31,588 - TradingThread - INFO - Price: 119264.9 | Long Target: 140000.0 | Long Pos Open: False
2025-08-12 20:54:31,788 - TradingThread - INFO - Price: 119264.9 | Long Target: 140000.0 | Long Pos Open: False
2025-08-12 20:54:31,889 - TradingThread - INFO - Price: 119264.8 | Long Target: 140000.0 | Long Pos Open: False
2025-08-12 20:54:31,988 - TradingThread - INFO - Price: 119264.8 | Long Target: 140000.0 | Long Pos Open: False
2025-08-12 20:54:32,089 - TradingThread - INFO - Price: 119264.8 | Long Target: 140000.0 | Long Pos Open: False
2025-08-12 20:54:32,190 - TradingThread - INFO - Price: 119264.8 | Long Target: 140000.0 | Long Pos Open: False
2025-08-12 20:54:32,288 - TradingThread - INFO - Price: 119264.8 | Long Target: 140000.0 | Long Pos Open: False
2025-08-12 20:54:32,388 - TradingThread - INFO - Price: 119264.8 | Long Target: 140000.0 | Long Pos Open: False
2025-08-12 20:54:32,589 - TradingThread - INFO - Price: 119264.8 | Long Target: 140000.0 | Long Pos Open: False
2025-08-12 20:54:32,788 - TradingThread - INFO - Price: 119264.8 | Long Target: 140000.0 | Long Pos Open: False
2025-08-12 20:54:32,888 - TradingThread - INFO - Price: 119264.8 | Long Target: 140000.0 | Long Pos Open: False
2025-08-12 20:54:32,988 - TradingThread - INFO - Price: 119264.8 | Long Target: 140000.0 | Long Pos Open: False
2025-08-12 20:54:33,188 - TradingThread - INFO - Price: 119264.8 | Long Target: 140000.0 | Long Pos Open: False
2025-08-12 20:54:33,288 - TradingThread - INFO - Price: 119264.8 | Long Target: 140000.0 | Long Pos Open: False
2025-08-12 20:54:33,388 - TradingThread - INFO - Price: 119264.8 | Long Target: 140000.0 | Long Pos Open: False
2025-08-12 20:54:33,488 - TradingThread - INFO - Price: 119264.8 | Long Target: 140000.0 | Long Pos Open: False
2025-08-12 20:54:33,589 - TradingThread - INFO - Price: 119264.8 | Long Target: 140000.0 | Long Pos Open: False
2025-08-12 20:54:33,688 - TradingThread - INFO - Price: 119264.8 | Long Target: 140000.0 | Long Pos Open: False
2025-08-12 20:54:33,788 - TradingThread - INFO - Price: 119264.8 | Long Target: 140000.0 | Long Pos Open: False
2025-08-12 20:54:33,888 - TradingThread - INFO - Price: 119264.8 | Long Target: 140000.0 | Long Pos Open: False
2025-08-12 20:54:33,988 - TradingThread - INFO - Price: 119264.8 | Long Target: 140000.0 | Long Pos Open: False
2025-08-12 20:54:34,088 - TradingThread - INFO - Price: 119264.9 | Long Target: 140000.0 | Long Pos Open: False
2025-08-12 20:54:34,188 - TradingThread - INFO - Price: 119264.9 | Long Target: 140000.0 | Long Pos Open: False
2025-08-12 20:54:34,289 - TradingThread - INFO - Price: 119264.9 | Long Target: 140000.0 | Long Pos Open: False
2025-08-12 20:54:34,388 - TradingThread - INFO - Price: 119264.9 | Long Target: 140000.0 | Long Pos Open: False
2025-08-12 20:54:34,688 - TradingThread - INFO - Price: 119264.9 | Long Target: 140000.0 | Long Pos Open: False
2025-08-12 20:54:34,789 - TradingThread - INFO - Price: 119264.9 | Long Target: 140000.0 | Long Pos Open: False
2025-08-12 20:54:34,892 - TradingThread - INFO - Price: 119264.9 | Long Target: 140000.0 | Long Pos Open: False
2025-08-12 20:54:34,988 - TradingThread - INFO - Price: 119264.9 | Long Target: 140000.0 | Long Pos Open: False
2025-08-12 20:54:35,188 - TradingThread - INFO - Price: 119264.9 | Long Target: 140000.0 | Long Pos Open: False
2025-08-12 20:54:35,288 - TradingThread - INFO - Price: 119264.9 | Long Target: 140000.0 | Long Pos Open: False
2025-08-12 20:54:35,388 - TradingThread - INFO - Price: 119264.9 | Long Target: 140000.0 | Long Pos Open: False
2025-08-12 20:54:35,489 - TradingThread - INFO - Price: 119264.9 | Long Target: 140000.0 | Long Pos Open: False
2025-08-12 20:54:35,588 - TradingThread - INFO - Price: 119264.9 | Long Target: 140000.0 | Long Pos Open: False
2025-08-12 20:54:35,688 - TradingThread - INFO - Price: 119264.9 | Long Target: 140000.0 | Long Pos Open: False
2025-08-12 20:54:35,788 - TradingThread - INFO - Price: 119264.9 | Long Target: 140000.0 | Long Pos Open: False
2025-08-12 20:54:35,889 - TradingThread - INFO - Price: 119264.9 | Long Target: 140000.0 | Long Pos Open: False
2025-08-12 20:54:35,988 - TradingThread - INFO - Price: 119264.9 | Long Target: 140000.0 | Long Pos Open: False
2025-08-12 20:54:36,088 - TradingThread - INFO - Price: 119264.9 | Long Target: 140000.0 | Long Pos Open: False
2025-08-12 20:54:36,288 - TradingThread - INFO - Price: 119264.8 | Long Target: 140000.0 | Long Pos Open: False
2025-08-12 20:54:36,388 - TradingThread - INFO - Price: 119264.8 | Long Target: 140000.0 | Long Pos Open: False
2025-08-12 20:54:36,488 - TradingThread - INFO - Price: 119264.8 | Long Target: 140000.0 | Long Pos Open: False
2025-08-12 20:54:36,588 - TradingThread - INFO - Price: 119271.7 | Long Target: 140000.0 | Long Pos Open: False
2025-08-12 20:54:36,688 - TradingThread - INFO - Price: 119275.8 | Long Target: 140000.0 | Long Pos Open: False
2025-08-12 20:54:36,788 - TradingThread - INFO - Price: 119275.8 | Long Target: 140000.0 | Long Pos Open: False
2025-08-12 20:54:36,888 - TradingThread - INFO - Price: 119275.9 | Long Target: 140000.0 | Long Pos Open: False
2025-08-12 20:54:36,988 - TradingThread - INFO - Price: 119275.9 | Long Target: 140000.0 | Long Pos Open: False
2025-08-12 20:54:37,088 - TradingThread - INFO - Price: 119275.9 | Long Target: 140000.0 | Long Pos Open: False
2025-08-12 20:54:37,189 - TradingThread - INFO - Price: 119275.9 | Long Target: 140000.0 | Long Pos Open: False
2025-08-12 20:54:37,288 - TradingThread - INFO - Price: 119275.9 | Long Target: 140000.0 | Long Pos Open: False
2025-08-12 20:54:37,391 - TradingThread - INFO - Price: 119275.9 | Long Target: 140000.0 | Long Pos Open: False
2025-08-12 20:54:37,488 - TradingThread - INFO - Price: 119275.9 | Long Target: 140000.0 | Long Pos Open: False
2025-08-12 20:54:37,688 - TradingThread - INFO - Price: 119275.9 | Long Target: 140000.0 | Long Pos Open: False
2025-08-12 20:54:37,789 - TradingThread - INFO - Price: 119275.9 | Long Target: 140000.0 | Long Pos Open: False
2025-08-12 20:54:37,888 - TradingThread - INFO - Price: 119275.9 | Long Target: 140000.0 | Long Pos Open: False
2025-08-12 20:54:37,988 - TradingThread - INFO - Price: 119275.9 | Long Target: 140000.0 | Long Pos Open: False
2025-08-12 20:54:38,088 - TradingThread - INFO - Price: 119275.9 | Long Target: 140000.0 | Long Pos Open: False
2025-08-12 20:54:38,189 - TradingThread - INFO - Price: 119275.9 | Long Target: 140000.0 | Long Pos Open: False
2025-08-12 20:54:38,289 - TradingThread - INFO - Price: 119275.9 | Long Target: 140000.0 | Long Pos Open: False
2025-08-12 20:54:38,388 - TradingThread - INFO - Price: 119275.9 | Long Target: 140000.0 | Long Pos Open: False
2025-08-12 20:54:38,488 - TradingThread - INFO - Price: 119264.0 | Long Target: 140000.0 | Long Pos Open: False
2025-08-12 20:54:38,588 - TradingThread - INFO - Price: 119258.8 | Long Target: 140000.0 | Long Pos Open: False
2025-08-12 20:54:38,689 - TradingThread - INFO - Price: 119258.8 | Long Target: 140000.0 | Long Pos Open: False
2025-08-12 20:54:38,788 - TradingThread - INFO - Price: 119258.8 | Long Target: 140000.0 | Long Pos Open: False
2025-08-12 20:54:38,888 - TradingThread - INFO - Price: 119258.8 | Long Target: 140000.0 | Long Pos Open: False
2025-08-12 20:54:38,988 - TradingThread - INFO - Price: 119259.9 | Long Target: 140000.0 | Long Pos Open: False
2025-08-12 20:54:39,089 - TradingThread - INFO - Price: 119259.9 | Long Target: 140000.0 | Long Pos Open: False
2025-08-12 20:54:39,188 - TradingThread - INFO - Price: 119259.9 | Long Target: 140000.0 | Long Pos Open: False
2025-08-12 20:54:39,288 - TradingThread - INFO - Price: 119259.9 | Long Target: 140000.0 | Long Pos Open: False
2025-08-12 20:54:39,488 - TradingThread - INFO - Price: 119259.9 | Long Target: 140000.0 | Long Pos Open: False
2025-08-12 20:54:39,689 - TradingThread - INFO - Price: 119259.9 | Long Target: 140000.0 | Long Pos Open: False
2025-08-12 20:54:39,788 - TradingThread - INFO - Price: 119259.9 | Long Target: 140000.0 | Long Pos Open: False
2025-08-12 20:54:39,889 - TradingThread - INFO - Price: 119259.9 | Long Target: 140000.0 | Long Pos Open: False
2025-08-12 20:54:39,988 - TradingThread - INFO - Price: 119259.9 | Long Target: 140000.0 | Long Pos Open: False
2025-08-12 20:54:40,089 - TradingThread - INFO - Price: 119259.8 | Long Target: 140000.0 | Long Pos Open: False
2025-08-12 20:54:40,188 - TradingThread - INFO - Price: 119259.9 | Long Target: 140000.0 | Long Pos Open: False
2025-08-12 20:54:40,288 - TradingThread - INFO - Price: 119259.9 | Long Target: 140000.0 | Long Pos Open: False
2025-08-12 20:54:40,388 - TradingThread - INFO - Price: 119259.9 | Long Target: 140000.0 | Long Pos Open: False
2025-08-12 20:54:40,487 - TradingThread - INFO - Price: 119259.9 | Long Target: 140000.0 | Long Pos Open: False
2025-08-12 20:54:40,588 - TradingThread - INFO - Price: 119259.9 | Long Target: 140000.0 | Long Pos Open: False
2025-08-12 20:54:40,787 - TradingThread - INFO - Price: 119260.0 | Long Target: 140000.0 | Long Pos Open: False
2025-08-12 20:54:40,889 - TradingThread - INFO - Price: 119260.0 | Long Target: 140000.0 | Long Pos Open: False
2025-08-12 20:54:40,988 - TradingThread - INFO - Price: 119262.1 | Long Target: 140000.0 | Long Pos Open: False
2025-08-12 20:54:41,088 - TradingThread - INFO - Price: 119262.7 | Long Target: 140000.0 | Long Pos Open: False
2025-08-12 20:54:41,187 - TradingThread - INFO - Price: 119262.7 | Long Target: 140000.0 | Long Pos Open: False
2025-08-12 20:54:41,387 - TradingThread - INFO - Price: 119265.1 | Long Target: 140000.0 | Long Pos Open: False
2025-08-12 20:54:41,488 - TradingThread - INFO - Price: 119265.1 | Long Target: 140000.0 | Long Pos Open: False
2025-08-12 20:54:41,588 - TradingThread - INFO - Price: 119265.1 | Long Target: 140000.0 | Long Pos Open: False
2025-08-12 20:54:41,888 - TradingThread - INFO - Price: 119276.2 | Long Target: 140000.0 | Long Pos Open: False
2025-08-12 20:54:41,988 - TradingThread - INFO - Price: 119276.2 | Long Target: 140000.0 | Long Pos Open: False
2025-08-12 20:54:42,088 - TradingThread - INFO - Price: 119276.2 | Long Target: 140000.0 | Long Pos Open: False
2025-08-12 20:54:42,189 - TradingThread - INFO - Price: 119276.2 | Long Target: 140000.0 | Long Pos Open: False
2025-08-12 20:54:42,290 - TradingThread - INFO - Price: 119276.2 | Long Target: 140000.0 | Long Pos Open: False
2025-08-12 20:54:42,388 - TradingThread - INFO - Price: 119276.2 | Long Target: 140000.0 | Long Pos Open: False
2025-08-12 20:54:42,488 - TradingThread - INFO - Price: 119276.2 | Long Target: 140000.0 | Long Pos Open: False
2025-08-12 20:54:42,688 - TradingThread - INFO - Price: 119280.3 | Long Target: 140000.0 | Long Pos Open: False
2025-08-12 20:54:42,787 - TradingThread - INFO - Price: 119281.6 | Long Target: 140000.0 | Long Pos Open: False
2025-08-12 20:54:42,887 - TradingThread - INFO - Price: 119281.6 | Long Target: 140000.0 | Long Pos Open: False
2025-08-12 20:54:42,989 - TradingThread - INFO - Price: 119281.6 | Long Target: 140000.0 | Long Pos Open: False
2025-08-12 20:54:43,088 - TradingThread - INFO - Price: 119281.6 | Long Target: 140000.0 | Long Pos Open: False
2025-08-12 20:54:43,188 - TradingThread - INFO - Price: 119281.7 | Long Target: 140000.0 | Long Pos Open: False
2025-08-12 20:54:43,288 - TradingThread - INFO - Price: 119281.7 | Long Target: 140000.0 | Long Pos Open: False
2025-08-12 20:54:43,388 - TradingThread - INFO - Price: 119281.7 | Long Target: 140000.0 | Long Pos Open: False
2025-08-12 20:54:43,487 - TradingThread - INFO - Price: 119281.7 | Long Target: 140000.0 | Long Pos Open: False
2025-08-12 20:54:43,588 - TradingThread - INFO - Price: 119281.7 | Long Target: 140000.0 | Long Pos Open: False
2025-08-12 20:54:43,688 - TradingThread - INFO - Price: 119283.4 | Long Target: 140000.0 | Long Pos Open: False
2025-08-12 20:54:43,790 - TradingThread - INFO - Price: 119283.4 | Long Target: 140000.0 | Long Pos Open: False
2025-08-12 20:54:43,888 - TradingThread - INFO - Price: 119283.4 | Long Target: 140000.0 | Long Pos Open: False
2025-08-12 20:54:43,990 - TradingThread - INFO - Price: 119283.4 | Long Target: 140000.0 | Long Pos Open: False
2025-08-12 20:54:44,088 - TradingThread - INFO - Price: 119283.4 | Long Target: 140000.0 | Long Pos Open: False
2025-08-12 20:54:44,288 - TradingThread - INFO - Price: 119283.4 | Long Target: 140000.0 | Long Pos Open: False
2025-08-12 20:54:44,387 - TradingThread - INFO - Price: 119283.4 | Long Target: 140000.0 | Long Pos Open: False
2025-08-12 20:54:44,487 - TradingThread - INFO - Price: 119283.4 | Long Target: 140000.0 | Long Pos Open: False
2025-08-12 20:54:44,588 - TradingThread - INFO - Price: 119283.4 | Long Target: 140000.0 | Long Pos Open: False
2025-08-12 20:54:44,887 - TradingThread - INFO - Price: 119283.4 | Long Target: 140000.0 | Long Pos Open: False
2025-08-12 20:54:44,987 - TradingThread - INFO - Price: 119283.4 | Long Target: 140000.0 | Long Pos Open: False
2025-08-12 20:54:45,088 - TradingThread - INFO - Price: 119283.4 | Long Target: 140000.0 | Long Pos Open: False
2025-08-12 20:54:45,188 - TradingThread - INFO - Price: 119283.4 | Long Target: 140000.0 | Long Pos Open: False
2025-08-12 20:54:45,287 - TradingThread - INFO - Price: 119283.4 | Long Target: 140000.0 | Long Pos Open: False
2025-08-12 20:54:45,488 - TradingThread - INFO - Price: 119283.4 | Long Target: 140000.0 | Long Pos Open: False
2025-08-12 20:54:45,588 - TradingThread - INFO - Price: 119290.9 | Long Target: 140000.0 | Long Pos Open: False
2025-08-12 20:54:45,689 - TradingThread - INFO - Price: 119290.9 | Long Target: 140000.0 | Long Pos Open: False
2025-08-12 20:54:45,787 - TradingThread - INFO - Price: 119290.9 | Long Target: 140000.0 | Long Pos Open: False
2025-08-12 20:54:45,888 - TradingThread - INFO - Price: 119290.9 | Long Target: 140000.0 | Long Pos Open: False
2025-08-12 20:54:45,988 - TradingThread - INFO - Price: 119290.8 | Long Target: 140000.0 | Long Pos Open: False
2025-08-12 20:54:46,088 - TradingThread - INFO - Price: 119290.8 | Long Target: 140000.0 | Long Pos Open: False
2025-08-12 20:54:46,288 - TradingThread - INFO - Price: 119290.8 | Long Target: 140000.0 | Long Pos Open: False
2025-08-12 20:54:46,388 - TradingThread - INFO - Price: 119290.9 | Long Target: 140000.0 | Long Pos Open: False
2025-08-12 20:54:46,488 - TradingThread - INFO - Price: 119290.9 | Long Target: 140000.0 | Long Pos Open: False
2025-08-12 20:54:46,588 - TradingThread - INFO - Price: 119300.0 | Long Target: 140000.0 | Long Pos Open: False
2025-08-12 20:54:46,688 - TradingThread - INFO - Price: 119300.0 | Long Target: 140000.0 | Long Pos Open: False
2025-08-12 20:54:46,787 - TradingThread - INFO - Price: 119300.0 | Long Target: 140000.0 | Long Pos Open: False
2025-08-12 20:54:46,887 - TradingThread - INFO - Price: 119300.0 | Long Target: 140000.0 | Long Pos Open: False
2025-08-12 20:54:46,987 - TradingThread - INFO - Price: 119300.0 | Long Target: 140000.0 | Long Pos Open: False
2025-08-12 20:54:47,087 - TradingThread - INFO - Price: 119304.4 | Long Target: 140000.0 | Long Pos Open: False
2025-08-12 20:54:47,187 - TradingThread - INFO - Price: 119304.4 | Long Target: 140000.0 | Long Pos Open: False
2025-08-12 20:54:47,287 - TradingThread - INFO - Price: 119304.4 | Long Target: 140000.0 | Long Pos Open: False
2025-08-12 20:54:47,388 - TradingThread - INFO - Price: 119304.4 | Long Target: 140000.0 | Long Pos Open: False
2025-08-12 20:54:47,487 - TradingThread - INFO - Price: 119304.4 | Long Target: 140000.0 | Long Pos Open: False
2025-08-12 20:54:47,587 - TradingThread - INFO - Price: 119304.4 | Long Target: 140000.0 | Long Pos Open: False
2025-08-12 20:54:47,687 - TradingThread - INFO - Price: 119304.4 | Long Target: 140000.0 | Long Pos Open: False
2025-08-12 20:54:47,887 - TradingThread - INFO - Price: 119304.4 | Long Target: 140000.0 | Long Pos Open: False
2025-08-12 20:54:48,187 - TradingThread - INFO - Price: 119304.4 | Long Target: 140000.0 | Long Pos Open: False
2025-08-12 20:54:48,287 - TradingThread - INFO - Price: 119304.4 | Long Target: 140000.0 | Long Pos Open: False
2025-08-12 20:54:48,488 - TradingThread - INFO - Price: 119304.4 | Long Target: 140000.0 | Long Pos Open: False
2025-08-12 20:54:48,587 - TradingThread - INFO - Price: 119310.1 | Long Target: 140000.0 | Long Pos Open: False
2025-08-12 20:54:48,687 - TradingThread - INFO - Price: 119310.1 | Long Target: 140000.0 | Long Pos Open: False
2025-08-12 20:54:48,787 - TradingThread - INFO - Price: 119310.1 | Long Target: 140000.0 | Long Pos Open: False
2025-08-12 20:54:48,887 - TradingThread - INFO - Price: 119310.1 | Long Target: 140000.0 | Long Pos Open: False
2025-08-12 20:54:48,988 - TradingThread - INFO - Price: 119310.1 | Long Target: 140000.0 | Long Pos Open: False
2025-08-12 20:54:49,087 - TradingThread - INFO - Price: 119310.1 | Long Target: 140000.0 | Long Pos Open: False
2025-08-12 20:54:49,187 - TradingThread - INFO - Price: 119310.1 | Long Target: 140000.0 | Long Pos Open: False
2025-08-12 20:54:49,387 - TradingThread - INFO - Price: 119310.1 | Long Target: 140000.0 | Long Pos Open: False
2025-08-12 20:54:49,587 - TradingThread - INFO - Price: 119310.1 | Long Target: 140000.0 | Long Pos Open: False
2025-08-12 20:54:49,688 - TradingThread - INFO - Price: 119310.1 | Long Target: 140000.0 | Long Pos Open: False
2025-08-12 20:54:49,787 - TradingThread - INFO - Price: 119310.1 | Long Target: 140000.0 | Long Pos Open: False
2025-08-12 20:54:49,888 - TradingThread - INFO - Price: 119310.1 | Long Target: 140000.0 | Long Pos Open: False
2025-08-12 20:54:49,988 - TradingThread - INFO - Price: 119310.1 | Long Target: 140000.0 | Long Pos Open: False
2025-08-12 20:54:50,088 - TradingThread - INFO - Price: 119310.1 | Long Target: 140000.0 | Long Pos Open: False
2025-08-12 20:54:50,187 - TradingThread - INFO - Price: 119310.1 | Long Target: 140000.0 | Long Pos Open: False
2025-08-12 20:54:50,288 - TradingThread - INFO - Price: 119310.1 | Long Target: 140000.0 | Long Pos Open: False
2025-08-12 20:54:50,387 - TradingThread - INFO - Price: 119310.1 | Long Target: 140000.0 | Long Pos Open: False
2025-08-12 20:54:50,487 - TradingThread - INFO - Price: 119310.1 | Long Target: 140000.0 | Long Pos Open: False
2025-08-12 20:54:50,587 - TradingThread - INFO - Price: 119312.3 | Long Target: 140000.0 | Long Pos Open: False
2025-08-12 20:54:50,687 - TradingThread - INFO - Price: 119312.3 | Long Target: 140000.0 | Long Pos Open: False
2025-08-12 20:54:50,787 - TradingThread - INFO - Price: 119319.8 | Long Target: 140000.0 | Long Pos Open: False
2025-08-12 20:54:50,887 - TradingThread - INFO - Price: 119320.3 | Long Target: 140000.0 | Long Pos Open: False
2025-08-12 20:54:50,987 - TradingThread - INFO - Price: 119320.3 | Long Target: 140000.0 | Long Pos Open: False
2025-08-12 20:54:51,088 - TradingThread - INFO - Price: 119321.8 | Long Target: 140000.0 | Long Pos Open: False
2025-08-12 20:54:51,187 - TradingThread - INFO - Price: 119321.8 | Long Target: 140000.0 | Long Pos Open: False
2025-08-12 20:54:51,287 - TradingThread - INFO - Price: 119321.8 | Long Target: 140000.0 | Long Pos Open: False
2025-08-12 20:54:51,488 - TradingThread - INFO - Price: 119328.1 | Long Target: 140000.0 | Long Pos Open: False
2025-08-12 20:54:51,587 - TradingThread - INFO - Price: 119328.1 | Long Target: 140000.0 | Long Pos Open: False
2025-08-12 20:54:51,687 - TradingThread - INFO - Price: 119328.1 | Long Target: 140000.0 | Long Pos Open: False
2025-08-12 20:54:51,787 - TradingThread - INFO - Price: 119328.2 | Long Target: 140000.0 | Long Pos Open: False
2025-08-12 20:54:51,888 - TradingThread - INFO - Price: 119328.1 | Long Target: 140000.0 | Long Pos Open: False
2025-08-12 20:54:51,987 - TradingThread - INFO - Price: 119328.1 | Long Target: 140000.0 | Long Pos Open: False
2025-08-12 20:54:52,087 - TradingThread - INFO - Price: 119328.1 | Long Target: 140000.0 | Long Pos Open: False
2025-08-12 20:54:52,187 - TradingThread - INFO - Price: 119313.0 | Long Target: 140000.0 | Long Pos Open: False
2025-08-12 20:54:52,287 - TradingThread - INFO - Price: 119313.0 | Long Target: 140000.0 | Long Pos Open: False
2025-08-12 20:54:52,387 - TradingThread - INFO - Price: 119313.0 | Long Target: 140000.0 | Long Pos Open: False
2025-08-12 20:54:52,487 - TradingThread - INFO - Price: 119313.0 | Long Target: 140000.0 | Long Pos Open: False
2025-08-12 20:54:52,587 - TradingThread - INFO - Price: 119313.1 | Long Target: 140000.0 | Long Pos Open: False
2025-08-12 20:54:52,687 - TradingThread - INFO - Price: 119313.1 | Long Target: 140000.0 | Long Pos Open: False
2025-08-12 20:54:52,789 - TradingThread - INFO - Price: 119313.1 | Long Target: 140000.0 | Long Pos Open: False
2025-08-12 20:54:52,887 - TradingThread - INFO - Price: 119313.2 | Long Target: 140000.0 | Long Pos Open: False
2025-08-12 20:54:52,990 - TradingThread - INFO - Price: 119313.2 | Long Target: 140000.0 | Long Pos Open: False
2025-08-12 20:54:53,127 - TradingThread - INFO - Price: 119313.2 | Long Target: 140000.0 | Long Pos Open: False
2025-08-12 20:54:53,287 - TradingThread - INFO - Price: 119313.2 | Long Target: 140000.0 | Long Pos Open: False
2025-08-12 20:54:53,403 - TradingThread - INFO - Price: 119313.2 | Long Target: 140000.0 | Long Pos Open: False
2025-08-12 20:54:53,608 - TradingThread - INFO - Price: 119313.2 | Long Target: 140000.0 | Long Pos Open: False
2025-08-12 20:54:53,687 - TradingThread - INFO - Price: 119313.2 | Long Target: 140000.0 | Long Pos Open: False
2025-08-12 20:54:53,792 - TradingThread - INFO - Price: 119313.2 | Long Target: 140000.0 | Long Pos Open: False
2025-08-12 20:54:53,894 - TradingThread - INFO - Price: 119313.2 | Long Target: 140000.0 | Long Pos Open: False
2025-08-12 20:54:53,987 - TradingThread - INFO - Price: 119313.2 | Long Target: 140000.0 | Long Pos Open: False
2025-08-12 20:54:54,087 - TradingThread - INFO - Price: 119313.2 | Long Target: 140000.0 | Long Pos Open: False
2025-08-12 20:54:54,189 - TradingThread - INFO - Price: 119313.2 | Long Target: 140000.0 | Long Pos Open: False
2025-08-12 20:54:54,288 - TradingThread - INFO - Price: 119313.2 | Long Target: 140000.0 | Long Pos Open: False
2025-08-12 20:54:54,422 - TradingThread - INFO - Price: 119313.2 | Long Target: 140000.0 | Long Pos Open: False
2025-08-12 20:54:54,491 - TradingThread - INFO - Price: 119313.2 | Long Target: 140000.0 | Long Pos Open: False
2025-08-12 20:54:54,628 - TradingThread - INFO - Price: 119313.2 | Long Target: 140000.0 | Long Pos Open: False
2025-08-12 20:54:54,697 - TradingThread - INFO - Price: 119313.2 | Long Target: 140000.0 | Long Pos Open: False
2025-08-12 20:54:54,788 - TradingThread - INFO - Price: 119313.2 | Long Target: 140000.0 | Long Pos Open: False
2025-08-12 20:54:54,895 - TradingThread - INFO - Price: 119313.2 | Long Target: 140000.0 | Long Pos Open: False
2025-08-12 20:54:54,987 - TradingThread - INFO - Price: 119313.2 | Long Target: 140000.0 | Long Pos Open: False
2025-08-12 20:54:55,110 - TradingThread - INFO - Price: 119313.2 | Long Target: 140000.0 | Long Pos Open: False
2025-08-12 20:54:55,187 - TradingThread - INFO - Price: 119313.2 | Long Target: 140000.0 | Long Pos Open: False
2025-08-12 20:54:55,316 - TradingThread - INFO - Price: 119313.2 | Long Target: 140000.0 | Long Pos Open: False
2025-08-12 20:54:55,387 - TradingThread - INFO - Price: 119313.2 | Long Target: 140000.0 | Long Pos Open: False
2025-08-12 20:54:55,496 - TradingThread - INFO - Price: 119313.2 | Long Target: 140000.0 | Long Pos Open: False
2025-08-12 20:54:55,594 - TradingThread - INFO - Price: 119313.2 | Long Target: 140000.0 | Long Pos Open: False
2025-08-12 20:54:55,718 - TradingThread - INFO - Price: 119313.2 | Long Target: 140000.0 | Long Pos Open: False
2025-08-12 20:54:55,923 - TradingThread - INFO - Price: 119313.2 | Long Target: 140000.0 | Long Pos Open: False
2025-08-12 20:54:55,987 - TradingThread - INFO - Price: 119326.1 | Long Target: 140000.0 | Long Pos Open: False
2025-08-12 20:54:56,113 - TradingThread - INFO - Price: 119326.1 | Long Target: 140000.0 | Long Pos Open: False
2025-08-12 20:54:56,187 - TradingThread - INFO - Price: 119326.0 | Long Target: 140000.0 | Long Pos Open: False
2025-08-12 20:54:56,287 - TradingThread - INFO - Price: 119326.0 | Long Target: 140000.0 | Long Pos Open: False
2025-08-12 20:54:56,387 - TradingThread - INFO - Price: 119326.0 | Long Target: 140000.0 | Long Pos Open: False
2025-08-12 20:54:56,487 - TradingThread - INFO - Price: 119326.0 | Long Target: 140000.0 | Long Pos Open: False
2025-08-12 20:54:56,587 - TradingThread - INFO - Price: 119326.0 | Long Target: 140000.0 | Long Pos Open: False
2025-08-12 20:54:56,687 - TradingThread - INFO - Price: 119326.0 | Long Target: 140000.0 | Long Pos Open: False
2025-08-12 20:54:56,788 - TradingThread - INFO - Price: 119326.0 | Long Target: 140000.0 | Long Pos Open: False
2025-08-12 20:54:56,887 - TradingThread - INFO - Price: 119326.0 | Long Target: 140000.0 | Long Pos Open: False
2025-08-12 20:54:57,188 - TradingThread - INFO - Price: 119326.0 | Long Target: 140000.0 | Long Pos Open: False
2025-08-12 20:54:57,387 - TradingThread - INFO - Price: 119326.0 | Long Target: 140000.0 | Long Pos Open: False
2025-08-12 20:54:57,487 - TradingThread - INFO - Price: 119326.0 | Long Target: 140000.0 | Long Pos Open: False
2025-08-12 20:54:57,587 - TradingThread - INFO - Price: 119326.0 | Long Target: 140000.0 | Long Pos Open: False
2025-08-12 20:54:57,687 - TradingThread - INFO - Price: 119326.4 | Long Target: 140000.0 | Long Pos Open: False
2025-08-12 20:54:57,787 - TradingThread - INFO - Price: 119326.4 | Long Target: 140000.0 | Long Pos Open: False
2025-08-12 20:54:57,887 - TradingThread - INFO - Price: 119326.4 | Long Target: 140000.0 | Long Pos Open: False
2025-08-12 20:54:57,988 - TradingThread - INFO - Price: 119326.4 | Long Target: 140000.0 | Long Pos Open: False
2025-08-12 20:54:58,087 - TradingThread - INFO - Price: 119329.1 | Long Target: 140000.0 | Long Pos Open: False
2025-08-12 20:54:58,187 - TradingThread - INFO - Price: 119329.1 | Long Target: 140000.0 | Long Pos Open: False
2025-08-12 20:54:58,388 - TradingThread - INFO - Price: 119329.1 | Long Target: 140000.0 | Long Pos Open: False
2025-08-12 20:54:58,487 - TradingThread - INFO - Price: 119329.1 | Long Target: 140000.0 | Long Pos Open: False
2025-08-12 20:54:58,588 - TradingThread - INFO - Price: 119329.1 | Long Target: 140000.0 | Long Pos Open: False
2025-08-12 20:54:58,687 - TradingThread - INFO - Price: 119329.1 | Long Target: 140000.0 | Long Pos Open: False
2025-08-12 20:54:58,789 - TradingThread - INFO - Price: 119329.1 | Long Target: 140000.0 | Long Pos Open: False
2025-08-12 20:54:58,886 - TradingThread - INFO - Price: 119329.1 | Long Target: 140000.0 | Long Pos Open: False
2025-08-12 20:54:58,987 - TradingThread - INFO - Price: 119329.1 | Long Target: 140000.0 | Long Pos Open: False
2025-08-12 20:54:59,087 - TradingThread - INFO - Price: 119329.1 | Long Target: 140000.0 | Long Pos Open: False
2025-08-12 20:54:59,287 - TradingThread - INFO - Price: 119329.1 | Long Target: 140000.0 | Long Pos Open: False
2025-08-12 20:54:59,387 - TradingThread - INFO - Price: 119329.1 | Long Target: 140000.0 | Long Pos Open: False
2025-08-12 20:54:59,487 - TradingThread - INFO - Price: 119329.1 | Long Target: 140000.0 | Long Pos Open: False
2025-08-12 20:54:59,587 - TradingThread - INFO - Price: 119329.1 | Long Target: 140000.0 | Long Pos Open: False
2025-08-12 20:54:59,888 - TradingThread - INFO - Price: 119329.1 | Long Target: 140000.0 | Long Pos Open: False
2025-08-12 20:54:59,987 - TradingThread - INFO - Price: 119329.1 | Long Target: 140000.0 | Long Pos Open: False
2025-08-12 20:55:00,088 - TradingThread - INFO - Price: 119329.1 | Long Target: 140000.0 | Long Pos Open: False
2025-08-12 20:55:00,187 - TradingThread - INFO - Price: 119317.2 | Long Target: 140000.0 | Long Pos Open: False
2025-08-12 20:55:00,286 - TradingThread - INFO - Price: 119317.2 | Long Target: 140000.0 | Long Pos Open: False
2025-08-12 20:55:00,387 - TradingThread - INFO - Price: 119317.2 | Long Target: 140000.0 | Long Pos Open: False
2025-08-12 20:55:00,487 - TradingThread - INFO - Price: 119312.1 | Long Target: 140000.0 | Long Pos Open: False
2025-08-12 20:55:00,587 - TradingThread - INFO - Price: 119312.1 | Long Target: 140000.0 | Long Pos Open: False
2025-08-12 20:55:00,688 - TradingThread - INFO - Price: 119312.1 | Long Target: 140000.0 | Long Pos Open: False
2025-08-12 20:55:00,788 - TradingThread - INFO - Price: 119312.1 | Long Target: 140000.0 | Long Pos Open: False
2025-08-12 20:55:00,887 - TradingThread - INFO - Price: 119312.1 | Long Target: 140000.0 | Long Pos Open: False
2025-08-12 20:55:00,987 - TradingThread - INFO - Price: 119312.1 | Long Target: 140000.0 | Long Pos Open: False
2025-08-12 20:55:01,087 - TradingThread - INFO - Price: 119312.1 | Long Target: 140000.0 | Long Pos Open: False
2025-08-12 20:55:01,186 - TradingThread - INFO - Price: 119312.1 | Long Target: 140000.0 | Long Pos Open: False
2025-08-12 20:55:01,387 - TradingThread - INFO - Price: 119312.1 | Long Target: 140000.0 | Long Pos Open: False
2025-08-12 20:55:01,487 - TradingThread - INFO - Price: 119312.1 | Long Target: 140000.0 | Long Pos Open: False
2025-08-12 20:55:01,588 - TradingThread - INFO - Price: 119312.1 | Long Target: 140000.0 | Long Pos Open: False
2025-08-12 20:55:01,686 - TradingThread - INFO - Price: 119312.1 | Long Target: 140000.0 | Long Pos Open: False
2025-08-12 20:55:01,787 - TradingThread - INFO - Price: 119312.1 | Long Target: 140000.0 | Long Pos Open: False
2025-08-12 20:55:01,887 - TradingThread - INFO - Price: 119312.1 | Long Target: 140000.0 | Long Pos Open: False
2025-08-12 20:55:01,987 - TradingThread - INFO - Price: 119312.1 | Long Target: 140000.0 | Long Pos Open: False
2025-08-12 20:55:02,087 - TradingThread - INFO - Price: 119312.1 | Long Target: 140000.0 | Long Pos Open: False
2025-08-12 20:55:02,187 - TradingThread - INFO - Price: 119315.4 | Long Target: 140000.0 | Long Pos Open: False
2025-08-12 20:55:02,287 - TradingThread - INFO - Price: 119315.4 | Long Target: 140000.0 | Long Pos Open: False
2025-08-12 20:55:02,487 - TradingThread - INFO - Price: 119315.4 | Long Target: 140000.0 | Long Pos Open: False
2025-08-12 20:55:02,587 - TradingThread - INFO - Price: 119315.4 | Long Target: 140000.0 | Long Pos Open: False
2025-08-12 20:55:02,688 - TradingThread - INFO - Price: 119315.5 | Long Target: 140000.0 | Long Pos Open: False
2025-08-12 20:55:02,786 - TradingThread - INFO - Price: 119315.5 | Long Target: 140000.0 | Long Pos Open: False
2025-08-12 20:55:02,887 - TradingThread - INFO - Price: 119315.5 | Long Target: 140000.0 | Long Pos Open: False
2025-08-12 20:55:02,986 - TradingThread - INFO - Price: 119315.4 | Long Target: 140000.0 | Long Pos Open: False
2025-08-12 20:55:03,086 - TradingThread - INFO - Price: 119315.4 | Long Target: 140000.0 | Long Pos Open: False
2025-08-12 20:55:03,187 - TradingThread - INFO - Price: 119315.4 | Long Target: 140000.0 | Long Pos Open: False
2025-08-12 20:55:03,287 - TradingThread - INFO - Price: 119315.4 | Long Target: 140000.0 | Long Pos Open: False
2025-08-12 20:55:03,387 - TradingThread - INFO - Price: 119315.4 | Long Target: 140000.0 | Long Pos Open: False
2025-08-12 20:55:03,486 - TradingThread - INFO - Price: 119315.4 | Long Target: 140000.0 | Long Pos Open: False
2025-08-12 20:55:03,587 - TradingThread - INFO - Price: 119315.5 | Long Target: 140000.0 | Long Pos Open: False
2025-08-12 20:55:03,687 - TradingThread - INFO - Price: 119315.5 | Long Target: 140000.0 | Long Pos Open: False
2025-08-12 20:55:03,786 - TradingThread - INFO - Price: 119315.5 | Long Target: 140000.0 | Long Pos Open: False
2025-08-12 20:55:03,887 - TradingThread - INFO - Price: 119315.4 | Long Target: 140000.0 | Long Pos Open: False
2025-08-12 20:55:03,986 - TradingThread - INFO - Price: 119315.4 | Long Target: 140000.0 | Long Pos Open: False
2025-08-12 20:55:04,087 - TradingThread - INFO - Price: 119315.5 | Long Target: 140000.0 | Long Pos Open: False
2025-08-12 20:55:04,187 - TradingThread - INFO - Price: 119315.5 | Long Target: 140000.0 | Long Pos Open: False
2025-08-12 20:55:04,286 - TradingThread - INFO - Price: 119315.5 | Long Target: 140000.0 | Long Pos Open: False
2025-08-12 20:55:04,387 - TradingThread - INFO - Price: 119315.5 | Long Target: 140000.0 | Long Pos Open: False
2025-08-12 20:55:04,487 - TradingThread - INFO - Price: 119315.5 | Long Target: 140000.0 | Long Pos Open: False
2025-08-12 20:55:04,586 - TradingThread - INFO - Price: 119315.5 | Long Target: 140000.0 | Long Pos Open: False
2025-08-12 20:55:04,686 - TradingThread - INFO - Price: 119315.5 | Long Target: 140000.0 | Long Pos Open: False
2025-08-12 20:55:04,787 - TradingThread - INFO - Price: 119315.5 | Long Target: 140000.0 | Long Pos Open: False
2025-08-12 20:55:04,986 - TradingThread - INFO - Price: 119315.5 | Long Target: 140000.0 | Long Pos Open: False
2025-08-12 20:55:05,086 - TradingThread - INFO - Price: 119315.5 | Long Target: 140000.0 | Long Pos Open: False
2025-08-12 20:55:05,287 - TradingThread - INFO - Price: 119315.4 | Long Target: 140000.0 | Long Pos Open: False
2025-08-12 20:55:05,387 - TradingThread - INFO - Price: 119315.4 | Long Target: 140000.0 | Long Pos Open: False
2025-08-12 20:55:05,886 - TradingThread - INFO - Price: 119315.4 | Long Target: 140000.0 | Long Pos Open: False
2025-08-12 20:55:05,986 - TradingThread - INFO - Price: 119315.5 | Long Target: 140000.0 | Long Pos Open: False
2025-08-12 20:55:06,086 - TradingThread - INFO - Price: 119315.5 | Long Target: 140000.0 | Long Pos Open: False
2025-08-12 20:55:06,186 - TradingThread - INFO - Price: 119315.5 | Long Target: 140000.0 | Long Pos Open: False
2025-08-12 20:55:06,286 - TradingThread - INFO - Price: 119315.5 | Long Target: 140000.0 | Long Pos Open: False
2025-08-12 20:55:06,386 - TradingThread - INFO - Price: 119315.5 | Long Target: 140000.0 | Long Pos Open: False
2025-08-12 20:55:06,587 - TradingThread - INFO - Price: 119315.5 | Long Target: 140000.0 | Long Pos Open: False
2025-08-12 20:55:06,686 - TradingThread - INFO - Price: 119315.5 | Long Target: 140000.0 | Long Pos Open: False
2025-08-12 20:55:06,786 - TradingThread - INFO - Price: 119315.5 | Long Target: 140000.0 | Long Pos Open: False
2025-08-12 20:55:06,886 - TradingThread - INFO - Price: 119315.5 | Long Target: 140000.0 | Long Pos Open: False
2025-08-12 20:55:07,086 - TradingThread - INFO - Price: 119315.5 | Long Target: 140000.0 | Long Pos Open: False
2025-08-12 20:55:07,386 - TradingThread - INFO - Price: 119315.5 | Long Target: 140000.0 | Long Pos Open: False
2025-08-12 20:55:07,486 - TradingThread - INFO - Price: 119315.5 | Long Target: 140000.0 | Long Pos Open: False
2025-08-12 20:55:07,686 - TradingThread - INFO - Price: 119315.5 | Long Target: 140000.0 | Long Pos Open: False
2025-08-12 20:55:07,886 - TradingThread - INFO - Price: 119315.5 | Long Target: 140000.0 | Long Pos Open: False
2025-08-12 20:55:07,986 - TradingThread - INFO - Price: 119315.5 | Long Target: 140000.0 | Long Pos Open: False
2025-08-12 20:55:08,087 - TradingThread - INFO - Price: 119315.5 | Long Target: 140000.0 | Long Pos Open: False
2025-08-12 20:55:08,189 - TradingThread - INFO - Price: 119315.5 | Long Target: 140000.0 | Long Pos Open: False
2025-08-12 20:55:08,286 - TradingThread - INFO - Price: 119315.5 | Long Target: 140000.0 | Long Pos Open: False
2025-08-12 20:55:08,387 - TradingThread - INFO - Price: 119315.5 | Long Target: 140000.0 | Long Pos Open: False
2025-08-12 20:55:08,486 - TradingThread - INFO - Price: 119315.5 | Long Target: 140000.0 | Long Pos Open: False
2025-08-12 20:55:08,587 - TradingThread - INFO - Price: 119315.5 | Long Target: 140000.0 | Long Pos Open: False
2025-08-12 20:55:08,986 - TradingThread - INFO - Price: 119315.5 | Long Target: 140000.0 | Long Pos Open: False
2025-08-12 20:55:09,086 - TradingThread - INFO - Price: 119315.5 | Long Target: 140000.0 | Long Pos Open: False
2025-08-12 20:55:09,186 - TradingThread - INFO - Price: 119315.5 | Long Target: 140000.0 | Long Pos Open: False
2025-08-12 20:55:09,286 - TradingThread - INFO - Price: 119315.5 | Long Target: 140000.0 | Long Pos Open: False
2025-08-12 20:55:09,486 - TradingThread - INFO - Price: 119315.5 | Long Target: 140000.0 | Long Pos Open: False
2025-08-12 20:55:09,687 - TradingThread - INFO - Price: 119315.5 | Long Target: 140000.0 | Long Pos Open: False
2025-08-12 20:55:09,786 - TradingThread - INFO - Price: 119315.5 | Long Target: 140000.0 | Long Pos Open: False
2025-08-12 20:55:09,986 - TradingThread - INFO - Price: 119315.5 | Long Target: 140000.0 | Long Pos Open: False
2025-08-12 20:55:10,086 - TradingThread - INFO - Price: 119315.5 | Long Target: 140000.0 | Long Pos Open: False
2025-08-12 20:55:10,187 - TradingThread - INFO - Price: 119315.5 | Long Target: 140000.0 | Long Pos Open: False
2025-08-12 20:55:10,286 - TradingThread - INFO - Price: 119315.5 | Long Target: 140000.0 | Long Pos Open: False
2025-08-12 20:55:10,387 - TradingThread - INFO - Price: 119309.4 | Long Target: 140000.0 | Long Pos Open: False
2025-08-12 20:55:10,487 - TradingThread - INFO - Price: 119302.4 | Long Target: 140000.0 | Long Pos Open: False
2025-08-12 20:55:10,586 - TradingThread - INFO - Price: 119297.5 | Long Target: 140000.0 | Long Pos Open: False
2025-08-12 20:55:10,686 - TradingThread - INFO - Price: 119297.5 | Long Target: 140000.0 | Long Pos Open: False
2025-08-12 20:55:10,786 - TradingThread - INFO - Price: 119296.3 | Long Target: 140000.0 | Long Pos Open: False
2025-08-12 20:55:10,886 - TradingThread - INFO - Price: 119296.3 | Long Target: 140000.0 | Long Pos Open: False
2025-08-12 20:55:10,987 - TradingThread - INFO - Price: 119296.3 | Long Target: 140000.0 | Long Pos Open: False
2025-08-12 20:55:11,087 - TradingThread - INFO - Price: 119296.3 | Long Target: 140000.0 | Long Pos Open: False
2025-08-12 20:55:11,186 - TradingThread - INFO - Price: 119296.3 | Long Target: 140000.0 | Long Pos Open: False
2025-08-12 20:55:11,286 - TradingThread - INFO - Price: 119296.3 | Long Target: 140000.0 | Long Pos Open: False
2025-08-12 20:55:11,387 - TradingThread - INFO - Price: 119296.3 | Long Target: 140000.0 | Long Pos Open: False
2025-08-12 20:55:11,486 - TradingThread - INFO - Price: 119296.3 | Long Target: 140000.0 | Long Pos Open: False
2025-08-12 20:55:11,587 - TradingThread - INFO - Price: 119296.3 | Long Target: 140000.0 | Long Pos Open: False
2025-08-12 20:55:11,686 - TradingThread - INFO - Price: 119296.3 | Long Target: 140000.0 | Long Pos Open: False
2025-08-12 20:55:11,886 - TradingThread - INFO - Price: 119296.4 | Long Target: 140000.0 | Long Pos Open: False
2025-08-12 20:55:11,986 - TradingThread - INFO - Price: 119296.4 | Long Target: 140000.0 | Long Pos Open: False
2025-08-12 20:55:12,187 - TradingThread - INFO - Price: 119296.4 | Long Target: 140000.0 | Long Pos Open: False
2025-08-12 20:55:12,286 - TradingThread - INFO - Price: 119296.4 | Long Target: 140000.0 | Long Pos Open: False
2025-08-12 20:55:12,386 - TradingThread - INFO - Price: 119296.4 | Long Target: 140000.0 | Long Pos Open: False
2025-08-12 20:55:12,486 - TradingThread - INFO - Price: 119296.4 | Long Target: 140000.0 | Long Pos Open: False
2025-08-12 20:55:12,586 - TradingThread - INFO - Price: 119296.4 | Long Target: 140000.0 | Long Pos Open: False
2025-08-12 20:55:12,686 - TradingThread - INFO - Price: 119296.4 | Long Target: 140000.0 | Long Pos Open: False
2025-08-12 20:55:12,786 - TradingThread - INFO - Price: 119299.9 | Long Target: 140000.0 | Long Pos Open: False
2025-08-12 20:55:12,888 - TradingThread - INFO - Price: 119299.9 | Long Target: 140000.0 | Long Pos Open: False
2025-08-12 20:55:12,986 - TradingThread - INFO - Price: 119299.9 | Long Target: 140000.0 | Long Pos Open: False
2025-08-12 20:55:13,086 - TradingThread - INFO - Price: 119299.9 | Long Target: 140000.0 | Long Pos Open: False
2025-08-12 20:55:13,286 - TradingThread - INFO - Price: 119299.9 | Long Target: 140000.0 | Long Pos Open: False
2025-08-12 20:55:13,386 - TradingThread - INFO - Price: 119299.9 | Long Target: 140000.0 | Long Pos Open: False
2025-08-12 20:55:13,586 - TradingThread - INFO - Price: 119299.9 | Long Target: 140000.0 | Long Pos Open: False
2025-08-12 20:55:13,688 - TradingThread - INFO - Price: 119299.9 | Long Target: 140000.0 | Long Pos Open: False
2025-08-12 20:55:13,787 - TradingThread - INFO - Price: 119300.0 | Long Target: 140000.0 | Long Pos Open: False
2025-08-12 20:55:13,886 - TradingThread - INFO - Price: 119300.0 | Long Target: 140000.0 | Long Pos Open: False
2025-08-12 20:55:13,986 - TradingThread - INFO - Price: 119300.0 | Long Target: 140000.0 | Long Pos Open: False
2025-08-12 20:55:14,087 - TradingThread - INFO - Price: 119300.0 | Long Target: 140000.0 | Long Pos Open: False
2025-08-12 20:55:14,186 - TradingThread - INFO - Price: 119300.0 | Long Target: 140000.0 | Long Pos Open: False
2025-08-12 20:55:14,286 - TradingThread - INFO - Price: 119300.0 | Long Target: 140000.0 | Long Pos Open: False
2025-08-12 20:55:14,387 - TradingThread - INFO - Price: 119300.0 | Long Target: 140000.0 | Long Pos Open: False
2025-08-12 20:55:14,587 - TradingThread - INFO - Price: 119300.0 | Long Target: 140000.0 | Long Pos Open: False
2025-08-12 20:55:14,686 - TradingThread - INFO - Price: 119300.0 | Long Target: 140000.0 | Long Pos Open: False
2025-08-12 20:55:14,786 - TradingThread - INFO - Price: 119300.0 | Long Target: 140000.0 | Long Pos Open: False
2025-08-12 20:55:14,886 - TradingThread - INFO - Price: 119300.0 | Long Target: 140000.0 | Long Pos Open: False
2025-08-12 20:55:15,086 - TradingThread - INFO - Price: 119300.0 | Long Target: 140000.0 | Long Pos Open: False
2025-08-12 20:55:15,186 - TradingThread - INFO - Price: 119300.0 | Long Target: 140000.0 | Long Pos Open: False
2025-08-12 20:55:15,286 - TradingThread - INFO - Price: 119300.0 | Long Target: 140000.0 | Long Pos Open: False
2025-08-12 20:55:15,387 - TradingThread - INFO - Price: 119300.0 | Long Target: 140000.0 | Long Pos Open: False
2025-08-12 20:55:15,486 - TradingThread - INFO - Price: 119300.0 | Long Target: 140000.0 | Long Pos Open: False
2025-08-12 20:55:15,586 - TradingThread - INFO - Price: 119299.9 | Long Target: 140000.0 | Long Pos Open: False
2025-08-12 20:55:15,685 - TradingThread - INFO - Price: 119299.9 | Long Target: 140000.0 | Long Pos Open: False
2025-08-12 20:55:15,786 - TradingThread - INFO - Price: 119299.9 | Long Target: 140000.0 | Long Pos Open: False
2025-08-12 20:55:15,887 - TradingThread - INFO - Price: 119299.9 | Long Target: 140000.0 | Long Pos Open: False
2025-08-12 20:55:15,986 - TradingThread - INFO - Price: 119299.9 | Long Target: 140000.0 | Long Pos Open: False
2025-08-12 20:55:16,086 - TradingThread - INFO - Price: 119299.9 | Long Target: 140000.0 | Long Pos Open: False
2025-08-12 20:55:16,186 - TradingThread - INFO - Price: 119300.0 | Long Target: 140000.0 | Long Pos Open: False
2025-08-12 20:55:16,286 - TradingThread - INFO - Price: 119300.0 | Long Target: 140000.0 | Long Pos Open: False
2025-08-12 20:55:16,387 - TradingThread - INFO - Price: 119300.0 | Long Target: 140000.0 | Long Pos Open: False
2025-08-12 20:55:16,886 - TradingThread - INFO - Price: 119300.0 | Long Target: 140000.0 | Long Pos Open: False
2025-08-12 20:55:16,986 - TradingThread - INFO - Price: 119300.0 | Long Target: 140000.0 | Long Pos Open: False
2025-08-12 20:55:17,186 - TradingThread - INFO - Price: 119300.0 | Long Target: 140000.0 | Long Pos Open: False
2025-08-12 20:55:17,286 - TradingThread - INFO - Price: 119300.0 | Long Target: 140000.0 | Long Pos Open: False
2025-08-12 20:55:17,488 - TradingThread - INFO - Price: 119299.9 | Long Target: 140000.0 | Long Pos Open: False
2025-08-12 20:55:17,586 - TradingThread - INFO - Price: 119299.9 | Long Target: 140000.0 | Long Pos Open: False
2025-08-12 20:55:17,787 - TradingThread - INFO - Price: 119299.9 | Long Target: 140000.0 | Long Pos Open: False
2025-08-12 20:55:17,887 - TradingThread - INFO - Price: 119299.9 | Long Target: 140000.0 | Long Pos Open: False
2025-08-12 20:55:17,986 - TradingThread - INFO - Price: 119300.0 | Long Target: 140000.0 | Long Pos Open: False
2025-08-12 20:55:18,086 - TradingThread - INFO - Price: 119300.0 | Long Target: 140000.0 | Long Pos Open: False
2025-08-12 20:55:18,186 - TradingThread - INFO - Price: 119300.0 | Long Target: 140000.0 | Long Pos Open: False
2025-08-12 20:55:18,385 - TradingThread - INFO - Price: 119300.0 | Long Target: 140000.0 | Long Pos Open: False
2025-08-12 20:55:18,486 - TradingThread - INFO - Price: 119300.0 | Long Target: 140000.0 | Long Pos Open: False
2025-08-12 20:55:18,786 - TradingThread - INFO - Price: 119300.0 | Long Target: 140000.0 | Long Pos Open: False
2025-08-12 20:55:18,886 - TradingThread - INFO - Price: 119300.0 | Long Target: 140000.0 | Long Pos Open: False
2025-08-12 20:55:18,986 - TradingThread - INFO - Price: 119300.0 | Long Target: 140000.0 | Long Pos Open: False
2025-08-12 20:55:19,086 - TradingThread - INFO - Price: 119299.9 | Long Target: 140000.0 | Long Pos Open: False
2025-08-12 20:55:19,185 - TradingThread - INFO - Price: 119299.9 | Long Target: 140000.0 | Long Pos Open: False
2025-08-12 20:55:19,286 - TradingThread - INFO - Price: 119299.9 | Long Target: 140000.0 | Long Pos Open: False
2025-08-12 20:55:19,386 - TradingThread - INFO - Price: 119299.9 | Long Target: 140000.0 | Long Pos Open: False
2025-08-12 20:55:19,485 - TradingThread - INFO - Price: 119299.9 | Long Target: 140000.0 | Long Pos Open: False
2025-08-12 20:55:19,586 - TradingThread - INFO - Price: 119300.0 | Long Target: 140000.0 | Long Pos Open: False
2025-08-12 20:55:19,688 - TradingThread - INFO - Price: 119300.0 | Long Target: 140000.0 | Long Pos Open: False
2025-08-12 20:55:19,786 - TradingThread - INFO - Price: 119300.0 | Long Target: 140000.0 | Long Pos Open: False
2025-08-12 20:55:19,886 - TradingThread - INFO - Price: 119300.0 | Long Target: 140000.0 | Long Pos Open: False
2025-08-12 20:55:19,986 - TradingThread - INFO - Price: 119300.0 | Long Target: 140000.0 | Long Pos Open: False
2025-08-12 20:55:20,086 - TradingThread - INFO - Price: 119300.0 | Long Target: 140000.0 | Long Pos Open: False
2025-08-12 20:55:20,286 - TradingThread - INFO - Price: 119300.0 | Long Target: 140000.0 | Long Pos Open: False
2025-08-12 20:55:20,387 - TradingThread - INFO - Price: 119300.0 | Long Target: 140000.0 | Long Pos Open: False
2025-08-12 20:55:20,486 - TradingThread - INFO - Price: 119300.0 | Long Target: 140000.0 | Long Pos Open: False
2025-08-12 20:55:20,886 - TradingThread - INFO - Price: 119300.0 | Long Target: 140000.0 | Long Pos Open: False
2025-08-12 20:55:21,086 - TradingThread - INFO - Price: 119300.0 | Long Target: 140000.0 | Long Pos Open: False
2025-08-12 20:55:21,185 - TradingThread - INFO - Price: 119300.0 | Long Target: 140000.0 | Long Pos Open: False
2025-08-12 20:55:21,286 - TradingThread - INFO - Price: 119300.0 | Long Target: 140000.0 | Long Pos Open: False
2025-08-12 20:55:21,386 - TradingThread - INFO - Price: 119300.0 | Long Target: 140000.0 | Long Pos Open: False
2025-08-12 20:55:21,488 - TradingThread - INFO - Price: 119299.9 | Long Target: 140000.0 | Long Pos Open: False
2025-08-12 20:55:21,586 - TradingThread - INFO - Price: 119299.9 | Long Target: 140000.0 | Long Pos Open: False
2025-08-12 20:55:21,786 - TradingThread - INFO - Price: 119299.9 | Long Target: 140000.0 | Long Pos Open: False
2025-08-12 20:55:21,986 - TradingThread - INFO - Price: 119299.9 | Long Target: 140000.0 | Long Pos Open: False
2025-08-12 20:55:22,286 - TradingThread - INFO - Price: 119299.9 | Long Target: 140000.0 | Long Pos Open: False
2025-08-12 20:55:22,386 - TradingThread - INFO - Price: 119299.9 | Long Target: 140000.0 | Long Pos Open: False
2025-08-12 20:55:22,486 - TradingThread - INFO - Price: 119299.9 | Long Target: 140000.0 | Long Pos Open: False
2025-08-12 20:55:22,585 - TradingThread - INFO - Price: 119299.9 | Long Target: 140000.0 | Long Pos Open: False
2025-08-12 20:55:22,885 - TradingThread - INFO - Price: 119299.9 | Long Target: 140000.0 | Long Pos Open: False
2025-08-12 20:55:22,986 - TradingThread - INFO - Price: 119299.9 | Long Target: 140000.0 | Long Pos Open: False
2025-08-12 20:55:23,285 - TradingThread - INFO - Price: 119299.9 | Long Target: 140000.0 | Long Pos Open: False
2025-08-12 20:55:23,485 - TradingThread - INFO - Price: 119299.9 | Long Target: 140000.0 | Long Pos Open: False
2025-08-12 20:55:23,586 - TradingThread - INFO - Price: 119300.0 | Long Target: 140000.0 | Long Pos Open: False
2025-08-12 20:55:23,685 - TradingThread - INFO - Price: 119300.0 | Long Target: 140000.0 | Long Pos Open: False
2025-08-12 20:55:23,887 - TradingThread - INFO - Price: 119300.0 | Long Target: 140000.0 | Long Pos Open: False
2025-08-12 20:55:23,986 - TradingThread - INFO - Price: 119300.0 | Long Target: 140000.0 | Long Pos Open: False
2025-08-12 20:55:24,385 - TradingThread - INFO - Price: 119300.0 | Long Target: 140000.0 | Long Pos Open: False
2025-08-12 20:55:24,486 - TradingThread - INFO - Price: 119300.0 | Long Target: 140000.0 | Long Pos Open: False
2025-08-12 20:55:24,886 - TradingThread - INFO - Price: 119300.0 | Long Target: 140000.0 | Long Pos Open: False
2025-08-12 20:55:24,987 - TradingThread - INFO - Price: 119300.0 | Long Target: 140000.0 | Long Pos Open: False
2025-08-12 20:55:25,198 - TradingThread - INFO - Price: 119300.0 | Long Target: 140000.0 | Long Pos Open: False
2025-08-12 20:55:25,199 - TradingThread - INFO - Price: 119300.0 | Long Target: 140000.0 | Long Pos Open: False
2025-08-12 20:55:25,286 - TradingThread - INFO - Price: 119300.0 | Long Target: 140000.0 | Long Pos Open: False
2025-08-12 20:55:25,385 - TradingThread - INFO - Price: 119300.0 | Long Target: 140000.0 | Long Pos Open: False
2025-08-12 20:55:25,486 - TradingThread - INFO - Price: 119300.0 | Long Target: 140000.0 | Long Pos Open: False
2025-08-12 20:55:25,586 - TradingThread - INFO - Price: 119300.0 | Long Target: 140000.0 | Long Pos Open: False
2025-08-12 20:55:25,688 - TradingThread - INFO - Price: 119295.6 | Long Target: 140000.0 | Long Pos Open: False
2025-08-12 20:55:25,788 - TradingThread - INFO - Price: 119295.6 | Long Target: 140000.0 | Long Pos Open: False
2025-08-12 20:55:25,885 - TradingThread - INFO - Price: 119295.6 | Long Target: 140000.0 | Long Pos Open: False
2025-08-12 20:55:25,985 - TradingThread - INFO - Price: 119295.6 | Long Target: 140000.0 | Long Pos Open: False
2025-08-12 20:55:26,086 - TradingThread - INFO - Price: 119295.6 | Long Target: 140000.0 | Long Pos Open: False
2025-08-12 20:55:26,285 - TradingThread - INFO - Price: 119295.6 | Long Target: 140000.0 | Long Pos Open: False
2025-08-12 20:55:26,386 - TradingThread - INFO - Price: 119295.6 | Long Target: 140000.0 | Long Pos Open: False
2025-08-12 20:55:26,485 - TradingThread - INFO - Price: 119292.4 | Long Target: 140000.0 | Long Pos Open: False
2025-08-12 20:55:26,585 - TradingThread - INFO - Price: 119292.4 | Long Target: 140000.0 | Long Pos Open: False
2025-08-12 20:55:26,685 - TradingThread - INFO - Price: 119292.4 | Long Target: 140000.0 | Long Pos Open: False
2025-08-12 20:55:26,885 - TradingThread - INFO - Price: 119292.4 | Long Target: 140000.0 | Long Pos Open: False
2025-08-12 20:55:26,986 - TradingThread - INFO - Price: 119292.4 | Long Target: 140000.0 | Long Pos Open: False
2025-08-12 20:55:27,086 - TradingThread - INFO - Price: 119292.4 | Long Target: 140000.0 | Long Pos Open: False
2025-08-12 20:55:27,185 - TradingThread - INFO - Price: 119292.4 | Long Target: 140000.0 | Long Pos Open: False
2025-08-12 20:55:27,387 - TradingThread - INFO - Price: 119292.4 | Long Target: 140000.0 | Long Pos Open: False
2025-08-12 20:55:27,485 - TradingThread - INFO - Price: 119292.4 | Long Target: 140000.0 | Long Pos Open: False
2025-08-12 20:55:27,585 - TradingThread - INFO - Price: 119292.4 | Long Target: 140000.0 | Long Pos Open: False
2025-08-12 20:55:27,685 - TradingThread - INFO - Price: 119292.4 | Long Target: 140000.0 | Long Pos Open: False
2025-08-12 20:55:27,787 - TradingThread - INFO - Price: 119292.4 | Long Target: 140000.0 | Long Pos Open: False
2025-08-12 20:55:27,885 - TradingThread - INFO - Price: 119292.4 | Long Target: 140000.0 | Long Pos Open: False
2025-08-12 20:55:27,985 - TradingThread - INFO - Price: 119292.4 | Long Target: 140000.0 | Long Pos Open: False
2025-08-12 20:55:28,085 - TradingThread - INFO - Price: 119292.4 | Long Target: 140000.0 | Long Pos Open: False
2025-08-12 20:55:28,185 - TradingThread - INFO - Price: 119292.4 | Long Target: 140000.0 | Long Pos Open: False
2025-08-12 20:55:28,386 - TradingThread - INFO - Price: 119292.4 | Long Target: 140000.0 | Long Pos Open: False
2025-08-12 20:55:28,585 - TradingThread - INFO - Price: 119292.4 | Long Target: 140000.0 | Long Pos Open: False
2025-08-12 20:55:28,886 - TradingThread - INFO - Price: 119292.4 | Long Target: 140000.0 | Long Pos Open: False
2025-08-12 20:55:28,985 - TradingThread - INFO - Price: 119292.4 | Long Target: 140000.0 | Long Pos Open: False
2025-08-12 20:55:29,085 - TradingThread - INFO - Price: 119292.5 | Long Target: 140000.0 | Long Pos Open: False
2025-08-12 20:55:29,185 - TradingThread - INFO - Price: 119292.4 | Long Target: 140000.0 | Long Pos Open: False
2025-08-12 20:55:29,285 - TradingThread - INFO - Price: 119292.4 | Long Target: 140000.0 | Long Pos Open: False
2025-08-12 20:55:29,385 - TradingThread - INFO - Price: 119292.5 | Long Target: 140000.0 | Long Pos Open: False
2025-08-12 20:55:29,487 - TradingThread - INFO - Price: 119292.5 | Long Target: 140000.0 | Long Pos Open: False
2025-08-12 20:55:29,785 - TradingThread - INFO - Price: 119292.5 | Long Target: 140000.0 | Long Pos Open: False
2025-08-12 20:55:30,085 - TradingThread - INFO - Price: 119292.5 | Long Target: 140000.0 | Long Pos Open: False
2025-08-12 20:55:30,185 - TradingThread - INFO - Price: 119292.5 | Long Target: 140000.0 | Long Pos Open: False
2025-08-12 20:55:30,285 - TradingThread - INFO - Price: 119292.5 | Long Target: 140000.0 | Long Pos Open: False
2025-08-12 20:55:30,685 - TradingThread - INFO - Price: 119292.5 | Long Target: 140000.0 | Long Pos Open: False
2025-08-12 20:55:30,785 - TradingThread - INFO - Price: 119292.4 | Long Target: 140000.0 | Long Pos Open: False
2025-08-12 20:55:30,885 - TradingThread - INFO - Price: 119292.4 | Long Target: 140000.0 | Long Pos Open: False
2025-08-12 20:55:31,185 - TradingThread - INFO - Price: 119292.4 | Long Target: 140000.0 | Long Pos Open: False
2025-08-12 20:55:31,485 - TradingThread - INFO - Price: 119292.4 | Long Target: 140000.0 | Long Pos Open: False
2025-08-12 20:55:31,586 - TradingThread - INFO - Price: 119292.4 | Long Target: 140000.0 | Long Pos Open: False
2025-08-12 20:55:31,686 - TradingThread - INFO - Price: 119292.4 | Long Target: 140000.0 | Long Pos Open: False
2025-08-12 20:55:31,785 - TradingThread - INFO - Price: 119292.4 | Long Target: 140000.0 | Long Pos Open: False
2025-08-12 20:55:31,985 - TradingThread - INFO - Price: 119292.4 | Long Target: 140000.0 | Long Pos Open: False
2025-08-12 20:55:32,087 - TradingThread - INFO - Price: 119292.4 | Long Target: 140000.0 | Long Pos Open: False
2025-08-12 20:55:32,186 - TradingThread - INFO - Price: 119292.4 | Long Target: 140000.0 | Long Pos Open: False
2025-08-12 20:55:32,286 - TradingThread - INFO - Price: 119292.4 | Long Target: 140000.0 | Long Pos Open: False
2025-08-12 20:55:32,385 - TradingThread - INFO - Price: 119292.5 | Long Target: 140000.0 | Long Pos Open: False
2025-08-12 20:55:32,485 - TradingThread - INFO - Price: 119292.5 | Long Target: 140000.0 | Long Pos Open: False
2025-08-12 20:55:32,786 - TradingThread - INFO - Price: 119292.5 | Long Target: 140000.0 | Long Pos Open: False
2025-08-12 20:55:32,885 - TradingThread - INFO - Price: 119292.5 | Long Target: 140000.0 | Long Pos Open: False
2025-08-12 20:55:33,485 - TradingThread - INFO - Price: 119292.5 | Long Target: 140000.0 | Long Pos Open: False
2025-08-12 20:55:33,585 - TradingThread - INFO - Price: 119292.5 | Long Target: 140000.0 | Long Pos Open: False
2025-08-12 20:55:33,686 - TradingThread - INFO - Price: 119292.5 | Long Target: 140000.0 | Long Pos Open: False
2025-08-12 20:55:33,785 - TradingThread - INFO - Price: 119292.5 | Long Target: 140000.0 | Long Pos Open: False
2025-08-12 20:55:33,885 - TradingThread - INFO - Price: 119292.5 | Long Target: 140000.0 | Long Pos Open: False
2025-08-12 20:55:33,985 - TradingThread - INFO - Price: 119292.5 | Long Target: 140000.0 | Long Pos Open: False
2025-08-12 20:55:34,085 - TradingThread - INFO - Price: 119292.4 | Long Target: 140000.0 | Long Pos Open: False
2025-08-12 20:55:34,185 - TradingThread - INFO - Price: 119292.4 | Long Target: 140000.0 | Long Pos Open: False
2025-08-12 20:55:34,285 - TradingThread - INFO - Price: 119292.5 | Long Target: 140000.0 | Long Pos Open: False
2025-08-12 20:55:34,385 - TradingThread - INFO - Price: 119292.5 | Long Target: 140000.0 | Long Pos Open: False
2025-08-12 20:55:34,485 - TradingThread - INFO - Price: 119292.5 | Long Target: 140000.0 | Long Pos Open: False
2025-08-12 20:55:34,685 - TradingThread - INFO - Price: 119292.5 | Long Target: 140000.0 | Long Pos Open: False
2025-08-12 20:55:34,785 - TradingThread - INFO - Price: 119292.5 | Long Target: 140000.0 | Long Pos Open: False
2025-08-12 20:55:34,985 - TradingThread - INFO - Price: 119292.5 | Long Target: 140000.0 | Long Pos Open: False
2025-08-12 20:55:35,085 - TradingThread - INFO - Price: 119292.5 | Long Target: 140000.0 | Long Pos Open: False
2025-08-12 20:55:35,285 - TradingThread - INFO - Price: 119292.5 | Long Target: 140000.0 | Long Pos Open: False
2025-08-12 20:55:35,385 - TradingThread - INFO - Price: 119292.5 | Long Target: 140000.0 | Long Pos Open: False
2025-08-12 20:55:35,485 - TradingThread - INFO - Price: 119292.5 | Long Target: 140000.0 | Long Pos Open: False
2025-08-12 20:55:35,585 - TradingThread - INFO - Price: 119292.5 | Long Target: 140000.0 | Long Pos Open: False
2025-08-12 20:55:35,686 - TradingThread - INFO - Price: 119292.5 | Long Target: 140000.0 | Long Pos Open: False
2025-08-12 20:55:35,785 - TradingThread - INFO - Price: 119292.5 | Long Target: 140000.0 | Long Pos Open: False
2025-08-12 20:55:35,885 - TradingThread - INFO - Price: 119292.5 | Long Target: 140000.0 | Long Pos Open: False
2025-08-12 20:55:35,985 - TradingThread - INFO - Price: 119286.7 | Long Target: 140000.0 | Long Pos Open: False
2025-08-12 20:55:36,085 - TradingThread - INFO - Price: 119286.7 | Long Target: 140000.0 | Long Pos Open: False
2025-08-12 20:55:36,185 - TradingThread - INFO - Price: 119286.7 | Long Target: 140000.0 | Long Pos Open: False
2025-08-12 20:55:36,285 - TradingThread - INFO - Price: 119286.7 | Long Target: 140000.0 | Long Pos Open: False
2025-08-12 20:55:36,386 - TradingThread - INFO - Price: 119286.7 | Long Target: 140000.0 | Long Pos Open: False
2025-08-12 20:55:36,488 - TradingThread - INFO - Price: 119286.7 | Long Target: 140000.0 | Long Pos Open: False
2025-08-12 20:55:36,785 - TradingThread - INFO - Price: 119280.6 | Long Target: 140000.0 | Long Pos Open: False
2025-08-12 20:55:36,885 - TradingThread - INFO - Price: 119280.6 | Long Target: 140000.0 | Long Pos Open: False
2025-08-12 20:55:36,986 - TradingThread - INFO - Price: 119280.6 | Long Target: 140000.0 | Long Pos Open: False
2025-08-12 20:55:37,085 - TradingThread - INFO - Price: 119280.6 | Long Target: 140000.0 | Long Pos Open: False
2025-08-12 20:55:37,185 - TradingThread - INFO - Price: 119280.6 | Long Target: 140000.0 | Long Pos Open: False
2025-08-12 20:55:37,285 - TradingThread - INFO - Price: 119280.6 | Long Target: 140000.0 | Long Pos Open: False
2025-08-12 20:55:37,485 - TradingThread - INFO - Price: 119280.6 | Long Target: 140000.0 | Long Pos Open: False
2025-08-12 20:55:37,585 - TradingThread - INFO - Price: 119280.6 | Long Target: 140000.0 | Long Pos Open: False
2025-08-12 20:55:37,685 - TradingThread - INFO - Price: 119280.6 | Long Target: 140000.0 | Long Pos Open: False
2025-08-12 20:55:37,785 - TradingThread - INFO - Price: 119280.6 | Long Target: 140000.0 | Long Pos Open: False
2025-08-12 20:55:37,985 - TradingThread - INFO - Price: 119280.6 | Long Target: 140000.0 | Long Pos Open: False
2025-08-12 20:55:38,086 - TradingThread - INFO - Price: 119280.6 | Long Target: 140000.0 | Long Pos Open: False
2025-08-12 20:55:38,285 - TradingThread - INFO - Price: 119280.6 | Long Target: 140000.0 | Long Pos Open: False
2025-08-12 20:55:38,385 - TradingThread - INFO - Price: 119280.6 | Long Target: 140000.0 | Long Pos Open: False
2025-08-12 20:55:38,584 - TradingThread - INFO - Price: 119280.6 | Long Target: 140000.0 | Long Pos Open: False
2025-08-12 20:55:38,685 - TradingThread - INFO - Price: 119280.6 | Long Target: 140000.0 | Long Pos Open: False
2025-08-12 20:55:38,785 - TradingThread - INFO - Price: 119280.6 | Long Target: 140000.0 | Long Pos Open: False
2025-08-12 20:55:38,885 - TradingThread - INFO - Price: 119280.6 | Long Target: 140000.0 | Long Pos Open: False
2025-08-12 20:55:39,086 - TradingThread - INFO - Price: 119280.6 | Long Target: 140000.0 | Long Pos Open: False
2025-08-12 20:55:39,198 - TradingThread - INFO - Price: 119280.6 | Long Target: 140000.0 | Long Pos Open: False
2025-08-12 20:55:39,385 - TradingThread - INFO - Price: 119280.6 | Long Target: 140000.0 | Long Pos Open: False
2025-08-12 20:55:39,485 - TradingThread - INFO - Price: 119280.6 | Long Target: 140000.0 | Long Pos Open: False
2025-08-12 20:55:39,586 - TradingThread - INFO - Price: 119280.6 | Long Target: 140000.0 | Long Pos Open: False
2025-08-12 20:55:39,785 - TradingThread - INFO - Price: 119280.6 | Long Target: 140000.0 | Long Pos Open: False
2025-08-12 20:55:39,885 - TradingThread - INFO - Price: 119280.7 | Long Target: 140000.0 | Long Pos Open: False
2025-08-12 20:55:39,985 - TradingThread - INFO - Price: 119280.7 | Long Target: 140000.0 | Long Pos Open: False
2025-08-12 20:55:40,185 - TradingThread - INFO - Price: 119280.7 | Long Target: 140000.0 | Long Pos Open: False
2025-08-12 20:55:40,285 - TradingThread - INFO - Price: 119280.7 | Long Target: 140000.0 | Long Pos Open: False
2025-08-12 20:55:40,585 - TradingThread - INFO - Price: 119280.7 | Long Target: 140000.0 | Long Pos Open: False
2025-08-12 20:55:40,684 - TradingThread - INFO - Price: 119280.7 | Long Target: 140000.0 | Long Pos Open: False
2025-08-12 20:55:40,785 - TradingThread - INFO - Price: 119280.7 | Long Target: 140000.0 | Long Pos Open: False
2025-08-12 20:55:40,885 - TradingThread - INFO - Price: 119280.7 | Long Target: 140000.0 | Long Pos Open: False
2025-08-12 20:55:40,985 - TradingThread - INFO - Price: 119280.7 | Long Target: 140000.0 | Long Pos Open: False
2025-08-12 20:55:41,086 - TradingThread - INFO - Price: 119280.7 | Long Target: 140000.0 | Long Pos Open: False
2025-08-12 20:55:41,185 - TradingThread - INFO - Price: 119280.7 | Long Target: 140000.0 | Long Pos Open: False
2025-08-12 20:55:41,285 - TradingThread - INFO - Price: 119280.7 | Long Target: 140000.0 | Long Pos Open: False
2025-08-12 20:55:41,385 - TradingThread - INFO - Price: 119280.7 | Long Target: 140000.0 | Long Pos Open: False
2025-08-12 20:55:41,585 - TradingThread - INFO - Price: 119280.7 | Long Target: 140000.0 | Long Pos Open: False
2025-08-12 20:55:41,685 - TradingThread - INFO - Price: 119280.7 | Long Target: 140000.0 | Long Pos Open: False
2025-08-12 20:55:41,785 - TradingThread - INFO - Price: 119280.7 | Long Target: 140000.0 | Long Pos Open: False
2025-08-12 20:55:41,885 - TradingThread - INFO - Price: 119280.7 | Long Target: 140000.0 | Long Pos Open: False
2025-08-12 20:55:42,184 - TradingThread - INFO - Price: 119280.7 | Long Target: 140000.0 | Long Pos Open: False
2025-08-12 20:55:42,286 - TradingThread - INFO - Price: 119280.7 | Long Target: 140000.0 | Long Pos Open: False
2025-08-12 20:55:42,385 - TradingThread - INFO - Price: 119280.7 | Long Target: 140000.0 | Long Pos Open: False
2025-08-12 20:55:42,484 - TradingThread - INFO - Price: 119280.7 | Long Target: 140000.0 | Long Pos Open: False
2025-08-12 20:55:42,585 - TradingThread - INFO - Price: 119280.7 | Long Target: 140000.0 | Long Pos Open: False
2025-08-12 20:55:42,685 - TradingThread - INFO - Price: 119280.7 | Long Target: 140000.0 | Long Pos Open: False
2025-08-12 20:55:42,885 - TradingThread - INFO - Price: 119280.7 | Long Target: 140000.0 | Long Pos Open: False
2025-08-12 20:55:43,085 - TradingThread - INFO - Price: 119280.7 | Long Target: 140000.0 | Long Pos Open: False
2025-08-12 20:55:43,284 - TradingThread - INFO - Price: 119280.6 | Long Target: 140000.0 | Long Pos Open: False
2025-08-12 20:55:43,384 - TradingThread - INFO - Price: 119280.6 | Long Target: 140000.0 | Long Pos Open: False
2025-08-12 20:55:43,586 - TradingThread - INFO - Price: 119280.6 | Long Target: 140000.0 | Long Pos Open: False
2025-08-12 20:55:43,685 - TradingThread - INFO - Price: 119280.6 | Long Target: 140000.0 | Long Pos Open: False
2025-08-12 20:55:43,785 - TradingThread - INFO - Price: 119280.6 | Long Target: 140000.0 | Long Pos Open: False
2025-08-12 20:55:43,884 - TradingThread - INFO - Price: 119280.6 | Long Target: 140000.0 | Long Pos Open: False
2025-08-12 20:55:43,984 - TradingThread - INFO - Price: 119280.6 | Long Target: 140000.0 | Long Pos Open: False
2025-08-12 20:55:44,084 - TradingThread - INFO - Price: 119280.6 | Long Target: 140000.0 | Long Pos Open: False
2025-08-12 20:55:44,185 - TradingThread - INFO - Price: 119280.6 | Long Target: 140000.0 | Long Pos Open: False
2025-08-12 20:55:44,285 - TradingThread - INFO - Price: 119264.9 | Long Target: 140000.0 | Long Pos Open: False
2025-08-12 20:55:44,384 - TradingThread - INFO - Price: 119262.7 | Long Target: 140000.0 | Long Pos Open: False
2025-08-12 20:55:44,485 - TradingThread - INFO - Price: 119262.8 | Long Target: 140000.0 | Long Pos Open: False
2025-08-12 20:55:44,585 - TradingThread - INFO - Price: 119260.1 | Long Target: 140000.0 | Long Pos Open: False
2025-08-12 20:55:44,685 - TradingThread - INFO - Price: 119260.1 | Long Target: 140000.0 | Long Pos Open: False
2025-08-12 20:55:44,784 - TradingThread - INFO - Price: 119260.1 | Long Target: 140000.0 | Long Pos Open: False
2025-08-12 20:55:44,885 - TradingThread - INFO - Price: 119260.0 | Long Target: 140000.0 | Long Pos Open: False
2025-08-12 20:55:44,984 - TradingThread - INFO - Price: 119260.0 | Long Target: 140000.0 | Long Pos Open: False
2025-08-12 20:55:45,085 - TradingThread - INFO - Price: 119260.0 | Long Target: 140000.0 | Long Pos Open: False
2025-08-12 20:55:45,184 - TradingThread - INFO - Price: 119260.0 | Long Target: 140000.0 | Long Pos Open: False
2025-08-12 20:55:45,285 - TradingThread - INFO - Price: 119260.0 | Long Target: 140000.0 | Long Pos Open: False
2025-08-12 20:55:45,385 - TradingThread - INFO - Price: 119260.0 | Long Target: 140000.0 | Long Pos Open: False
2025-08-12 20:55:45,484 - TradingThread - INFO - Price: 119250.2 | Long Target: 140000.0 | Long Pos Open: False
2025-08-12 20:55:45,586 - TradingThread - INFO - Price: 119250.2 | Long Target: 140000.0 | Long Pos Open: False
2025-08-12 20:55:45,685 - TradingThread - INFO - Price: 119250.2 | Long Target: 140000.0 | Long Pos Open: False
2025-08-12 20:55:45,785 - TradingThread - INFO - Price: 119250.3 | Long Target: 140000.0 | Long Pos Open: False
2025-08-12 20:55:45,885 - TradingThread - INFO - Price: 119250.3 | Long Target: 140000.0 | Long Pos Open: False
2025-08-12 20:55:45,984 - TradingThread - INFO - Price: 119250.3 | Long Target: 140000.0 | Long Pos Open: False
2025-08-12 20:55:46,085 - TradingThread - INFO - Price: 119250.3 | Long Target: 140000.0 | Long Pos Open: False
2025-08-12 20:55:46,185 - TradingThread - INFO - Price: 119250.3 | Long Target: 140000.0 | Long Pos Open: False
2025-08-12 20:55:46,284 - TradingThread - INFO - Price: 119250.3 | Long Target: 140000.0 | Long Pos Open: False
2025-08-12 20:55:46,385 - TradingThread - INFO - Price: 119250.3 | Long Target: 140000.0 | Long Pos Open: False
2025-08-12 20:55:46,485 - TradingThread - INFO - Price: 119250.3 | Long Target: 140000.0 | Long Pos Open: False
2025-08-12 20:55:46,585 - TradingThread - INFO - Price: 119250.2 | Long Target: 140000.0 | Long Pos Open: False
2025-08-12 20:55:46,684 - TradingThread - INFO - Price: 119250.2 | Long Target: 140000.0 | Long Pos Open: False
2025-08-12 20:55:46,784 - TradingThread - INFO - Price: 119250.2 | Long Target: 140000.0 | Long Pos Open: False
2025-08-12 20:55:46,984 - TradingThread - INFO - Price: 119250.6 | Long Target: 140000.0 | Long Pos Open: False
2025-08-12 20:55:47,084 - TradingThread - INFO - Price: 119250.6 | Long Target: 140000.0 | Long Pos Open: False
2025-08-12 20:55:47,185 - TradingThread - INFO - Price: 119250.6 | Long Target: 140000.0 | Long Pos Open: False
2025-08-12 20:55:47,286 - TradingThread - INFO - Price: 119258.4 | Long Target: 140000.0 | Long Pos Open: False
2025-08-12 20:55:47,384 - TradingThread - INFO - Price: 119258.4 | Long Target: 140000.0 | Long Pos Open: False
2025-08-12 20:55:47,485 - TradingThread - INFO - Price: 119258.4 | Long Target: 140000.0 | Long Pos Open: False
2025-08-12 20:55:47,585 - TradingThread - INFO - Price: 119258.4 | Long Target: 140000.0 | Long Pos Open: False
2025-08-12 20:55:47,884 - TradingThread - INFO - Price: 119258.4 | Long Target: 140000.0 | Long Pos Open: False
2025-08-12 20:55:47,985 - TradingThread - INFO - Price: 119259.2 | Long Target: 140000.0 | Long Pos Open: False
2025-08-12 20:55:48,085 - TradingThread - INFO - Price: 119259.2 | Long Target: 140000.0 | Long Pos Open: False
2025-08-12 20:55:48,185 - TradingThread - INFO - Price: 119259.2 | Long Target: 140000.0 | Long Pos Open: False
2025-08-12 20:55:48,384 - TradingThread - INFO - Price: 119259.2 | Long Target: 140000.0 | Long Pos Open: False
2025-08-12 20:55:48,485 - TradingThread - INFO - Price: 119259.2 | Long Target: 140000.0 | Long Pos Open: False
2025-08-12 20:55:48,684 - TradingThread - INFO - Price: 119259.2 | Long Target: 140000.0 | Long Pos Open: False
2025-08-12 20:55:48,984 - TradingThread - INFO - Price: 119259.2 | Long Target: 140000.0 | Long Pos Open: False
2025-08-12 20:55:49,084 - TradingThread - INFO - Price: 119259.2 | Long Target: 140000.0 | Long Pos Open: False
2025-08-12 20:55:49,185 - TradingThread - INFO - Price: 119259.2 | Long Target: 140000.0 | Long Pos Open: False
2025-08-12 20:55:49,284 - TradingThread - INFO - Price: 119259.2 | Long Target: 140000.0 | Long Pos Open: False
2025-08-12 20:55:49,585 - TradingThread - INFO - Price: 119259.2 | Long Target: 140000.0 | Long Pos Open: False
2025-08-12 20:55:49,685 - TradingThread - INFO - Price: 119259.2 | Long Target: 140000.0 | Long Pos Open: False
2025-08-12 20:55:49,785 - TradingThread - INFO - Price: 119259.2 | Long Target: 140000.0 | Long Pos Open: False
2025-08-12 20:55:49,984 - TradingThread - INFO - Price: 119259.2 | Long Target: 140000.0 | Long Pos Open: False
2025-08-12 20:55:50,084 - TradingThread - INFO - Price: 119259.2 | Long Target: 140000.0 | Long Pos Open: False
2025-08-12 20:55:50,185 - TradingThread - INFO - Price: 119259.2 | Long Target: 140000.0 | Long Pos Open: False
2025-08-12 20:55:50,285 - TradingThread - INFO - Price: 119259.2 | Long Target: 140000.0 | Long Pos Open: False
2025-08-12 20:55:50,585 - TradingThread - INFO - Price: 119259.2 | Long Target: 140000.0 | Long Pos Open: False
2025-08-12 20:55:50,786 - TradingThread - INFO - Price: 119259.1 | Long Target: 140000.0 | Long Pos Open: False
2025-08-12 20:55:50,884 - TradingThread - INFO - Price: 119259.1 | Long Target: 140000.0 | Long Pos Open: False
2025-08-12 20:55:50,985 - TradingThread - INFO - Price: 119259.1 | Long Target: 140000.0 | Long Pos Open: False
2025-08-12 20:55:51,085 - TradingThread - INFO - Price: 119259.1 | Long Target: 140000.0 | Long Pos Open: False
2025-08-12 20:55:51,185 - TradingThread - INFO - Price: 119259.1 | Long Target: 140000.0 | Long Pos Open: False
2025-08-12 20:55:51,284 - TradingThread - INFO - Price: 119259.1 | Long Target: 140000.0 | Long Pos Open: False
2025-08-12 20:55:51,486 - TradingThread - INFO - Price: 119259.1 | Long Target: 140000.0 | Long Pos Open: False
2025-08-12 20:55:51,584 - TradingThread - INFO - Price: 119259.1 | Long Target: 140000.0 | Long Pos Open: False
2025-08-12 20:55:51,688 - TradingThread - INFO - Price: 119259.1 | Long Target: 140000.0 | Long Pos Open: False
2025-08-12 20:55:51,788 - TradingThread - INFO - Price: 119259.1 | Long Target: 140000.0 | Long Pos Open: False
2025-08-12 20:55:51,884 - TradingThread - INFO - Price: 119259.2 | Long Target: 140000.0 | Long Pos Open: False
2025-08-12 20:55:51,984 - TradingThread - INFO - Price: 119259.2 | Long Target: 140000.0 | Long Pos Open: False
2025-08-12 20:55:52,085 - TradingThread - INFO - Price: 119259.2 | Long Target: 140000.0 | Long Pos Open: False
2025-08-12 20:55:52,185 - TradingThread - INFO - Price: 119259.1 | Long Target: 140000.0 | Long Pos Open: False
2025-08-12 20:55:52,284 - TradingThread - INFO - Price: 119259.1 | Long Target: 140000.0 | Long Pos Open: False
2025-08-12 20:55:52,384 - TradingThread - INFO - Price: 119259.1 | Long Target: 140000.0 | Long Pos Open: False
2025-08-12 20:55:52,484 - TradingThread - INFO - Price: 119259.1 | Long Target: 140000.0 | Long Pos Open: False
2025-08-12 20:55:52,684 - TradingThread - INFO - Price: 119250.0 | Long Target: 140000.0 | Long Pos Open: False
2025-08-12 20:55:52,784 - TradingThread - INFO - Price: 119250.0 | Long Target: 140000.0 | Long Pos Open: False
2025-08-12 20:55:52,884 - TradingThread - INFO - Price: 119250.0 | Long Target: 140000.0 | Long Pos Open: False
2025-08-12 20:55:52,984 - TradingThread - INFO - Price: 119250.0 | Long Target: 140000.0 | Long Pos Open: False
2025-08-12 20:55:53,084 - TradingThread - INFO - Price: 119250.0 | Long Target: 140000.0 | Long Pos Open: False
2025-08-12 20:55:53,184 - TradingThread - INFO - Price: 119250.0 | Long Target: 140000.0 | Long Pos Open: False
2025-08-12 20:55:53,284 - TradingThread - INFO - Price: 119250.0 | Long Target: 140000.0 | Long Pos Open: False
2025-08-12 20:55:53,384 - TradingThread - INFO - Price: 119250.0 | Long Target: 140000.0 | Long Pos Open: False
2025-08-12 20:55:53,484 - TradingThread - INFO - Price: 119244.8 | Long Target: 140000.0 | Long Pos Open: False
2025-08-12 20:55:53,585 - TradingThread - INFO - Price: 119244.3 | Long Target: 140000.0 | Long Pos Open: False
2025-08-12 20:55:53,684 - TradingThread - INFO - Price: 119244.4 | Long Target: 140000.0 | Long Pos Open: False
2025-08-12 20:55:53,784 - TradingThread - INFO - Price: 119244.4 | Long Target: 140000.0 | Long Pos Open: False
2025-08-12 20:55:53,884 - TradingThread - INFO - Price: 119244.4 | Long Target: 140000.0 | Long Pos Open: False
2025-08-12 20:55:53,984 - TradingThread - INFO - Price: 119244.4 | Long Target: 140000.0 | Long Pos Open: False
2025-08-12 20:55:54,084 - TradingThread - INFO - Price: 119244.4 | Long Target: 140000.0 | Long Pos Open: False
2025-08-12 20:55:54,184 - TradingThread - INFO - Price: 119244.4 | Long Target: 140000.0 | Long Pos Open: False
2025-08-12 20:55:54,284 - TradingThread - INFO - Price: 119244.4 | Long Target: 140000.0 | Long Pos Open: False
2025-08-12 20:55:54,384 - TradingThread - INFO - Price: 119244.4 | Long Target: 140000.0 | Long Pos Open: False
2025-08-12 20:55:54,484 - TradingThread - INFO - Price: 119244.4 | Long Target: 140000.0 | Long Pos Open: False
2025-08-12 20:55:54,584 - TradingThread - INFO - Price: 119244.3 | Long Target: 140000.0 | Long Pos Open: False
2025-08-12 20:55:54,684 - TradingThread - INFO - Price: 119244.4 | Long Target: 140000.0 | Long Pos Open: False
2025-08-12 20:55:54,784 - TradingThread - INFO - Price: 119244.4 | Long Target: 140000.0 | Long Pos Open: False
2025-08-12 20:55:54,884 - TradingThread - INFO - Price: 119244.4 | Long Target: 140000.0 | Long Pos Open: False
2025-08-12 20:55:55,084 - TradingThread - INFO - Price: 119244.3 | Long Target: 140000.0 | Long Pos Open: False
2025-08-12 20:55:55,184 - TradingThread - INFO - Price: 119244.3 | Long Target: 140000.0 | Long Pos Open: False
2025-08-12 20:55:55,284 - TradingThread - INFO - Price: 119244.3 | Long Target: 140000.0 | Long Pos Open: False
2025-08-12 20:55:55,384 - TradingThread - INFO - Price: 119244.3 | Long Target: 140000.0 | Long Pos Open: False
2025-08-12 20:55:55,484 - TradingThread - INFO - Price: 119244.3 | Long Target: 140000.0 | Long Pos Open: False
2025-08-12 20:55:55,584 - TradingThread - INFO - Price: 119244.3 | Long Target: 140000.0 | Long Pos Open: False
2025-08-12 20:55:55,685 - TradingThread - INFO - Price: 119244.3 | Long Target: 140000.0 | Long Pos Open: False
2025-08-12 20:55:55,784 - TradingThread - INFO - Price: 119244.3 | Long Target: 140000.0 | Long Pos Open: False
2025-08-12 20:55:55,984 - TradingThread - INFO - Price: 119244.4 | Long Target: 140000.0 | Long Pos Open: False
2025-08-12 20:55:56,085 - TradingThread - INFO - Price: 119244.4 | Long Target: 140000.0 | Long Pos Open: False
2025-08-12 20:55:56,284 - TradingThread - INFO - Price: 119244.4 | Long Target: 140000.0 | Long Pos Open: False
2025-08-12 20:55:56,584 - TradingThread - INFO - Price: 119244.4 | Long Target: 140000.0 | Long Pos Open: False
2025-08-12 20:55:56,687 - TradingThread - INFO - Price: 119244.3 | Long Target: 140000.0 | Long Pos Open: False
2025-08-12 20:55:56,785 - TradingThread - INFO - Price: 119244.3 | Long Target: 140000.0 | Long Pos Open: False
2025-08-12 20:55:56,884 - TradingThread - INFO - Price: 119244.3 | Long Target: 140000.0 | Long Pos Open: False
2025-08-12 20:55:57,084 - TradingThread - INFO - Price: 119244.3 | Long Target: 140000.0 | Long Pos Open: False
2025-08-12 20:55:57,185 - TradingThread - INFO - Price: 119244.3 | Long Target: 140000.0 | Long Pos Open: False
2025-08-12 20:55:57,484 - TradingThread - INFO - Price: 119244.3 | Long Target: 140000.0 | Long Pos Open: False
2025-08-12 20:55:57,584 - TradingThread - INFO - Price: 119244.3 | Long Target: 140000.0 | Long Pos Open: False
2025-08-12 20:55:57,784 - TradingThread - INFO - Price: 119244.3 | Long Target: 140000.0 | Long Pos Open: False
2025-08-12 20:55:57,884 - TradingThread - INFO - Price: 119244.3 | Long Target: 140000.0 | Long Pos Open: False
2025-08-12 20:55:58,084 - TradingThread - INFO - Price: 119244.3 | Long Target: 140000.0 | Long Pos Open: False
2025-08-12 20:55:58,184 - TradingThread - INFO - Price: 119244.3 | Long Target: 140000.0 | Long Pos Open: False
2025-08-12 20:55:58,284 - TradingThread - INFO - Price: 119244.3 | Long Target: 140000.0 | Long Pos Open: False
2025-08-12 20:55:58,384 - TradingThread - INFO - Price: 119244.3 | Long Target: 140000.0 | Long Pos Open: False
2025-08-12 20:55:58,484 - TradingThread - INFO - Price: 119244.3 | Long Target: 140000.0 | Long Pos Open: False
2025-08-12 20:55:58,584 - TradingThread - INFO - Price: 119244.3 | Long Target: 140000.0 | Long Pos Open: False
2025-08-12 20:55:58,784 - TradingThread - INFO - Price: 119244.3 | Long Target: 140000.0 | Long Pos Open: False
2025-08-12 20:55:58,984 - TradingThread - INFO - Price: 119244.3 | Long Target: 140000.0 | Long Pos Open: False
2025-08-12 20:55:59,083 - TradingThread - INFO - Price: 119244.3 | Long Target: 140000.0 | Long Pos Open: False
2025-08-12 20:55:59,184 - TradingThread - INFO - Price: 119244.3 | Long Target: 140000.0 | Long Pos Open: False
2025-08-12 20:55:59,284 - TradingThread - INFO - Price: 119244.3 | Long Target: 140000.0 | Long Pos Open: False
2025-08-12 20:55:59,584 - TradingThread - INFO - Price: 119244.3 | Long Target: 140000.0 | Long Pos Open: False
2025-08-12 20:55:59,684 - TradingThread - INFO - Price: 119244.3 | Long Target: 140000.0 | Long Pos Open: False
2025-08-12 20:55:59,784 - TradingThread - INFO - Price: 119244.4 | Long Target: 140000.0 | Long Pos Open: False
2025-08-12 20:55:59,884 - TradingThread - INFO - Price: 119244.4 | Long Target: 140000.0 | Long Pos Open: False
2025-08-12 20:55:59,984 - TradingThread - INFO - Price: 119244.4 | Long Target: 140000.0 | Long Pos Open: False
2025-08-12 20:56:00,087 - TradingThread - INFO - Price: 119244.4 | Long Target: 140000.0 | Long Pos Open: False
2025-08-12 20:56:00,184 - TradingThread - INFO - Price: 119244.4 | Long Target: 140000.0 | Long Pos Open: False
2025-08-12 20:56:00,284 - TradingThread - INFO - Price: 119244.4 | Long Target: 140000.0 | Long Pos Open: False
2025-08-12 20:56:00,384 - TradingThread - INFO - Price: 119244.4 | Long Target: 140000.0 | Long Pos Open: False
2025-08-12 20:56:00,484 - TradingThread - INFO - Price: 119244.4 | Long Target: 140000.0 | Long Pos Open: False
2025-08-12 20:56:00,685 - TradingThread - INFO - Price: 119244.4 | Long Target: 140000.0 | Long Pos Open: False
2025-08-12 20:56:00,784 - TradingThread - INFO - Price: 119244.4 | Long Target: 140000.0 | Long Pos Open: False
2025-08-12 20:56:00,984 - TradingThread - INFO - Price: 119244.4 | Long Target: 140000.0 | Long Pos Open: False
2025-08-12 20:56:01,084 - TradingThread - INFO - Price: 119244.4 | Long Target: 140000.0 | Long Pos Open: False
2025-08-12 20:56:01,183 - TradingThread - INFO - Price: 119244.4 | Long Target: 140000.0 | Long Pos Open: False
2025-08-12 20:56:01,283 - TradingThread - INFO - Price: 119244.4 | Long Target: 140000.0 | Long Pos Open: False
2025-08-12 20:56:01,584 - TradingThread - INFO - Price: 119244.4 | Long Target: 140000.0 | Long Pos Open: False
2025-08-12 20:56:01,683 - TradingThread - INFO - Price: 119244.4 | Long Target: 140000.0 | Long Pos Open: False
2025-08-12 20:56:01,884 - TradingThread - INFO - Price: 119244.3 | Long Target: 140000.0 | Long Pos Open: False
2025-08-12 20:56:01,984 - TradingThread - INFO - Price: 119244.3 | Long Target: 140000.0 | Long Pos Open: False
2025-08-12 20:56:02,084 - TradingThread - INFO - Price: 119244.4 | Long Target: 140000.0 | Long Pos Open: False
2025-08-12 20:56:02,183 - TradingThread - INFO - Price: 119244.4 | Long Target: 140000.0 | Long Pos Open: False
2025-08-12 20:56:02,283 - TradingThread - INFO - Price: 119244.4 | Long Target: 140000.0 | Long Pos Open: False
2025-08-12 20:56:02,384 - TradingThread - INFO - Price: 119244.4 | Long Target: 140000.0 | Long Pos Open: False
2025-08-12 20:56:02,484 - TradingThread - INFO - Price: 119244.3 | Long Target: 140000.0 | Long Pos Open: False
2025-08-12 20:56:02,583 - TradingThread - INFO - Price: 119244.3 | Long Target: 140000.0 | Long Pos Open: False
2025-08-12 20:56:02,684 - TradingThread - INFO - Price: 119244.3 | Long Target: 140000.0 | Long Pos Open: False
2025-08-12 20:56:02,784 - TradingThread - INFO - Price: 119244.3 | Long Target: 140000.0 | Long Pos Open: False
2025-08-12 20:56:02,883 - TradingThread - INFO - Price: 119244.3 | Long Target: 140000.0 | Long Pos Open: False
2025-08-12 20:56:02,984 - TradingThread - INFO - Price: 119244.3 | Long Target: 140000.0 | Long Pos Open: False
2025-08-12 20:56:03,184 - TradingThread - INFO - Price: 119244.3 | Long Target: 140000.0 | Long Pos Open: False
2025-08-12 20:56:03,285 - TradingThread - INFO - Price: 119244.3 | Long Target: 140000.0 | Long Pos Open: False
2025-08-12 20:56:03,384 - TradingThread - INFO - Price: 119244.4 | Long Target: 140000.0 | Long Pos Open: False
2025-08-12 20:56:03,484 - TradingThread - INFO - Price: 119244.4 | Long Target: 140000.0 | Long Pos Open: False
2025-08-12 20:56:03,584 - TradingThread - INFO - Price: 119244.3 | Long Target: 140000.0 | Long Pos Open: False
2025-08-12 20:56:03,684 - TradingThread - INFO - Price: 119244.3 | Long Target: 140000.0 | Long Pos Open: False
2025-08-12 20:56:03,784 - TradingThread - INFO - Price: 119244.4 | Long Target: 140000.0 | Long Pos Open: False
2025-08-12 20:56:03,884 - TradingThread - INFO - Price: 119240.0 | Long Target: 140000.0 | Long Pos Open: False
2025-08-12 20:56:03,983 - TradingThread - INFO - Price: 119240.0 | Long Target: 140000.0 | Long Pos Open: False
2025-08-12 20:56:04,084 - TradingThread - INFO - Price: 119240.0 | Long Target: 140000.0 | Long Pos Open: False
2025-08-12 20:56:04,184 - TradingThread - INFO - Price: 119240.0 | Long Target: 140000.0 | Long Pos Open: False
2025-08-12 20:56:04,283 - TradingThread - INFO - Price: 119240.0 | Long Target: 140000.0 | Long Pos Open: False
2025-08-12 20:56:04,384 - TradingThread - INFO - Price: 119239.1 | Long Target: 140000.0 | Long Pos Open: False
2025-08-12 20:56:04,484 - TradingThread - INFO - Price: 119239.1 | Long Target: 140000.0 | Long Pos Open: False
2025-08-12 20:56:04,584 - TradingThread - INFO - Price: 119239.1 | Long Target: 140000.0 | Long Pos Open: False
2025-08-12 20:56:04,684 - TradingThread - INFO - Price: 119239.1 | Long Target: 140000.0 | Long Pos Open: False
2025-08-12 20:56:04,783 - TradingThread - INFO - Price: 119239.1 | Long Target: 140000.0 | Long Pos Open: False
2025-08-12 20:56:04,883 - TradingThread - INFO - Price: 119239.1 | Long Target: 140000.0 | Long Pos Open: False
2025-08-12 20:56:04,984 - TradingThread - INFO - Price: 119239.1 | Long Target: 140000.0 | Long Pos Open: False
2025-08-12 20:56:05,084 - TradingThread - INFO - Price: 119239.1 | Long Target: 140000.0 | Long Pos Open: False
2025-08-12 20:56:05,183 - TradingThread - INFO - Price: 119239.0 | Long Target: 140000.0 | Long Pos Open: False
2025-08-12 20:56:05,284 - TradingThread - INFO - Price: 119239.1 | Long Target: 140000.0 | Long Pos Open: False
2025-08-12 20:56:05,384 - TradingThread - INFO - Price: 119239.1 | Long Target: 140000.0 | Long Pos Open: False
2025-08-12 20:56:05,483 - TradingThread - INFO - Price: 119239.1 | Long Target: 140000.0 | Long Pos Open: False
2025-08-12 20:56:05,583 - TradingThread - INFO - Price: 119239.1 | Long Target: 140000.0 | Long Pos Open: False
2025-08-12 20:56:05,683 - TradingThread - INFO - Price: 119239.1 | Long Target: 140000.0 | Long Pos Open: False
2025-08-12 20:56:05,783 - TradingThread - INFO - Price: 119239.1 | Long Target: 140000.0 | Long Pos Open: False
2025-08-12 20:56:05,883 - TradingThread - INFO - Price: 119239.1 | Long Target: 140000.0 | Long Pos Open: False
2025-08-12 20:56:05,984 - TradingThread - INFO - Price: 119240.0 | Long Target: 140000.0 | Long Pos Open: False
2025-08-12 20:56:06,083 - TradingThread - INFO - Price: 119241.7 | Long Target: 140000.0 | Long Pos Open: False
2025-08-12 20:56:06,184 - TradingThread - INFO - Price: 119241.7 | Long Target: 140000.0 | Long Pos Open: False
2025-08-12 20:56:06,284 - TradingThread - INFO - Price: 119244.1 | Long Target: 140000.0 | Long Pos Open: False
2025-08-12 20:56:06,383 - TradingThread - INFO - Price: 119244.3 | Long Target: 140000.0 | Long Pos Open: False
2025-08-12 20:56:06,483 - TradingThread - INFO - Price: 119244.3 | Long Target: 140000.0 | Long Pos Open: False
2025-08-12 20:56:06,583 - TradingThread - INFO - Price: 119244.4 | Long Target: 140000.0 | Long Pos Open: False
2025-08-12 20:56:06,683 - TradingThread - INFO - Price: 119244.4 | Long Target: 140000.0 | Long Pos Open: False
2025-08-12 20:56:06,784 - TradingThread - INFO - Price: 119244.3 | Long Target: 140000.0 | Long Pos Open: False
2025-08-12 20:56:06,884 - TradingThread - INFO - Price: 119246.0 | Long Target: 140000.0 | Long Pos Open: False
2025-08-12 20:56:06,983 - TradingThread - INFO - Price: 119246.0 | Long Target: 140000.0 | Long Pos Open: False
2025-08-12 20:56:07,085 - TradingThread - INFO - Price: 119246.0 | Long Target: 140000.0 | Long Pos Open: False
2025-08-12 20:56:07,184 - TradingThread - INFO - Price: 119246.0 | Long Target: 140000.0 | Long Pos Open: False
2025-08-12 20:56:07,383 - TradingThread - INFO - Price: 119246.0 | Long Target: 140000.0 | Long Pos Open: False
2025-08-12 20:56:07,483 - TradingThread - INFO - Price: 119246.0 | Long Target: 140000.0 | Long Pos Open: False
2025-08-12 20:56:07,583 - TradingThread - INFO - Price: 119246.0 | Long Target: 140000.0 | Long Pos Open: False
2025-08-12 20:56:07,783 - TradingThread - INFO - Price: 119246.0 | Long Target: 140000.0 | Long Pos Open: False
2025-08-12 20:56:07,883 - TradingThread - INFO - Price: 119246.6 | Long Target: 140000.0 | Long Pos Open: False
2025-08-12 20:56:07,983 - TradingThread - INFO - Price: 119246.6 | Long Target: 140000.0 | Long Pos Open: False
2025-08-12 20:56:08,084 - TradingThread - INFO - Price: 119246.6 | Long Target: 140000.0 | Long Pos Open: False
2025-08-12 20:56:08,184 - TradingThread - INFO - Price: 119246.6 | Long Target: 140000.0 | Long Pos Open: False
2025-08-12 20:56:08,284 - TradingThread - INFO - Price: 119246.6 | Long Target: 140000.0 | Long Pos Open: False
2025-08-12 20:56:08,383 - TradingThread - INFO - Price: 119246.6 | Long Target: 140000.0 | Long Pos Open: False
2025-08-12 20:56:08,483 - TradingThread - INFO - Price: 119246.6 | Long Target: 140000.0 | Long Pos Open: False
2025-08-12 20:56:08,584 - TradingThread - INFO - Price: 119246.7 | Long Target: 140000.0 | Long Pos Open: False
2025-08-12 20:56:08,684 - TradingThread - INFO - Price: 119246.7 | Long Target: 140000.0 | Long Pos Open: False
2025-08-12 20:56:08,784 - TradingThread - INFO - Price: 119246.7 | Long Target: 140000.0 | Long Pos Open: False
2025-08-12 20:56:08,883 - TradingThread - INFO - Price: 119246.7 | Long Target: 140000.0 | Long Pos Open: False
2025-08-12 20:56:08,985 - TradingThread - INFO - Price: 119246.7 | Long Target: 140000.0 | Long Pos Open: False
2025-08-12 20:56:09,184 - TradingThread - INFO - Price: 119246.7 | Long Target: 140000.0 | Long Pos Open: False
2025-08-12 20:56:09,284 - TradingThread - INFO - Price: 119246.7 | Long Target: 140000.0 | Long Pos Open: False
2025-08-12 20:56:09,484 - TradingThread - INFO - Price: 119246.7 | Long Target: 140000.0 | Long Pos Open: False
2025-08-12 20:56:09,785 - TradingThread - INFO - Price: 119246.7 | Long Target: 140000.0 | Long Pos Open: False
2025-08-12 20:56:09,884 - TradingThread - INFO - Price: 119246.7 | Long Target: 140000.0 | Long Pos Open: False
2025-08-12 20:56:09,984 - TradingThread - INFO - Price: 119246.7 | Long Target: 140000.0 | Long Pos Open: False
2025-08-12 20:56:10,283 - TradingThread - INFO - Price: 119246.7 | Long Target: 140000.0 | Long Pos Open: False
2025-08-12 20:56:10,484 - TradingThread - INFO - Price: 119246.7 | Long Target: 140000.0 | Long Pos Open: False
2025-08-12 20:56:10,584 - TradingThread - INFO - Price: 119246.7 | Long Target: 140000.0 | Long Pos Open: False
2025-08-12 20:56:10,684 - TradingThread - INFO - Price: 119246.7 | Long Target: 140000.0 | Long Pos Open: False
2025-08-12 20:56:10,784 - TradingThread - INFO - Price: 119246.7 | Long Target: 140000.0 | Long Pos Open: False
2025-08-12 20:56:10,883 - TradingThread - INFO - Price: 119246.7 | Long Target: 140000.0 | Long Pos Open: False
2025-08-12 20:56:11,084 - TradingThread - INFO - Price: 119246.7 | Long Target: 140000.0 | Long Pos Open: False
2025-08-12 20:56:11,485 - TradingThread - INFO - Price: 119246.7 | Long Target: 140000.0 | Long Pos Open: False
2025-08-12 20:56:11,584 - TradingThread - INFO - Price: 119246.7 | Long Target: 140000.0 | Long Pos Open: False
2025-08-12 20:56:11,686 - TradingThread - INFO - Price: 119246.7 | Long Target: 140000.0 | Long Pos Open: False
2025-08-12 20:56:11,784 - TradingThread - INFO - Price: 119246.7 | Long Target: 140000.0 | Long Pos Open: False
2025-08-12 20:56:11,984 - TradingThread - INFO - Price: 119246.7 | Long Target: 140000.0 | Long Pos Open: False
2025-08-12 20:56:12,084 - TradingThread - INFO - Price: 119246.7 | Long Target: 140000.0 | Long Pos Open: False
2025-08-12 20:56:12,185 - TradingThread - INFO - Price: 119246.7 | Long Target: 140000.0 | Long Pos Open: False
2025-08-12 20:56:12,383 - TradingThread - INFO - Price: 119246.7 | Long Target: 140000.0 | Long Pos Open: False
2025-08-12 20:56:12,484 - TradingThread - INFO - Price: 119254.9 | Long Target: 140000.0 | Long Pos Open: False
2025-08-12 20:56:12,585 - TradingThread - INFO - Price: 119265.8 | Long Target: 140000.0 | Long Pos Open: False
2025-08-12 20:56:12,684 - TradingThread - INFO - Price: 119265.8 | Long Target: 140000.0 | Long Pos Open: False
2025-08-12 20:56:12,785 - TradingThread - INFO - Price: 119265.8 | Long Target: 140000.0 | Long Pos Open: False
2025-08-12 20:56:12,883 - TradingThread - INFO - Price: 119265.8 | Long Target: 140000.0 | Long Pos Open: False
2025-08-12 20:56:12,983 - TradingThread - INFO - Price: 119265.7 | Long Target: 140000.0 | Long Pos Open: False
2025-08-12 20:56:13,083 - TradingThread - INFO - Price: 119265.7 | Long Target: 140000.0 | Long Pos Open: False
2025-08-12 20:56:13,183 - TradingThread - INFO - Price: 119265.7 | Long Target: 140000.0 | Long Pos Open: False
2025-08-12 20:56:13,283 - TradingThread - INFO - Price: 119265.7 | Long Target: 140000.0 | Long Pos Open: False
2025-08-12 20:56:13,384 - TradingThread - INFO - Price: 119265.7 | Long Target: 140000.0 | Long Pos Open: False
2025-08-12 20:56:13,483 - TradingThread - INFO - Price: 119251.6 | Long Target: 140000.0 | Long Pos Open: False
2025-08-12 20:56:13,583 - TradingThread - INFO - Price: 119251.6 | Long Target: 140000.0 | Long Pos Open: False
2025-08-12 20:56:13,685 - TradingThread - INFO - Price: 119251.6 | Long Target: 140000.0 | Long Pos Open: False
2025-08-12 20:56:13,785 - TradingThread - INFO - Price: 119251.6 | Long Target: 140000.0 | Long Pos Open: False
2025-08-12 20:56:13,884 - TradingThread - INFO - Price: 119251.6 | Long Target: 140000.0 | Long Pos Open: False
2025-08-12 20:56:13,983 - TradingThread - INFO - Price: 119251.6 | Long Target: 140000.0 | Long Pos Open: False
2025-08-12 20:56:14,183 - TradingThread - INFO - Price: 119251.6 | Long Target: 140000.0 | Long Pos Open: False
2025-08-12 20:56:14,283 - TradingThread - INFO - Price: 119251.6 | Long Target: 140000.0 | Long Pos Open: False
2025-08-12 20:56:14,483 - TradingThread - INFO - Price: 119251.6 | Long Target: 140000.0 | Long Pos Open: False
2025-08-12 20:56:14,584 - TradingThread - INFO - Price: 119251.6 | Long Target: 140000.0 | Long Pos Open: False
2025-08-12 20:56:14,683 - TradingThread - INFO - Price: 119251.6 | Long Target: 140000.0 | Long Pos Open: False
2025-08-12 20:56:14,783 - TradingThread - INFO - Price: 119251.6 | Long Target: 140000.0 | Long Pos Open: False
2025-08-12 20:56:14,884 - TradingThread - INFO - Price: 119251.6 | Long Target: 140000.0 | Long Pos Open: False
2025-08-12 20:56:15,184 - TradingThread - INFO - Price: 119251.7 | Long Target: 140000.0 | Long Pos Open: False
2025-08-12 20:56:15,283 - TradingThread - INFO - Price: 119251.7 | Long Target: 140000.0 | Long Pos Open: False
2025-08-12 20:56:15,383 - TradingThread - INFO - Price: 119251.7 | Long Target: 140000.0 | Long Pos Open: False
2025-08-12 20:56:15,483 - TradingThread - INFO - Price: 119251.7 | Long Target: 140000.0 | Long Pos Open: False
2025-08-12 20:56:15,583 - TradingThread - INFO - Price: 119251.7 | Long Target: 140000.0 | Long Pos Open: False
2025-08-12 20:56:15,683 - TradingThread - INFO - Price: 119251.6 | Long Target: 140000.0 | Long Pos Open: False
2025-08-12 20:56:15,783 - TradingThread - INFO - Price: 119251.6 | Long Target: 140000.0 | Long Pos Open: False
2025-08-12 20:56:15,984 - TradingThread - INFO - Price: 119251.6 | Long Target: 140000.0 | Long Pos Open: False
2025-08-12 20:56:16,083 - TradingThread - INFO - Price: 119251.6 | Long Target: 140000.0 | Long Pos Open: False
2025-08-12 20:56:16,283 - TradingThread - INFO - Price: 119251.6 | Long Target: 140000.0 | Long Pos Open: False
2025-08-12 20:56:16,383 - TradingThread - INFO - Price: 119251.7 | Long Target: 140000.0 | Long Pos Open: False
2025-08-12 20:56:16,483 - TradingThread - INFO - Price: 119251.7 | Long Target: 140000.0 | Long Pos Open: False
2025-08-12 20:56:16,583 - TradingThread - INFO - Price: 119251.7 | Long Target: 140000.0 | Long Pos Open: False
2025-08-12 20:56:16,683 - TradingThread - INFO - Price: 119251.7 | Long Target: 140000.0 | Long Pos Open: False
2025-08-12 20:56:16,783 - TradingThread - INFO - Price: 119251.7 | Long Target: 140000.0 | Long Pos Open: False
2025-08-12 20:56:16,883 - TradingThread - INFO - Price: 119251.7 | Long Target: 140000.0 | Long Pos Open: False
2025-08-12 20:56:16,983 - TradingThread - INFO - Price: 119251.7 | Long Target: 140000.0 | Long Pos Open: False
2025-08-12 20:56:17,083 - TradingThread - INFO - Price: 119251.7 | Long Target: 140000.0 | Long Pos Open: False
2025-08-12 20:56:17,183 - TradingThread - INFO - Price: 119251.7 | Long Target: 140000.0 | Long Pos Open: False
2025-08-12 20:56:17,583 - TradingThread - INFO - Price: 119251.7 | Long Target: 140000.0 | Long Pos Open: False
2025-08-12 20:56:17,783 - TradingThread - INFO - Price: 119251.7 | Long Target: 140000.0 | Long Pos Open: False
2025-08-12 20:56:17,883 - TradingThread - INFO - Price: 119251.7 | Long Target: 140000.0 | Long Pos Open: False
2025-08-12 20:56:17,983 - TradingThread - INFO - Price: 119251.7 | Long Target: 140000.0 | Long Pos Open: False
2025-08-12 20:56:18,083 - TradingThread - INFO - Price: 119251.6 | Long Target: 140000.0 | Long Pos Open: False
2025-08-12 20:56:18,183 - TradingThread - INFO - Price: 119251.6 | Long Target: 140000.0 | Long Pos Open: False
2025-08-12 20:56:18,483 - TradingThread - INFO - Price: 119251.6 | Long Target: 140000.0 | Long Pos Open: False
2025-08-12 20:56:18,583 - TradingThread - INFO - Price: 119251.6 | Long Target: 140000.0 | Long Pos Open: False
2025-08-12 20:56:18,783 - TradingThread - INFO - Price: 119251.6 | Long Target: 140000.0 | Long Pos Open: False
2025-08-12 20:56:18,883 - TradingThread - INFO - Price: 119251.6 | Long Target: 140000.0 | Long Pos Open: False
2025-08-12 20:56:18,983 - TradingThread - INFO - Price: 119251.6 | Long Target: 140000.0 | Long Pos Open: False
2025-08-12 20:56:19,083 - TradingThread - INFO - Price: 119251.6 | Long Target: 140000.0 | Long Pos Open: False
2025-08-12 20:56:19,183 - TradingThread - INFO - Price: 119251.6 | Long Target: 140000.0 | Long Pos Open: False
2025-08-12 20:56:19,283 - TradingThread - INFO - Price: 119251.6 | Long Target: 140000.0 | Long Pos Open: False
2025-08-12 20:56:19,383 - TradingThread - INFO - Price: 119251.6 | Long Target: 140000.0 | Long Pos Open: False
2025-08-12 20:56:19,682 - TradingThread - INFO - Price: 119251.7 | Long Target: 140000.0 | Long Pos Open: False
2025-08-12 20:56:19,782 - TradingThread - INFO - Price: 119251.6 | Long Target: 140000.0 | Long Pos Open: False
2025-08-12 20:56:19,883 - TradingThread - INFO - Price: 119251.6 | Long Target: 140000.0 | Long Pos Open: False
2025-08-12 20:56:19,983 - TradingThread - INFO - Price: 119246.7 | Long Target: 140000.0 | Long Pos Open: False
2025-08-12 20:56:20,083 - TradingThread - INFO - Price: 119246.7 | Long Target: 140000.0 | Long Pos Open: False
2025-08-12 20:56:20,183 - TradingThread - INFO - Price: 119244.1 | Long Target: 140000.0 | Long Pos Open: False
2025-08-12 20:56:20,283 - TradingThread - INFO - Price: 119244.1 | Long Target: 140000.0 | Long Pos Open: False
2025-08-12 20:56:20,383 - TradingThread - INFO - Price: 119244.1 | Long Target: 140000.0 | Long Pos Open: False
2025-08-12 20:56:20,482 - TradingThread - INFO - Price: 119244.1 | Long Target: 140000.0 | Long Pos Open: False
2025-08-12 20:56:20,582 - TradingThread - INFO - Price: 119244.1 | Long Target: 140000.0 | Long Pos Open: False
2025-08-12 20:56:20,783 - TradingThread - INFO - Price: 119244.1 | Long Target: 140000.0 | Long Pos Open: False
2025-08-12 20:56:20,883 - TradingThread - INFO - Price: 119244.1 | Long Target: 140000.0 | Long Pos Open: False
2025-08-12 20:56:20,983 - TradingThread - INFO - Price: 119244.1 | Long Target: 140000.0 | Long Pos Open: False
2025-08-12 20:56:21,083 - TradingThread - INFO - Price: 119244.1 | Long Target: 140000.0 | Long Pos Open: False
2025-08-12 20:56:21,183 - TradingThread - INFO - Price: 119244.1 | Long Target: 140000.0 | Long Pos Open: False
2025-08-12 20:56:21,383 - TradingThread - INFO - Price: 119244.2 | Long Target: 140000.0 | Long Pos Open: False
2025-08-12 20:56:21,483 - TradingThread - INFO - Price: 119244.1 | Long Target: 140000.0 | Long Pos Open: False
2025-08-12 20:56:21,586 - TradingThread - INFO - Price: 119244.1 | Long Target: 140000.0 | Long Pos Open: False
2025-08-12 20:56:21,783 - TradingThread - INFO - Price: 119244.1 | Long Target: 140000.0 | Long Pos Open: False
2025-08-12 20:56:21,883 - TradingThread - INFO - Price: 119244.1 | Long Target: 140000.0 | Long Pos Open: False
2025-08-12 20:56:21,983 - TradingThread - INFO - Price: 119244.1 | Long Target: 140000.0 | Long Pos Open: False
2025-08-12 20:56:22,083 - TradingThread - INFO - Price: 119244.1 | Long Target: 140000.0 | Long Pos Open: False
2025-08-12 20:56:22,283 - TradingThread - INFO - Price: 119244.1 | Long Target: 140000.0 | Long Pos Open: False
2025-08-12 20:56:22,383 - TradingThread - INFO - Price: 119244.1 | Long Target: 140000.0 | Long Pos Open: False
2025-08-12 20:56:22,483 - TradingThread - INFO - Price: 119244.1 | Long Target: 140000.0 | Long Pos Open: False
2025-08-12 20:56:22,683 - TradingThread - INFO - Price: 119244.1 | Long Target: 140000.0 | Long Pos Open: False
2025-08-12 20:56:22,983 - TradingThread - INFO - Price: 119244.1 | Long Target: 140000.0 | Long Pos Open: False
2025-08-12 20:56:23,082 - TradingThread - INFO - Price: 119240.0 | Long Target: 140000.0 | Long Pos Open: False
2025-08-12 20:56:23,183 - TradingThread - INFO - Price: 119240.0 | Long Target: 140000.0 | Long Pos Open: False
2025-08-12 20:56:23,283 - TradingThread - INFO - Price: 119240.0 | Long Target: 140000.0 | Long Pos Open: False
2025-08-12 20:56:23,383 - TradingThread - INFO - Price: 119240.0 | Long Target: 140000.0 | Long Pos Open: False
2025-08-12 20:56:23,483 - TradingThread - INFO - Price: 119240.0 | Long Target: 140000.0 | Long Pos Open: False
2025-08-12 20:56:23,583 - TradingThread - INFO - Price: 119240.0 | Long Target: 140000.0 | Long Pos Open: False
2025-08-12 20:56:23,683 - TradingThread - INFO - Price: 119240.0 | Long Target: 140000.0 | Long Pos Open: False
2025-08-12 20:56:23,883 - TradingThread - INFO - Price: 119240.0 | Long Target: 140000.0 | Long Pos Open: False
2025-08-12 20:56:23,983 - TradingThread - INFO - Price: 119240.0 | Long Target: 140000.0 | Long Pos Open: False
2025-08-12 20:56:24,083 - TradingThread - INFO - Price: 119240.1 | Long Target: 140000.0 | Long Pos Open: False
2025-08-12 20:56:24,183 - TradingThread - INFO - Price: 119240.1 | Long Target: 140000.0 | Long Pos Open: False
2025-08-12 20:56:24,283 - TradingThread - INFO - Price: 119240.1 | Long Target: 140000.0 | Long Pos Open: False
2025-08-12 20:56:24,482 - TradingThread - INFO - Price: 119240.1 | Long Target: 140000.0 | Long Pos Open: False
2025-08-12 20:56:24,583 - TradingThread - INFO - Price: 119240.1 | Long Target: 140000.0 | Long Pos Open: False
2025-08-12 20:56:24,685 - TradingThread - INFO - Price: 119240.1 | Long Target: 140000.0 | Long Pos Open: False
2025-08-12 20:56:24,784 - TradingThread - INFO - Price: 119240.1 | Long Target: 140000.0 | Long Pos Open: False
2025-08-12 20:56:24,983 - TradingThread - INFO - Price: 119240.1 | Long Target: 140000.0 | Long Pos Open: False
2025-08-12 20:56:25,084 - TradingThread - INFO - Price: 119240.0 | Long Target: 140000.0 | Long Pos Open: False
2025-08-12 20:56:25,184 - TradingThread - INFO - Price: 119240.0 | Long Target: 140000.0 | Long Pos Open: False
2025-08-12 20:56:25,283 - TradingThread - INFO - Price: 119240.0 | Long Target: 140000.0 | Long Pos Open: False
2025-08-12 20:56:25,383 - TradingThread - INFO - Price: 119240.1 | Long Target: 140000.0 | Long Pos Open: False
2025-08-12 20:56:25,483 - TradingThread - INFO - Price: 119240.1 | Long Target: 140000.0 | Long Pos Open: False
2025-08-12 20:56:25,583 - TradingThread - INFO - Price: 119240.1 | Long Target: 140000.0 | Long Pos Open: False
2025-08-12 20:56:25,683 - TradingThread - INFO - Price: 119240.1 | Long Target: 140000.0 | Long Pos Open: False
2025-08-12 20:56:25,783 - TradingThread - INFO - Price: 119240.1 | Long Target: 140000.0 | Long Pos Open: False
2025-08-12 20:56:25,884 - TradingThread - INFO - Price: 119235.4 | Long Target: 140000.0 | Long Pos Open: False
2025-08-12 20:56:25,982 - TradingThread - INFO - Price: 119235.3 | Long Target: 140000.0 | Long Pos Open: False
2025-08-12 20:56:26,083 - TradingThread - INFO - Price: 119235.3 | Long Target: 140000.0 | Long Pos Open: False
2025-08-12 20:56:26,187 - TradingThread - INFO - Price: 119235.0 | Long Target: 140000.0 | Long Pos Open: False
2025-08-12 20:56:26,284 - TradingThread - INFO - Price: 119235.0 | Long Target: 140000.0 | Long Pos Open: False
2025-08-12 20:56:26,383 - TradingThread - INFO - Price: 119235.0 | Long Target: 140000.0 | Long Pos Open: False
2025-08-12 20:56:26,482 - TradingThread - INFO - Price: 119235.0 | Long Target: 140000.0 | Long Pos Open: False
2025-08-12 20:56:26,583 - TradingThread - INFO - Price: 119235.0 | Long Target: 140000.0 | Long Pos Open: False
2025-08-12 20:56:26,683 - TradingThread - INFO - Price: 119235.1 | Long Target: 140000.0 | Long Pos Open: False
2025-08-12 20:56:26,782 - TradingThread - INFO - Price: 119235.1 | Long Target: 140000.0 | Long Pos Open: False
2025-08-12 20:56:26,884 - TradingThread - INFO - Price: 119235.1 | Long Target: 140000.0 | Long Pos Open: False
2025-08-12 20:56:26,986 - TradingThread - INFO - Price: 119235.1 | Long Target: 140000.0 | Long Pos Open: False
2025-08-12 20:56:27,083 - TradingThread - INFO - Price: 119235.1 | Long Target: 140000.0 | Long Pos Open: False
2025-08-12 20:56:27,283 - TradingThread - INFO - Price: 119235.1 | Long Target: 140000.0 | Long Pos Open: False
2025-08-12 20:56:27,382 - TradingThread - INFO - Price: 119235.1 | Long Target: 140000.0 | Long Pos Open: False
2025-08-12 20:56:27,483 - TradingThread - INFO - Price: 119235.1 | Long Target: 140000.0 | Long Pos Open: False
2025-08-12 20:56:27,682 - TradingThread - INFO - Price: 119241.8 | Long Target: 140000.0 | Long Pos Open: False
2025-08-12 20:56:27,782 - TradingThread - INFO - Price: 119241.8 | Long Target: 140000.0 | Long Pos Open: False
2025-08-12 20:56:27,882 - TradingThread - INFO - Price: 119241.8 | Long Target: 140000.0 | Long Pos Open: False
2025-08-12 20:56:27,983 - TradingThread - INFO - Price: 119250.0 | Long Target: 140000.0 | Long Pos Open: False
2025-08-12 20:56:28,083 - TradingThread - INFO - Price: 119251.6 | Long Target: 140000.0 | Long Pos Open: False
2025-08-12 20:56:28,182 - TradingThread - INFO - Price: 119251.6 | Long Target: 140000.0 | Long Pos Open: False
2025-08-12 20:56:28,282 - TradingThread - INFO - Price: 119251.6 | Long Target: 140000.0 | Long Pos Open: False
2025-08-12 20:56:28,382 - TradingThread - INFO - Price: 119251.6 | Long Target: 140000.0 | Long Pos Open: False
2025-08-12 20:56:28,484 - TradingThread - INFO - Price: 119251.6 | Long Target: 140000.0 | Long Pos Open: False
2025-08-12 20:56:28,582 - TradingThread - INFO - Price: 119251.6 | Long Target: 140000.0 | Long Pos Open: False
2025-08-12 20:56:28,683 - TradingThread - INFO - Price: 119251.6 | Long Target: 140000.0 | Long Pos Open: False
2025-08-12 20:56:28,895 - TradingThread - INFO - Price: 119251.5 | Long Target: 140000.0 | Long Pos Open: False
2025-08-12 20:56:28,983 - TradingThread - INFO - Price: 119251.5 | Long Target: 140000.0 | Long Pos Open: False
2025-08-12 20:56:29,083 - TradingThread - INFO - Price: 119251.5 | Long Target: 140000.0 | Long Pos Open: False
2025-08-12 20:56:29,282 - TradingThread - INFO - Price: 119251.5 | Long Target: 140000.0 | Long Pos Open: False
2025-08-12 20:56:29,382 - TradingThread - INFO - Price: 119251.5 | Long Target: 140000.0 | Long Pos Open: False
2025-08-12 20:56:29,582 - TradingThread - INFO - Price: 119251.5 | Long Target: 140000.0 | Long Pos Open: False
2025-08-12 20:56:29,683 - TradingThread - INFO - Price: 119251.5 | Long Target: 140000.0 | Long Pos Open: False
2025-08-12 20:56:29,782 - TradingThread - INFO - Price: 119251.6 | Long Target: 140000.0 | Long Pos Open: False
2025-08-12 20:56:29,883 - TradingThread - INFO - Price: 119251.5 | Long Target: 140000.0 | Long Pos Open: False
2025-08-12 20:56:29,982 - TradingThread - INFO - Price: 119248.1 | Long Target: 140000.0 | Long Pos Open: False
2025-08-12 20:56:30,083 - TradingThread - INFO - Price: 119248.1 | Long Target: 140000.0 | Long Pos Open: False
2025-08-12 20:56:30,182 - TradingThread - INFO - Price: 119248.1 | Long Target: 140000.0 | Long Pos Open: False
2025-08-12 20:56:30,282 - TradingThread - INFO - Price: 119248.1 | Long Target: 140000.0 | Long Pos Open: False
2025-08-12 20:56:30,483 - TradingThread - INFO - Price: 119248.1 | Long Target: 140000.0 | Long Pos Open: False
2025-08-12 20:56:30,583 - TradingThread - INFO - Price: 119247.4 | Long Target: 140000.0 | Long Pos Open: False
2025-08-12 20:56:30,682 - TradingThread - INFO - Price: 119248.3 | Long Target: 140000.0 | Long Pos Open: False
2025-08-12 20:56:30,783 - TradingThread - INFO - Price: 119257.7 | Long Target: 140000.0 | Long Pos Open: False
2025-08-12 20:56:30,882 - TradingThread - INFO - Price: 119257.9 | Long Target: 140000.0 | Long Pos Open: False
2025-08-12 20:56:30,982 - TradingThread - INFO - Price: 119258.0 | Long Target: 140000.0 | Long Pos Open: False
2025-08-12 20:56:31,083 - TradingThread - INFO - Price: 119258.3 | Long Target: 140000.0 | Long Pos Open: False
2025-08-12 20:56:31,182 - TradingThread - INFO - Price: 119258.3 | Long Target: 140000.0 | Long Pos Open: False
2025-08-12 20:56:31,282 - TradingThread - INFO - Price: 119258.3 | Long Target: 140000.0 | Long Pos Open: False
2025-08-12 20:56:31,382 - TradingThread - INFO - Price: 119258.3 | Long Target: 140000.0 | Long Pos Open: False
2025-08-12 20:56:31,482 - TradingThread - INFO - Price: 119258.3 | Long Target: 140000.0 | Long Pos Open: False
2025-08-12 20:56:31,582 - TradingThread - INFO - Price: 119258.3 | Long Target: 140000.0 | Long Pos Open: False
2025-08-12 20:56:31,683 - TradingThread - INFO - Price: 119258.3 | Long Target: 140000.0 | Long Pos Open: False
2025-08-12 20:56:31,782 - TradingThread - INFO - Price: 119258.3 | Long Target: 140000.0 | Long Pos Open: False
2025-08-12 20:56:31,983 - TradingThread - INFO - Price: 119258.3 | Long Target: 140000.0 | Long Pos Open: False
2025-08-12 20:56:32,183 - TradingThread - INFO - Price: 119258.3 | Long Target: 140000.0 | Long Pos Open: False
2025-08-12 20:56:32,283 - TradingThread - INFO - Price: 119258.3 | Long Target: 140000.0 | Long Pos Open: False
2025-08-12 20:56:32,382 - TradingThread - INFO - Price: 119258.9 | Long Target: 140000.0 | Long Pos Open: False
2025-08-12 20:56:32,482 - TradingThread - INFO - Price: 119258.9 | Long Target: 140000.0 | Long Pos Open: False
2025-08-12 20:56:32,582 - TradingThread - INFO - Price: 119258.9 | Long Target: 140000.0 | Long Pos Open: False
2025-08-12 20:56:32,682 - TradingThread - INFO - Price: 119258.9 | Long Target: 140000.0 | Long Pos Open: False
2025-08-12 20:56:32,782 - TradingThread - INFO - Price: 119258.8 | Long Target: 140000.0 | Long Pos Open: False
2025-08-12 20:56:32,882 - TradingThread - INFO - Price: 119258.8 | Long Target: 140000.0 | Long Pos Open: False
2025-08-12 20:56:32,983 - TradingThread - INFO - Price: 119258.8 | Long Target: 140000.0 | Long Pos Open: False
2025-08-12 20:56:33,082 - TradingThread - INFO - Price: 119258.8 | Long Target: 140000.0 | Long Pos Open: False
2025-08-12 20:56:33,182 - TradingThread - INFO - Price: 119258.8 | Long Target: 140000.0 | Long Pos Open: False
2025-08-12 20:56:33,382 - TradingThread - INFO - Price: 119258.8 | Long Target: 140000.0 | Long Pos Open: False
2025-08-12 20:56:33,683 - TradingThread - INFO - Price: 119258.8 | Long Target: 140000.0 | Long Pos Open: False
2025-08-12 20:56:33,782 - TradingThread - INFO - Price: 119258.8 | Long Target: 140000.0 | Long Pos Open: False
2025-08-12 20:56:33,983 - TradingThread - INFO - Price: 119258.8 | Long Target: 140000.0 | Long Pos Open: False
2025-08-12 20:56:34,082 - TradingThread - INFO - Price: 119258.8 | Long Target: 140000.0 | Long Pos Open: False
2025-08-12 20:56:34,282 - TradingThread - INFO - Price: 119258.8 | Long Target: 140000.0 | Long Pos Open: False
2025-08-12 20:56:34,482 - TradingThread - INFO - Price: 119258.8 | Long Target: 140000.0 | Long Pos Open: False
2025-08-12 20:56:34,582 - TradingThread - INFO - Price: 119258.8 | Long Target: 140000.0 | Long Pos Open: False
2025-08-12 20:56:34,682 - TradingThread - INFO - Price: 119258.8 | Long Target: 140000.0 | Long Pos Open: False
2025-08-12 20:56:34,782 - TradingThread - INFO - Price: 119258.8 | Long Target: 140000.0 | Long Pos Open: False
2025-08-12 20:56:34,983 - TradingThread - INFO - Price: 119258.9 | Long Target: 140000.0 | Long Pos Open: False
2025-08-12 20:56:35,082 - TradingThread - INFO - Price: 119258.9 | Long Target: 140000.0 | Long Pos Open: False
2025-08-12 20:56:35,283 - TradingThread - INFO - Price: 119258.9 | Long Target: 140000.0 | Long Pos Open: False
2025-08-12 20:56:35,482 - TradingThread - INFO - Price: 119258.9 | Long Target: 140000.0 | Long Pos Open: False
2025-08-12 20:56:35,582 - TradingThread - INFO - Price: 119258.9 | Long Target: 140000.0 | Long Pos Open: False
2025-08-12 20:56:35,682 - TradingThread - INFO - Price: 119258.9 | Long Target: 140000.0 | Long Pos Open: False
2025-08-12 20:56:35,782 - TradingThread - INFO - Price: 119258.9 | Long Target: 140000.0 | Long Pos Open: False
2025-08-12 20:56:35,882 - TradingThread - INFO - Price: 119258.9 | Long Target: 140000.0 | Long Pos Open: False
2025-08-12 20:56:35,983 - TradingThread - INFO - Price: 119258.9 | Long Target: 140000.0 | Long Pos Open: False
2025-08-12 20:56:36,082 - TradingThread - INFO - Price: 119258.9 | Long Target: 140000.0 | Long Pos Open: False
2025-08-12 20:56:36,182 - TradingThread - INFO - Price: 119258.9 | Long Target: 140000.0 | Long Pos Open: False
2025-08-12 20:56:36,282 - TradingThread - INFO - Price: 119258.9 | Long Target: 140000.0 | Long Pos Open: False
2025-08-12 20:56:36,382 - TradingThread - INFO - Price: 119258.9 | Long Target: 140000.0 | Long Pos Open: False
2025-08-12 20:56:36,486 - TradingThread - INFO - Price: 119249.9 | Long Target: 140000.0 | Long Pos Open: False
2025-08-12 20:56:36,582 - TradingThread - INFO - Price: 119244.0 | Long Target: 140000.0 | Long Pos Open: False
2025-08-12 20:56:36,683 - TradingThread - INFO - Price: 119244.0 | Long Target: 140000.0 | Long Pos Open: False
2025-08-12 20:56:36,782 - TradingThread - INFO - Price: 119244.0 | Long Target: 140000.0 | Long Pos Open: False
2025-08-12 20:56:36,882 - TradingThread - INFO - Price: 119244.0 | Long Target: 140000.0 | Long Pos Open: False
2025-08-12 20:56:36,982 - TradingThread - INFO - Price: 119244.0 | Long Target: 140000.0 | Long Pos Open: False
2025-08-12 20:56:37,082 - TradingThread - INFO - Price: 119244.0 | Long Target: 140000.0 | Long Pos Open: False
2025-08-12 20:56:37,182 - TradingThread - INFO - Price: 119238.0 | Long Target: 140000.0 | Long Pos Open: False
2025-08-12 20:56:37,282 - TradingThread - INFO - Price: 119237.5 | Long Target: 140000.0 | Long Pos Open: False
2025-08-12 20:56:37,382 - TradingThread - INFO - Price: 119237.5 | Long Target: 140000.0 | Long Pos Open: False
2025-08-12 20:56:37,482 - TradingThread - INFO - Price: 119237.5 | Long Target: 140000.0 | Long Pos Open: False
2025-08-12 20:56:37,582 - TradingThread - INFO - Price: 119237.5 | Long Target: 140000.0 | Long Pos Open: False
2025-08-12 20:56:37,682 - TradingThread - INFO - Price: 119237.5 | Long Target: 140000.0 | Long Pos Open: False
2025-08-12 20:56:37,782 - TradingThread - INFO - Price: 119237.5 | Long Target: 140000.0 | Long Pos Open: False
2025-08-12 20:56:37,884 - TradingThread - INFO - Price: 119237.5 | Long Target: 140000.0 | Long Pos Open: False
2025-08-12 20:56:37,982 - TradingThread - INFO - Price: 119237.5 | Long Target: 140000.0 | Long Pos Open: False
2025-08-12 20:56:38,082 - TradingThread - INFO - Price: 119237.5 | Long Target: 140000.0 | Long Pos Open: False
2025-08-12 20:56:38,183 - TradingThread - INFO - Price: 119237.5 | Long Target: 140000.0 | Long Pos Open: False
2025-08-12 20:56:38,282 - TradingThread - INFO - Price: 119237.5 | Long Target: 140000.0 | Long Pos Open: False
2025-08-12 20:56:38,382 - TradingThread - INFO - Price: 119237.6 | Long Target: 140000.0 | Long Pos Open: False
2025-08-12 20:56:38,482 - TradingThread - INFO - Price: 119237.6 | Long Target: 140000.0 | Long Pos Open: False
2025-08-12 20:56:38,582 - TradingThread - INFO - Price: 119237.6 | Long Target: 140000.0 | Long Pos Open: False
2025-08-12 20:56:38,682 - TradingThread - INFO - Price: 119237.6 | Long Target: 140000.0 | Long Pos Open: False
2025-08-12 20:56:38,782 - TradingThread - INFO - Price: 119237.6 | Long Target: 140000.0 | Long Pos Open: False
2025-08-12 20:56:38,882 - TradingThread - INFO - Price: 119240.0 | Long Target: 140000.0 | Long Pos Open: False
2025-08-12 20:56:38,982 - TradingThread - INFO - Price: 119240.0 | Long Target: 140000.0 | Long Pos Open: False
2025-08-12 20:56:39,182 - TradingThread - INFO - Price: 119239.9 | Long Target: 140000.0 | Long Pos Open: False
2025-08-12 20:56:39,282 - TradingThread - INFO - Price: 119239.9 | Long Target: 140000.0 | Long Pos Open: False
2025-08-12 20:56:39,382 - TradingThread - INFO - Price: 119239.9 | Long Target: 140000.0 | Long Pos Open: False
2025-08-12 20:56:39,482 - TradingThread - INFO - Price: 119240.0 | Long Target: 140000.0 | Long Pos Open: False
2025-08-12 20:56:39,582 - TradingThread - INFO - Price: 119240.0 | Long Target: 140000.0 | Long Pos Open: False
2025-08-12 20:56:39,682 - TradingThread - INFO - Price: 119240.0 | Long Target: 140000.0 | Long Pos Open: False
2025-08-12 20:56:39,782 - TradingThread - INFO - Price: 119240.0 | Long Target: 140000.0 | Long Pos Open: False
2025-08-12 20:56:39,882 - TradingThread - INFO - Price: 119240.0 | Long Target: 140000.0 | Long Pos Open: False
2025-08-12 20:56:40,082 - TradingThread - INFO - Price: 119240.0 | Long Target: 140000.0 | Long Pos Open: False
2025-08-12 20:56:40,382 - TradingThread - INFO - Price: 119240.0 | Long Target: 140000.0 | Long Pos Open: False
2025-08-12 20:56:40,481 - TradingThread - INFO - Price: 119240.0 | Long Target: 140000.0 | Long Pos Open: False
2025-08-12 20:56:40,582 - TradingThread - INFO - Price: 119240.0 | Long Target: 140000.0 | Long Pos Open: False
2025-08-12 20:56:40,682 - TradingThread - INFO - Price: 119240.0 | Long Target: 140000.0 | Long Pos Open: False
2025-08-12 20:56:40,882 - TradingThread - INFO - Price: 119239.9 | Long Target: 140000.0 | Long Pos Open: False
2025-08-12 20:56:40,982 - TradingThread - INFO - Price: 119239.9 | Long Target: 140000.0 | Long Pos Open: False
2025-08-12 20:56:41,182 - TradingThread - INFO - Price: 119240.0 | Long Target: 140000.0 | Long Pos Open: False
2025-08-12 20:56:41,282 - TradingThread - INFO - Price: 119239.9 | Long Target: 140000.0 | Long Pos Open: False
2025-08-12 20:56:41,382 - TradingThread - INFO - Price: 119239.9 | Long Target: 140000.0 | Long Pos Open: False
2025-08-12 20:56:41,581 - TradingThread - INFO - Price: 119239.9 | Long Target: 140000.0 | Long Pos Open: False
2025-08-12 20:56:41,682 - TradingThread - INFO - Price: 119239.9 | Long Target: 140000.0 | Long Pos Open: False
2025-08-12 20:56:41,882 - TradingThread - INFO - Price: 119239.9 | Long Target: 140000.0 | Long Pos Open: False
2025-08-12 20:56:41,982 - TradingThread - INFO - Price: 119239.9 | Long Target: 140000.0 | Long Pos Open: False
2025-08-12 20:56:42,082 - TradingThread - INFO - Price: 119239.9 | Long Target: 140000.0 | Long Pos Open: False
2025-08-12 20:56:42,182 - TradingThread - INFO - Price: 119239.9 | Long Target: 140000.0 | Long Pos Open: False
2025-08-12 20:56:42,382 - TradingThread - INFO - Price: 119239.9 | Long Target: 140000.0 | Long Pos Open: False
2025-08-12 20:56:42,682 - TradingThread - INFO - Price: 119239.9 | Long Target: 140000.0 | Long Pos Open: False
2025-08-12 20:56:42,782 - TradingThread - INFO - Price: 119239.9 | Long Target: 140000.0 | Long Pos Open: False
2025-08-12 20:56:42,882 - TradingThread - INFO - Price: 119239.9 | Long Target: 140000.0 | Long Pos Open: False
2025-08-12 20:56:42,981 - TradingThread - INFO - Price: 119239.9 | Long Target: 140000.0 | Long Pos Open: False
2025-08-12 20:56:43,182 - TradingThread - INFO - Price: 119239.9 | Long Target: 140000.0 | Long Pos Open: False
2025-08-12 20:56:43,282 - TradingThread - INFO - Price: 119239.9 | Long Target: 140000.0 | Long Pos Open: False
2025-08-12 20:56:43,382 - TradingThread - INFO - Price: 119239.9 | Long Target: 140000.0 | Long Pos Open: False
2025-08-12 20:56:43,582 - TradingThread - INFO - Price: 119239.9 | Long Target: 140000.0 | Long Pos Open: False
2025-08-12 20:56:43,682 - TradingThread - INFO - Price: 119239.9 | Long Target: 140000.0 | Long Pos Open: False
2025-08-12 20:56:43,782 - TradingThread - INFO - Price: 119239.9 | Long Target: 140000.0 | Long Pos Open: False
2025-08-12 20:56:43,882 - TradingThread - INFO - Price: 119239.9 | Long Target: 140000.0 | Long Pos Open: False
2025-08-12 20:56:43,982 - TradingThread - INFO - Price: 119239.9 | Long Target: 140000.0 | Long Pos Open: False
2025-08-12 20:56:44,082 - TradingThread - INFO - Price: 119240.0 | Long Target: 140000.0 | Long Pos Open: False
2025-08-12 20:56:44,181 - TradingThread - INFO - Price: 119240.0 | Long Target: 140000.0 | Long Pos Open: False
2025-08-12 20:56:44,281 - TradingThread - INFO - Price: 119240.0 | Long Target: 140000.0 | Long Pos Open: False
2025-08-12 20:56:44,381 - TradingThread - INFO - Price: 119240.0 | Long Target: 140000.0 | Long Pos Open: False
2025-08-12 20:56:44,582 - TradingThread - INFO - Price: 119240.0 | Long Target: 140000.0 | Long Pos Open: False
2025-08-12 20:56:44,682 - TradingThread - INFO - Price: 119240.0 | Long Target: 140000.0 | Long Pos Open: False
2025-08-12 20:56:44,782 - TradingThread - INFO - Price: 119240.0 | Long Target: 140000.0 | Long Pos Open: False
2025-08-12 20:56:44,882 - TradingThread - INFO - Price: 119234.3 | Long Target: 140000.0 | Long Pos Open: False
2025-08-12 20:56:44,981 - TradingThread - INFO - Price: 119234.3 | Long Target: 140000.0 | Long Pos Open: False
2025-08-12 20:56:45,082 - TradingThread - INFO - Price: 119234.3 | Long Target: 140000.0 | Long Pos Open: False
2025-08-12 20:56:45,181 - TradingThread - INFO - Price: 119234.3 | Long Target: 140000.0 | Long Pos Open: False
2025-08-12 20:56:45,282 - TradingThread - INFO - Price: 119234.3 | Long Target: 140000.0 | Long Pos Open: False
2025-08-12 20:56:45,382 - TradingThread - INFO - Price: 119234.3 | Long Target: 140000.0 | Long Pos Open: False
2025-08-12 20:56:45,483 - TradingThread - INFO - Price: 119234.3 | Long Target: 140000.0 | Long Pos Open: False
2025-08-12 20:56:45,681 - TradingThread - INFO - Price: 119234.3 | Long Target: 140000.0 | Long Pos Open: False
2025-08-12 20:56:45,782 - TradingThread - INFO - Price: 119225.0 | Long Target: 140000.0 | Long Pos Open: False
2025-08-12 20:56:45,882 - TradingThread - INFO - Price: 119225.0 | Long Target: 140000.0 | Long Pos Open: False
2025-08-12 20:56:45,982 - TradingThread - INFO - Price: 119225.0 | Long Target: 140000.0 | Long Pos Open: False
2025-08-12 20:56:46,082 - TradingThread - INFO - Price: 119225.0 | Long Target: 140000.0 | Long Pos Open: False
2025-08-12 20:56:46,183 - TradingThread - INFO - Price: 119225.0 | Long Target: 140000.0 | Long Pos Open: False
2025-08-12 20:56:46,281 - TradingThread - INFO - Price: 119225.0 | Long Target: 140000.0 | Long Pos Open: False
2025-08-12 20:56:46,381 - TradingThread - INFO - Price: 119225.0 | Long Target: 140000.0 | Long Pos Open: False
2025-08-12 20:56:46,482 - TradingThread - INFO - Price: 119225.0 | Long Target: 140000.0 | Long Pos Open: False
2025-08-12 20:56:46,682 - TradingThread - INFO - Price: 119225.0 | Long Target: 140000.0 | Long Pos Open: False
2025-08-12 20:56:46,782 - TradingThread - INFO - Price: 119225.0 | Long Target: 140000.0 | Long Pos Open: False
2025-08-12 20:56:46,882 - TradingThread - INFO - Price: 119225.1 | Long Target: 140000.0 | Long Pos Open: False
2025-08-12 20:56:46,982 - TradingThread - INFO - Price: 119225.1 | Long Target: 140000.0 | Long Pos Open: False
2025-08-12 20:56:47,082 - TradingThread - INFO - Price: 119225.1 | Long Target: 140000.0 | Long Pos Open: False
2025-08-12 20:56:47,181 - TradingThread - INFO - Price: 119225.1 | Long Target: 140000.0 | Long Pos Open: False
2025-08-12 20:56:47,281 - TradingThread - INFO - Price: 119225.1 | Long Target: 140000.0 | Long Pos Open: False
2025-08-12 20:56:47,382 - TradingThread - INFO - Price: 119225.1 | Long Target: 140000.0 | Long Pos Open: False
2025-08-12 20:56:47,482 - TradingThread - INFO - Price: 119225.1 | Long Target: 140000.0 | Long Pos Open: False
2025-08-12 20:56:47,581 - TradingThread - INFO - Price: 119225.1 | Long Target: 140000.0 | Long Pos Open: False
2025-08-12 20:56:47,682 - TradingThread - INFO - Price: 119225.1 | Long Target: 140000.0 | Long Pos Open: False
2025-08-12 20:56:47,783 - TradingThread - INFO - Price: 119225.1 | Long Target: 140000.0 | Long Pos Open: False
2025-08-12 20:56:47,881 - TradingThread - INFO - Price: 119225.1 | Long Target: 140000.0 | Long Pos Open: False
2025-08-12 20:56:47,981 - TradingThread - INFO - Price: 119225.1 | Long Target: 140000.0 | Long Pos Open: False
2025-08-12 20:56:48,082 - TradingThread - INFO - Price: 119225.1 | Long Target: 140000.0 | Long Pos Open: False
2025-08-12 20:56:48,182 - TradingThread - INFO - Price: 119225.1 | Long Target: 140000.0 | Long Pos Open: False
2025-08-12 20:56:48,381 - TradingThread - INFO - Price: 119218.9 | Long Target: 140000.0 | Long Pos Open: False
2025-08-12 20:56:48,481 - TradingThread - INFO - Price: 119218.9 | Long Target: 140000.0 | Long Pos Open: False
2025-08-12 20:56:48,582 - TradingThread - INFO - Price: 119218.9 | Long Target: 140000.0 | Long Pos Open: False
2025-08-12 20:56:48,682 - TradingThread - INFO - Price: 119218.9 | Long Target: 140000.0 | Long Pos Open: False
2025-08-12 20:56:48,781 - TradingThread - INFO - Price: 119218.9 | Long Target: 140000.0 | Long Pos Open: False
2025-08-12 20:56:48,881 - TradingThread - INFO - Price: 119218.9 | Long Target: 140000.0 | Long Pos Open: False
2025-08-12 20:56:49,081 - TradingThread - INFO - Price: 119218.9 | Long Target: 140000.0 | Long Pos Open: False
2025-08-12 20:56:49,181 - TradingThread - INFO - Price: 119218.9 | Long Target: 140000.0 | Long Pos Open: False
2025-08-12 20:56:49,281 - TradingThread - INFO - Price: 119218.9 | Long Target: 140000.0 | Long Pos Open: False
2025-08-12 20:56:49,382 - TradingThread - INFO - Price: 119218.9 | Long Target: 140000.0 | Long Pos Open: False
2025-08-12 20:56:49,481 - TradingThread - INFO - Price: 119218.9 | Long Target: 140000.0 | Long Pos Open: False
2025-08-12 20:56:49,581 - TradingThread - INFO - Price: 119209.0 | Long Target: 140000.0 | Long Pos Open: False
2025-08-12 20:56:49,681 - TradingThread - INFO - Price: 119209.0 | Long Target: 140000.0 | Long Pos Open: False
2025-08-12 20:56:49,781 - TradingThread - INFO - Price: 119209.0 | Long Target: 140000.0 | Long Pos Open: False
2025-08-12 20:56:49,881 - TradingThread - INFO - Price: 119209.1 | Long Target: 140000.0 | Long Pos Open: False
2025-08-12 20:56:49,982 - TradingThread - INFO - Price: 119209.1 | Long Target: 140000.0 | Long Pos Open: False
2025-08-12 20:56:50,181 - TradingThread - INFO - Price: 119209.1 | Long Target: 140000.0 | Long Pos Open: False
2025-08-12 20:56:50,382 - TradingThread - INFO - Price: 119209.1 | Long Target: 140000.0 | Long Pos Open: False
2025-08-12 20:56:50,582 - TradingThread - INFO - Price: 119209.1 | Long Target: 140000.0 | Long Pos Open: False
2025-08-12 20:56:50,681 - TradingThread - INFO - Price: 119209.1 | Long Target: 140000.0 | Long Pos Open: False
2025-08-12 20:56:50,782 - TradingThread - INFO - Price: 119209.1 | Long Target: 140000.0 | Long Pos Open: False
2025-08-12 20:56:50,883 - TradingThread - INFO - Price: 119209.1 | Long Target: 140000.0 | Long Pos Open: False
2025-08-12 20:56:50,983 - TradingThread - INFO - Price: 119209.1 | Long Target: 140000.0 | Long Pos Open: False
2025-08-12 20:56:51,081 - TradingThread - INFO - Price: 119209.1 | Long Target: 140000.0 | Long Pos Open: False
2025-08-12 20:56:51,181 - TradingThread - INFO - Price: 119209.1 | Long Target: 140000.0 | Long Pos Open: False
2025-08-12 20:56:51,284 - TradingThread - INFO - Price: 119209.1 | Long Target: 140000.0 | Long Pos Open: False
2025-08-12 20:56:51,381 - TradingThread - INFO - Price: 119209.1 | Long Target: 140000.0 | Long Pos Open: False
2025-08-12 20:56:51,481 - TradingThread - INFO - Price: 119209.1 | Long Target: 140000.0 | Long Pos Open: False
2025-08-12 20:56:51,682 - TradingThread - INFO - Price: 119209.0 | Long Target: 140000.0 | Long Pos Open: False
2025-08-12 20:56:51,781 - TradingThread - INFO - Price: 119209.0 | Long Target: 140000.0 | Long Pos Open: False
2025-08-12 20:56:51,882 - TradingThread - INFO - Price: 119209.0 | Long Target: 140000.0 | Long Pos Open: False
2025-08-12 20:56:51,982 - TradingThread - INFO - Price: 119209.0 | Long Target: 140000.0 | Long Pos Open: False
2025-08-12 20:56:52,081 - TradingThread - INFO - Price: 119209.0 | Long Target: 140000.0 | Long Pos Open: False
2025-08-12 20:56:52,181 - TradingThread - INFO - Price: 119209.0 | Long Target: 140000.0 | Long Pos Open: False
2025-08-12 20:56:52,281 - TradingThread - INFO - Price: 119209.0 | Long Target: 140000.0 | Long Pos Open: False
2025-08-12 20:56:52,382 - TradingThread - INFO - Price: 119209.0 | Long Target: 140000.0 | Long Pos Open: False
2025-08-12 20:56:52,482 - TradingThread - INFO - Price: 119209.0 | Long Target: 140000.0 | Long Pos Open: False
2025-08-12 20:56:52,581 - TradingThread - INFO - Price: 119209.0 | Long Target: 140000.0 | Long Pos Open: False
2025-08-12 20:56:52,682 - TradingThread - INFO - Price: 119209.0 | Long Target: 140000.0 | Long Pos Open: False
2025-08-12 20:56:52,781 - TradingThread - INFO - Price: 119209.0 | Long Target: 140000.0 | Long Pos Open: False
2025-08-12 20:56:52,881 - TradingThread - INFO - Price: 119209.0 | Long Target: 140000.0 | Long Pos Open: False
2025-08-12 20:56:52,981 - TradingThread - INFO - Price: 119209.0 | Long Target: 140000.0 | Long Pos Open: False
2025-08-12 20:56:53,381 - TradingThread - INFO - Price: 119209.0 | Long Target: 140000.0 | Long Pos Open: False
2025-08-12 20:56:53,482 - TradingThread - INFO - Price: 119209.1 | Long Target: 140000.0 | Long Pos Open: False
2025-08-12 20:56:53,582 - TradingThread - INFO - Price: 119209.1 | Long Target: 140000.0 | Long Pos Open: False
2025-08-12 20:56:53,681 - TradingThread - INFO - Price: 119209.1 | Long Target: 140000.0 | Long Pos Open: False
2025-08-12 20:56:53,881 - TradingThread - INFO - Price: 119209.1 | Long Target: 140000.0 | Long Pos Open: False
2025-08-12 20:56:53,982 - TradingThread - INFO - Price: 119209.0 | Long Target: 140000.0 | Long Pos Open: False
2025-08-12 20:56:54,081 - TradingThread - INFO - Price: 119209.0 | Long Target: 140000.0 | Long Pos Open: False
2025-08-12 20:56:54,181 - TradingThread - INFO - Price: 119209.0 | Long Target: 140000.0 | Long Pos Open: False
2025-08-12 20:56:54,281 - TradingThread - INFO - Price: 119209.1 | Long Target: 140000.0 | Long Pos Open: False
2025-08-12 20:56:54,382 - TradingThread - INFO - Price: 119209.1 | Long Target: 140000.0 | Long Pos Open: False
2025-08-12 20:56:54,481 - TradingThread - INFO - Price: 119209.1 | Long Target: 140000.0 | Long Pos Open: False
2025-08-12 20:56:54,582 - TradingThread - INFO - Price: 119209.1 | Long Target: 140000.0 | Long Pos Open: False
2025-08-12 20:56:54,681 - TradingThread - INFO - Price: 119209.1 | Long Target: 140000.0 | Long Pos Open: False
2025-08-12 20:56:54,781 - TradingThread - INFO - Price: 119209.1 | Long Target: 140000.0 | Long Pos Open: False
2025-08-12 20:56:54,882 - TradingThread - INFO - Price: 119209.0 | Long Target: 140000.0 | Long Pos Open: False
2025-08-12 20:56:54,982 - TradingThread - INFO - Price: 119209.0 | Long Target: 140000.0 | Long Pos Open: False
2025-08-12 20:56:55,082 - TradingThread - INFO - Price: 119209.0 | Long Target: 140000.0 | Long Pos Open: False
2025-08-12 20:56:55,181 - TradingThread - INFO - Price: 119209.0 | Long Target: 140000.0 | Long Pos Open: False
2025-08-12 20:56:55,383 - TradingThread - INFO - Price: 119209.0 | Long Target: 140000.0 | Long Pos Open: False
2025-08-12 20:56:55,483 - TradingThread - INFO - Price: 119209.0 | Long Target: 140000.0 | Long Pos Open: False
2025-08-12 20:56:55,581 - TradingThread - INFO - Price: 119209.0 | Long Target: 140000.0 | Long Pos Open: False
2025-08-12 20:56:55,681 - TradingThread - INFO - Price: 119209.0 | Long Target: 140000.0 | Long Pos Open: False
2025-08-12 20:56:55,781 - TradingThread - INFO - Price: 119209.0 | Long Target: 140000.0 | Long Pos Open: False
2025-08-12 20:56:55,982 - TradingThread - INFO - Price: 119209.1 | Long Target: 140000.0 | Long Pos Open: False
2025-08-12 20:56:56,081 - TradingThread - INFO - Price: 119209.1 | Long Target: 140000.0 | Long Pos Open: False
2025-08-12 20:56:56,181 - TradingThread - INFO - Price: 119209.1 | Long Target: 140000.0 | Long Pos Open: False
2025-08-12 20:56:56,281 - TradingThread - INFO - Price: 119209.1 | Long Target: 140000.0 | Long Pos Open: False
2025-08-12 20:56:56,381 - TradingThread - INFO - Price: 119209.1 | Long Target: 140000.0 | Long Pos Open: False
2025-08-12 20:56:56,581 - TradingThread - INFO - Price: 119209.1 | Long Target: 140000.0 | Long Pos Open: False
2025-08-12 20:56:56,682 - TradingThread - INFO - Price: 119209.0 | Long Target: 140000.0 | Long Pos Open: False
2025-08-12 20:56:56,781 - TradingThread - INFO - Price: 119209.0 | Long Target: 140000.0 | Long Pos Open: False
2025-08-12 20:56:56,881 - TradingThread - INFO - Price: 119209.0 | Long Target: 140000.0 | Long Pos Open: False
2025-08-12 20:56:57,082 - TradingThread - INFO - Price: 119209.0 | Long Target: 140000.0 | Long Pos Open: False
2025-08-12 20:56:57,182 - TradingThread - INFO - Price: 119209.1 | Long Target: 140000.0 | Long Pos Open: False
2025-08-12 20:56:57,281 - TradingThread - INFO - Price: 119209.1 | Long Target: 140000.0 | Long Pos Open: False
2025-08-12 20:56:57,482 - TradingThread - INFO - Price: 119209.1 | Long Target: 140000.0 | Long Pos Open: False
2025-08-12 20:56:57,581 - TradingThread - INFO - Price: 119209.1 | Long Target: 140000.0 | Long Pos Open: False
2025-08-12 20:56:57,681 - TradingThread - INFO - Price: 119209.1 | Long Target: 140000.0 | Long Pos Open: False
2025-08-12 20:56:57,781 - TradingThread - INFO - Price: 119209.1 | Long Target: 140000.0 | Long Pos Open: False
2025-08-12 20:56:57,881 - TradingThread - INFO - Price: 119209.0 | Long Target: 140000.0 | Long Pos Open: False
2025-08-12 20:56:57,981 - TradingThread - INFO - Price: 119209.0 | Long Target: 140000.0 | Long Pos Open: False
2025-08-12 20:56:58,081 - TradingThread - INFO - Price: 119207.4 | Long Target: 140000.0 | Long Pos Open: False
2025-08-12 20:56:58,181 - TradingThread - INFO - Price: 119207.4 | Long Target: 140000.0 | Long Pos Open: False
2025-08-12 20:56:58,282 - TradingThread - INFO - Price: 119207.4 | Long Target: 140000.0 | Long Pos Open: False
2025-08-12 20:56:58,381 - TradingThread - INFO - Price: 119207.4 | Long Target: 140000.0 | Long Pos Open: False
2025-08-12 20:56:58,481 - TradingThread - INFO - Price: 119207.4 | Long Target: 140000.0 | Long Pos Open: False
2025-08-12 20:56:58,581 - TradingThread - INFO - Price: 119207.3 | Long Target: 140000.0 | Long Pos Open: False
2025-08-12 20:56:58,681 - TradingThread - INFO - Price: 119207.3 | Long Target: 140000.0 | Long Pos Open: False
2025-08-12 20:56:58,781 - TradingThread - INFO - Price: 119207.3 | Long Target: 140000.0 | Long Pos Open: False
2025-08-12 20:56:58,881 - TradingThread - INFO - Price: 119207.3 | Long Target: 140000.0 | Long Pos Open: False
2025-08-12 20:56:58,981 - TradingThread - INFO - Price: 119207.3 | Long Target: 140000.0 | Long Pos Open: False
2025-08-12 20:56:59,082 - TradingThread - INFO - Price: 119207.3 | Long Target: 140000.0 | Long Pos Open: False
2025-08-12 20:56:59,182 - TradingThread - INFO - Price: 119207.3 | Long Target: 140000.0 | Long Pos Open: False
2025-08-12 20:56:59,281 - TradingThread - INFO - Price: 119207.3 | Long Target: 140000.0 | Long Pos Open: False
2025-08-12 20:56:59,381 - TradingThread - INFO - Price: 119207.3 | Long Target: 140000.0 | Long Pos Open: False
2025-08-12 20:56:59,581 - TradingThread - INFO - Price: 119207.3 | Long Target: 140000.0 | Long Pos Open: False
2025-08-12 20:56:59,681 - TradingThread - INFO - Price: 119207.4 | Long Target: 140000.0 | Long Pos Open: False
2025-08-12 20:56:59,781 - TradingThread - INFO - Price: 119207.4 | Long Target: 140000.0 | Long Pos Open: False
2025-08-12 20:56:59,881 - TradingThread - INFO - Price: 119207.4 | Long Target: 140000.0 | Long Pos Open: False
2025-08-12 20:57:00,181 - TradingThread - INFO - Price: 119207.3 | Long Target: 140000.0 | Long Pos Open: False
2025-08-12 20:57:00,281 - TradingThread - INFO - Price: 119207.3 | Long Target: 140000.0 | Long Pos Open: False
2025-08-12 20:57:00,381 - TradingThread - INFO - Price: 119207.4 | Long Target: 140000.0 | Long Pos Open: False
2025-08-12 20:57:00,481 - TradingThread - INFO - Price: 119207.4 | Long Target: 140000.0 | Long Pos Open: False
2025-08-12 20:57:00,681 - TradingThread - INFO - Price: 119207.4 | Long Target: 140000.0 | Long Pos Open: False
2025-08-12 20:57:00,782 - TradingThread - INFO - Price: 119207.4 | Long Target: 140000.0 | Long Pos Open: False
2025-08-12 20:57:00,881 - TradingThread - INFO - Price: 119207.3 | Long Target: 140000.0 | Long Pos Open: False
2025-08-12 20:57:00,981 - TradingThread - INFO - Price: 119207.3 | Long Target: 140000.0 | Long Pos Open: False
2025-08-12 20:57:01,081 - TradingThread - INFO - Price: 119207.3 | Long Target: 140000.0 | Long Pos Open: False
2025-08-12 20:57:01,481 - TradingThread - INFO - Price: 119207.4 | Long Target: 140000.0 | Long Pos Open: False
2025-08-12 20:57:01,581 - TradingThread - INFO - Price: 119207.4 | Long Target: 140000.0 | Long Pos Open: False
2025-08-12 20:57:01,681 - TradingThread - INFO - Price: 119207.4 | Long Target: 140000.0 | Long Pos Open: False
2025-08-12 20:57:01,881 - TradingThread - INFO - Price: 119207.4 | Long Target: 140000.0 | Long Pos Open: False
2025-08-12 20:57:01,981 - TradingThread - INFO - Price: 119207.4 | Long Target: 140000.0 | Long Pos Open: False
2025-08-12 20:57:02,281 - TradingThread - INFO - Price: 119207.3 | Long Target: 140000.0 | Long Pos Open: False
2025-08-12 20:57:02,381 - TradingThread - INFO - Price: 119207.3 | Long Target: 140000.0 | Long Pos Open: False
2025-08-12 20:57:02,581 - TradingThread - INFO - Price: 119207.3 | Long Target: 140000.0 | Long Pos Open: False
2025-08-12 20:57:02,881 - TradingThread - INFO - Price: 119207.3 | Long Target: 140000.0 | Long Pos Open: False
2025-08-12 20:57:03,381 - TradingThread - INFO - Price: 119207.3 | Long Target: 140000.0 | Long Pos Open: False
2025-08-12 20:57:03,481 - TradingThread - INFO - Price: 119207.3 | Long Target: 140000.0 | Long Pos Open: False
2025-08-12 20:57:03,581 - TradingThread - INFO - Price: 119207.3 | Long Target: 140000.0 | Long Pos Open: False
2025-08-12 20:57:03,781 - TradingThread - INFO - Price: 119207.3 | Long Target: 140000.0 | Long Pos Open: False
2025-08-12 20:57:04,181 - TradingThread - INFO - Price: 119207.3 | Long Target: 140000.0 | Long Pos Open: False
2025-08-12 20:57:04,281 - TradingThread - INFO - Price: 119207.3 | Long Target: 140000.0 | Long Pos Open: False
2025-08-12 20:57:04,381 - TradingThread - INFO - Price: 119207.4 | Long Target: 140000.0 | Long Pos Open: False
2025-08-12 20:57:04,480 - TradingThread - INFO - Price: 119207.4 | Long Target: 140000.0 | Long Pos Open: False
2025-08-12 20:57:04,681 - TradingThread - INFO - Price: 119207.4 | Long Target: 140000.0 | Long Pos Open: False
2025-08-12 20:57:04,781 - TradingThread - INFO - Price: 119207.3 | Long Target: 140000.0 | Long Pos Open: False
2025-08-12 20:57:04,882 - TradingThread - INFO - Price: 119207.3 | Long Target: 140000.0 | Long Pos Open: False
2025-08-12 20:57:04,981 - TradingThread - INFO - Price: 119207.3 | Long Target: 140000.0 | Long Pos Open: False
2025-08-12 20:57:05,081 - TradingThread - INFO - Price: 119207.3 | Long Target: 140000.0 | Long Pos Open: False
2025-08-12 20:57:05,181 - TradingThread - INFO - Price: 119207.3 | Long Target: 140000.0 | Long Pos Open: False
2025-08-12 20:57:05,280 - TradingThread - INFO - Price: 119207.3 | Long Target: 140000.0 | Long Pos Open: False
2025-08-12 20:57:05,380 - TradingThread - INFO - Price: 119207.3 | Long Target: 140000.0 | Long Pos Open: False
2025-08-12 20:57:05,480 - TradingThread - INFO - Price: 119207.3 | Long Target: 140000.0 | Long Pos Open: False
2025-08-12 20:57:05,580 - TradingThread - INFO - Price: 119207.3 | Long Target: 140000.0 | Long Pos Open: False
2025-08-12 20:57:05,687 - TradingThread - INFO - Price: 119207.3 | Long Target: 140000.0 | Long Pos Open: False
2025-08-12 20:57:05,781 - TradingThread - INFO - Price: 119207.3 | Long Target: 140000.0 | Long Pos Open: False
2025-08-12 20:57:05,881 - TradingThread - INFO - Price: 119207.3 | Long Target: 140000.0 | Long Pos Open: False
2025-08-12 20:57:05,981 - TradingThread - INFO - Price: 119203.7 | Long Target: 140000.0 | Long Pos Open: False
2025-08-12 20:57:06,081 - TradingThread - INFO - Price: 119200.0 | Long Target: 140000.0 | Long Pos Open: False
2025-08-12 20:57:06,180 - TradingThread - INFO - Price: 119200.1 | Long Target: 140000.0 | Long Pos Open: False
2025-08-12 20:57:06,280 - TradingThread - INFO - Price: 119200.1 | Long Target: 140000.0 | Long Pos Open: False
2025-08-12 20:57:06,380 - TradingThread - INFO - Price: 119200.0 | Long Target: 140000.0 | Long Pos Open: False
2025-08-12 20:57:06,481 - TradingThread - INFO - Price: 119200.1 | Long Target: 140000.0 | Long Pos Open: False
2025-08-12 20:57:06,581 - TradingThread - INFO - Price: 119200.1 | Long Target: 140000.0 | Long Pos Open: False
2025-08-12 20:57:06,681 - TradingThread - INFO - Price: 119200.0 | Long Target: 140000.0 | Long Pos Open: False
2025-08-12 20:57:06,781 - TradingThread - INFO - Price: 119200.0 | Long Target: 140000.0 | Long Pos Open: False
2025-08-12 20:57:06,880 - TradingThread - INFO - Price: 119200.0 | Long Target: 140000.0 | Long Pos Open: False
2025-08-12 20:57:06,981 - TradingThread - INFO - Price: 119200.1 | Long Target: 140000.0 | Long Pos Open: False
2025-08-12 20:57:07,081 - TradingThread - INFO - Price: 119200.1 | Long Target: 140000.0 | Long Pos Open: False
2025-08-12 20:57:07,182 - TradingThread - INFO - Price: 119200.1 | Long Target: 140000.0 | Long Pos Open: False
2025-08-12 20:57:07,281 - TradingThread - INFO - Price: 119200.1 | Long Target: 140000.0 | Long Pos Open: False
2025-08-12 20:57:07,380 - TradingThread - INFO - Price: 119200.1 | Long Target: 140000.0 | Long Pos Open: False
2025-08-12 20:57:07,481 - TradingThread - INFO - Price: 119200.1 | Long Target: 140000.0 | Long Pos Open: False
2025-08-12 20:57:07,580 - TradingThread - INFO - Price: 119200.1 | Long Target: 140000.0 | Long Pos Open: False
2025-08-12 20:57:07,683 - TradingThread - INFO - Price: 119200.1 | Long Target: 140000.0 | Long Pos Open: False
2025-08-12 20:57:07,782 - TradingThread - INFO - Price: 119200.1 | Long Target: 140000.0 | Long Pos Open: False
2025-08-12 20:57:07,981 - TradingThread - INFO - Price: 119200.1 | Long Target: 140000.0 | Long Pos Open: False
2025-08-12 20:57:08,081 - TradingThread - INFO - Price: 119200.1 | Long Target: 140000.0 | Long Pos Open: False
2025-08-12 20:57:08,181 - TradingThread - INFO - Price: 119200.0 | Long Target: 140000.0 | Long Pos Open: False
2025-08-12 20:57:08,280 - TradingThread - INFO - Price: 119200.0 | Long Target: 140000.0 | Long Pos Open: False
2025-08-12 20:57:08,380 - TradingThread - INFO - Price: 119200.0 | Long Target: 140000.0 | Long Pos Open: False
2025-08-12 20:57:08,481 - TradingThread - INFO - Price: 119200.1 | Long Target: 140000.0 | Long Pos Open: False
2025-08-12 20:57:08,580 - TradingThread - INFO - Price: 119200.1 | Long Target: 140000.0 | Long Pos Open: False
2025-08-12 20:57:08,680 - TradingThread - INFO - Price: 119200.0 | Long Target: 140000.0 | Long Pos Open: False
2025-08-12 20:57:08,781 - TradingThread - INFO - Price: 119200.0 | Long Target: 140000.0 | Long Pos Open: False
2025-08-12 20:57:08,880 - TradingThread - INFO - Price: 119200.0 | Long Target: 140000.0 | Long Pos Open: False
2025-08-12 20:57:09,081 - TradingThread - INFO - Price: 119200.1 | Long Target: 140000.0 | Long Pos Open: False
2025-08-12 20:57:09,180 - TradingThread - INFO - Price: 119200.1 | Long Target: 140000.0 | Long Pos Open: False
2025-08-12 20:57:09,281 - TradingThread - INFO - Price: 119200.1 | Long Target: 140000.0 | Long Pos Open: False
2025-08-12 20:57:09,380 - TradingThread - INFO - Price: 119200.1 | Long Target: 140000.0 | Long Pos Open: False
2025-08-12 20:57:09,580 - TradingThread - INFO - Price: 119200.1 | Long Target: 140000.0 | Long Pos Open: False
2025-08-12 20:57:09,680 - TradingThread - INFO - Price: 119200.1 | Long Target: 140000.0 | Long Pos Open: False
2025-08-12 20:57:09,780 - TradingThread - INFO - Price: 119200.1 | Long Target: 140000.0 | Long Pos Open: False
2025-08-12 20:57:09,980 - TradingThread - INFO - Price: 119200.1 | Long Target: 140000.0 | Long Pos Open: False
2025-08-12 20:57:10,080 - TradingThread - INFO - Price: 119200.1 | Long Target: 140000.0 | Long Pos Open: False
2025-08-12 20:57:10,181 - TradingThread - INFO - Price: 119200.1 | Long Target: 140000.0 | Long Pos Open: False
2025-08-12 20:57:10,280 - TradingThread - INFO - Price: 119200.1 | Long Target: 140000.0 | Long Pos Open: False
2025-08-12 20:57:10,380 - TradingThread - INFO - Price: 119200.1 | Long Target: 140000.0 | Long Pos Open: False
2025-08-12 20:57:10,482 - TradingThread - INFO - Price: 119200.1 | Long Target: 140000.0 | Long Pos Open: False
2025-08-12 20:57:10,582 - TradingThread - INFO - Price: 119200.1 | Long Target: 140000.0 | Long Pos Open: False
2025-08-12 20:57:10,680 - TradingThread - INFO - Price: 119200.1 | Long Target: 140000.0 | Long Pos Open: False
2025-08-12 20:57:10,980 - TradingThread - INFO - Price: 119200.1 | Long Target: 140000.0 | Long Pos Open: False
2025-08-12 20:57:11,080 - TradingThread - INFO - Price: 119200.0 | Long Target: 140000.0 | Long Pos Open: False
2025-08-12 20:57:11,180 - TradingThread - INFO - Price: 119200.0 | Long Target: 140000.0 | Long Pos Open: False
2025-08-12 20:57:11,280 - TradingThread - INFO - Price: 119200.0 | Long Target: 140000.0 | Long Pos Open: False
2025-08-12 20:57:11,380 - TradingThread - INFO - Price: 119200.1 | Long Target: 140000.0 | Long Pos Open: False
2025-08-12 20:57:11,480 - TradingThread - INFO - Price: 119200.1 | Long Target: 140000.0 | Long Pos Open: False
2025-08-12 20:57:11,586 - TradingThread - INFO - Price: 119200.1 | Long Target: 140000.0 | Long Pos Open: False
2025-08-12 20:57:11,780 - TradingThread - INFO - Price: 119200.1 | Long Target: 140000.0 | Long Pos Open: False
2025-08-12 20:57:11,880 - TradingThread - INFO - Price: 119200.1 | Long Target: 140000.0 | Long Pos Open: False
2025-08-12 20:57:12,080 - TradingThread - INFO - Price: 119200.1 | Long Target: 140000.0 | Long Pos Open: False
2025-08-12 20:57:12,180 - TradingThread - INFO - Price: 119200.1 | Long Target: 140000.0 | Long Pos Open: False
2025-08-12 20:57:12,280 - TradingThread - INFO - Price: 119200.1 | Long Target: 140000.0 | Long Pos Open: False
2025-08-12 20:57:12,381 - TradingThread - INFO - Price: 119200.1 | Long Target: 140000.0 | Long Pos Open: False
2025-08-12 20:57:12,480 - TradingThread - INFO - Price: 119200.1 | Long Target: 140000.0 | Long Pos Open: False
2025-08-12 20:57:12,580 - TradingThread - INFO - Price: 119200.1 | Long Target: 140000.0 | Long Pos Open: False
2025-08-12 20:57:12,680 - TradingThread - INFO - Price: 119200.1 | Long Target: 140000.0 | Long Pos Open: False
2025-08-12 20:57:12,780 - TradingThread - INFO - Price: 119200.1 | Long Target: 140000.0 | Long Pos Open: False
2025-08-12 20:57:12,882 - TradingThread - INFO - Price: 119200.1 | Long Target: 140000.0 | Long Pos Open: False
2025-08-12 20:57:12,980 - TradingThread - INFO - Price: 119200.1 | Long Target: 140000.0 | Long Pos Open: False
2025-08-12 20:57:13,081 - TradingThread - INFO - Price: 119200.1 | Long Target: 140000.0 | Long Pos Open: False
2025-08-12 20:57:13,183 - TradingThread - INFO - Price: 119200.1 | Long Target: 140000.0 | Long Pos Open: False
2025-08-12 20:57:13,380 - TradingThread - INFO - Price: 119200.0 | Long Target: 140000.0 | Long Pos Open: False
2025-08-12 20:57:13,481 - TradingThread - INFO - Price: 119200.0 | Long Target: 140000.0 | Long Pos Open: False
2025-08-12 20:57:13,580 - TradingThread - INFO - Price: 119200.0 | Long Target: 140000.0 | Long Pos Open: False
2025-08-12 20:57:13,681 - TradingThread - INFO - Price: 119200.0 | Long Target: 140000.0 | Long Pos Open: False
2025-08-12 20:57:13,880 - TradingThread - INFO - Price: 119200.0 | Long Target: 140000.0 | Long Pos Open: False
2025-08-12 20:57:13,981 - TradingThread - INFO - Price: 119200.0 | Long Target: 140000.0 | Long Pos Open: False
2025-08-12 20:57:14,180 - TradingThread - INFO - Price: 119200.0 | Long Target: 140000.0 | Long Pos Open: False
2025-08-12 20:57:14,280 - TradingThread - INFO - Price: 119200.0 | Long Target: 140000.0 | Long Pos Open: False
2025-08-12 20:57:14,380 - TradingThread - INFO - Price: 119200.1 | Long Target: 140000.0 | Long Pos Open: False
2025-08-12 20:57:14,480 - TradingThread - INFO - Price: 119200.1 | Long Target: 140000.0 | Long Pos Open: False
2025-08-12 20:57:14,580 - TradingThread - INFO - Price: 119200.1 | Long Target: 140000.0 | Long Pos Open: False
2025-08-12 20:57:14,680 - TradingThread - INFO - Price: 119200.1 | Long Target: 140000.0 | Long Pos Open: False
2025-08-12 20:57:14,780 - TradingThread - INFO - Price: 119200.1 | Long Target: 140000.0 | Long Pos Open: False
2025-08-12 20:57:14,880 - TradingThread - INFO - Price: 119200.1 | Long Target: 140000.0 | Long Pos Open: False
2025-08-12 20:57:14,980 - TradingThread - INFO - Price: 119200.0 | Long Target: 140000.0 | Long Pos Open: False
2025-08-12 20:57:15,080 - TradingThread - INFO - Price: 119200.0 | Long Target: 140000.0 | Long Pos Open: False
2025-08-12 20:57:15,180 - TradingThread - INFO - Price: 119200.0 | Long Target: 140000.0 | Long Pos Open: False
2025-08-12 20:57:15,281 - TradingThread - INFO - Price: 119200.0 | Long Target: 140000.0 | Long Pos Open: False
2025-08-12 20:57:15,380 - TradingThread - INFO - Price: 119200.0 | Long Target: 140000.0 | Long Pos Open: False
2025-08-12 20:57:15,481 - TradingThread - INFO - Price: 119200.0 | Long Target: 140000.0 | Long Pos Open: False
2025-08-12 20:57:15,580 - TradingThread - INFO - Price: 119200.0 | Long Target: 140000.0 | Long Pos Open: False
2025-08-12 20:57:15,680 - TradingThread - INFO - Price: 119200.0 | Long Target: 140000.0 | Long Pos Open: False
2025-08-12 20:57:15,780 - TradingThread - INFO - Price: 119200.0 | Long Target: 140000.0 | Long Pos Open: False
2025-08-12 20:57:15,880 - TradingThread - INFO - Price: 119200.0 | Long Target: 140000.0 | Long Pos Open: False
2025-08-12 20:57:15,981 - TradingThread - INFO - Price: 119200.0 | Long Target: 140000.0 | Long Pos Open: False
2025-08-12 20:57:16,081 - TradingThread - INFO - Price: 119200.1 | Long Target: 140000.0 | Long Pos Open: False
2025-08-12 20:57:16,180 - TradingThread - INFO - Price: 119200.1 | Long Target: 140000.0 | Long Pos Open: False
2025-08-12 20:57:16,280 - TradingThread - INFO - Price: 119200.1 | Long Target: 140000.0 | Long Pos Open: False
2025-08-12 20:57:16,380 - TradingThread - INFO - Price: 119200.1 | Long Target: 140000.0 | Long Pos Open: False
2025-08-12 20:57:16,480 - TradingThread - INFO - Price: 119200.0 | Long Target: 140000.0 | Long Pos Open: False
2025-08-12 20:57:16,580 - TradingThread - INFO - Price: 119200.0 | Long Target: 140000.0 | Long Pos Open: False
2025-08-12 20:57:16,680 - TradingThread - INFO - Price: 119200.0 | Long Target: 140000.0 | Long Pos Open: False
2025-08-12 20:57:16,880 - TradingThread - INFO - Price: 119200.0 | Long Target: 140000.0 | Long Pos Open: False
2025-08-12 20:57:16,981 - TradingThread - INFO - Price: 119200.0 | Long Target: 140000.0 | Long Pos Open: False
2025-08-12 20:57:17,080 - TradingThread - INFO - Price: 119200.0 | Long Target: 140000.0 | Long Pos Open: False
2025-08-12 20:57:17,180 - TradingThread - INFO - Price: 119200.0 | Long Target: 140000.0 | Long Pos Open: False
2025-08-12 20:57:17,280 - TradingThread - INFO - Price: 119200.0 | Long Target: 140000.0 | Long Pos Open: False
2025-08-12 20:57:17,481 - TradingThread - INFO - Price: 119200.0 | Long Target: 140000.0 | Long Pos Open: False
2025-08-12 20:57:17,580 - TradingThread - INFO - Price: 119194.4 | Long Target: 140000.0 | Long Pos Open: False
2025-08-12 20:57:17,680 - TradingThread - INFO - Price: 119194.4 | Long Target: 140000.0 | Long Pos Open: False
2025-08-12 20:57:17,780 - TradingThread - INFO - Price: 119194.4 | Long Target: 140000.0 | Long Pos Open: False
2025-08-12 20:57:17,880 - TradingThread - INFO - Price: 119194.4 | Long Target: 140000.0 | Long Pos Open: False
2025-08-12 20:57:17,980 - TradingThread - INFO - Price: 119194.4 | Long Target: 140000.0 | Long Pos Open: False
2025-08-12 20:57:18,080 - TradingThread - INFO - Price: 119194.4 | Long Target: 140000.0 | Long Pos Open: False
2025-08-12 20:57:18,180 - TradingThread - INFO - Price: 119194.4 | Long Target: 140000.0 | Long Pos Open: False
2025-08-12 20:57:18,280 - TradingThread - INFO - Price: 119194.4 | Long Target: 140000.0 | Long Pos Open: False
2025-08-12 20:57:18,380 - TradingThread - INFO - Price: 119194.4 | Long Target: 140000.0 | Long Pos Open: False
2025-08-12 20:57:18,480 - TradingThread - INFO - Price: 119194.4 | Long Target: 140000.0 | Long Pos Open: False
2025-08-12 20:57:18,580 - TradingThread - INFO - Price: 119194.4 | Long Target: 140000.0 | Long Pos Open: False
2025-08-12 20:57:18,680 - TradingThread - INFO - Price: 119194.4 | Long Target: 140000.0 | Long Pos Open: False
2025-08-12 20:57:18,781 - TradingThread - INFO - Price: 119194.4 | Long Target: 140000.0 | Long Pos Open: False
2025-08-12 20:57:18,880 - TradingThread - INFO - Price: 119194.4 | Long Target: 140000.0 | Long Pos Open: False
2025-08-12 20:57:18,980 - TradingThread - INFO - Price: 119194.4 | Long Target: 140000.0 | Long Pos Open: False
2025-08-12 20:57:19,080 - TradingThread - INFO - Price: 119194.4 | Long Target: 140000.0 | Long Pos Open: False
2025-08-12 20:57:19,180 - TradingThread - INFO - Price: 119194.4 | Long Target: 140000.0 | Long Pos Open: False
2025-08-12 20:57:19,280 - TradingThread - INFO - Price: 119194.3 | Long Target: 140000.0 | Long Pos Open: False
2025-08-12 20:57:19,380 - TradingThread - INFO - Price: 119194.3 | Long Target: 140000.0 | Long Pos Open: False
2025-08-12 20:57:19,480 - TradingThread - INFO - Price: 119194.3 | Long Target: 140000.0 | Long Pos Open: False
2025-08-12 20:57:19,581 - TradingThread - INFO - Price: 119194.4 | Long Target: 140000.0 | Long Pos Open: False
2025-08-12 20:57:19,680 - TradingThread - INFO - Price: 119194.4 | Long Target: 140000.0 | Long Pos Open: False
2025-08-12 20:57:19,780 - TradingThread - INFO - Price: 119194.4 | Long Target: 140000.0 | Long Pos Open: False
2025-08-12 20:57:19,880 - TradingThread - INFO - Price: 119194.3 | Long Target: 140000.0 | Long Pos Open: False
2025-08-12 20:57:19,980 - TradingThread - INFO - Price: 119194.3 | Long Target: 140000.0 | Long Pos Open: False
2025-08-12 20:57:20,180 - TradingThread - INFO - Price: 119194.4 | Long Target: 140000.0 | Long Pos Open: False
2025-08-12 20:57:20,280 - TradingThread - INFO - Price: 119194.4 | Long Target: 140000.0 | Long Pos Open: False
2025-08-12 20:57:20,480 - TradingThread - INFO - Price: 119194.4 | Long Target: 140000.0 | Long Pos Open: False
2025-08-12 20:57:20,580 - TradingThread - INFO - Price: 119194.4 | Long Target: 140000.0 | Long Pos Open: False
2025-08-12 20:57:20,680 - TradingThread - INFO - Price: 119194.4 | Long Target: 140000.0 | Long Pos Open: False
2025-08-12 20:57:20,780 - TradingThread - INFO - Price: 119194.4 | Long Target: 140000.0 | Long Pos Open: False
2025-08-12 20:57:20,880 - TradingThread - INFO - Price: 119194.4 | Long Target: 140000.0 | Long Pos Open: False
2025-08-12 20:57:20,980 - TradingThread - INFO - Price: 119194.4 | Long Target: 140000.0 | Long Pos Open: False
2025-08-12 20:57:21,080 - TradingThread - INFO - Price: 119194.4 | Long Target: 140000.0 | Long Pos Open: False
2025-08-12 20:57:21,180 - TradingThread - INFO - Price: 119194.3 | Long Target: 140000.0 | Long Pos Open: False
2025-08-12 20:57:21,280 - TradingThread - INFO - Price: 119194.4 | Long Target: 140000.0 | Long Pos Open: False
2025-08-12 20:57:21,380 - TradingThread - INFO - Price: 119194.4 | Long Target: 140000.0 | Long Pos Open: False
2025-08-12 20:57:21,480 - TradingThread - INFO - Price: 119194.4 | Long Target: 140000.0 | Long Pos Open: False
2025-08-12 20:57:21,580 - TradingThread - INFO - Price: 119202.3 | Long Target: 140000.0 | Long Pos Open: False
2025-08-12 20:57:21,680 - TradingThread - INFO - Price: 119212.0 | Long Target: 140000.0 | Long Pos Open: False
2025-08-12 20:57:21,780 - TradingThread - INFO - Price: 119212.0 | Long Target: 140000.0 | Long Pos Open: False
2025-08-12 20:57:21,880 - TradingThread - INFO - Price: 119203.0 | Long Target: 140000.0 | Long Pos Open: False
2025-08-12 20:57:21,980 - TradingThread - INFO - Price: 119203.0 | Long Target: 140000.0 | Long Pos Open: False
2025-08-12 20:57:22,080 - TradingThread - INFO - Price: 119203.0 | Long Target: 140000.0 | Long Pos Open: False
2025-08-12 20:57:22,180 - TradingThread - INFO - Price: 119203.0 | Long Target: 140000.0 | Long Pos Open: False
2025-08-12 20:57:22,282 - TradingThread - INFO - Price: 119203.1 | Long Target: 140000.0 | Long Pos Open: False
2025-08-12 20:57:22,379 - TradingThread - INFO - Price: 119202.7 | Long Target: 140000.0 | Long Pos Open: False
2025-08-12 20:57:22,480 - TradingThread - INFO - Price: 119202.7 | Long Target: 140000.0 | Long Pos Open: False
2025-08-12 20:57:22,580 - TradingThread - INFO - Price: 119202.7 | Long Target: 140000.0 | Long Pos Open: False
2025-08-12 20:57:22,679 - TradingThread - INFO - Price: 119202.7 | Long Target: 140000.0 | Long Pos Open: False
2025-08-12 20:57:22,780 - TradingThread - INFO - Price: 119200.2 | Long Target: 140000.0 | Long Pos Open: False
2025-08-12 20:57:22,880 - TradingThread - INFO - Price: 119200.2 | Long Target: 140000.0 | Long Pos Open: False
2025-08-12 20:57:22,980 - TradingThread - INFO - Price: 119200.2 | Long Target: 140000.0 | Long Pos Open: False
2025-08-12 20:57:23,080 - TradingThread - INFO - Price: 119200.2 | Long Target: 140000.0 | Long Pos Open: False
2025-08-12 20:57:23,181 - TradingThread - INFO - Price: 119198.7 | Long Target: 140000.0 | Long Pos Open: False
2025-08-12 20:57:23,279 - TradingThread - INFO - Price: 119198.7 | Long Target: 140000.0 | Long Pos Open: False
2025-08-12 20:57:23,379 - TradingThread - INFO - Price: 119198.7 | Long Target: 140000.0 | Long Pos Open: False
2025-08-12 20:57:23,479 - TradingThread - INFO - Price: 119198.7 | Long Target: 140000.0 | Long Pos Open: False
2025-08-12 20:57:23,580 - TradingThread - INFO - Price: 119198.7 | Long Target: 140000.0 | Long Pos Open: False
2025-08-12 20:57:23,679 - TradingThread - INFO - Price: 119198.7 | Long Target: 140000.0 | Long Pos Open: False
2025-08-12 20:57:23,780 - TradingThread - INFO - Price: 119197.9 | Long Target: 140000.0 | Long Pos Open: False
2025-08-12 20:57:23,880 - TradingThread - INFO - Price: 119197.8 | Long Target: 140000.0 | Long Pos Open: False
2025-08-12 20:57:23,979 - TradingThread - INFO - Price: 119197.8 | Long Target: 140000.0 | Long Pos Open: False
2025-08-12 20:57:24,081 - TradingThread - INFO - Price: 119197.8 | Long Target: 140000.0 | Long Pos Open: False
2025-08-12 20:57:24,180 - TradingThread - INFO - Price: 119197.8 | Long Target: 140000.0 | Long Pos Open: False
2025-08-12 20:57:24,279 - TradingThread - INFO - Price: 119197.8 | Long Target: 140000.0 | Long Pos Open: False
2025-08-12 20:57:24,379 - TradingThread - INFO - Price: 119197.8 | Long Target: 140000.0 | Long Pos Open: False
2025-08-12 20:57:24,480 - TradingThread - INFO - Price: 119197.9 | Long Target: 140000.0 | Long Pos Open: False
2025-08-12 20:57:24,580 - TradingThread - INFO - Price: 119197.9 | Long Target: 140000.0 | Long Pos Open: False
2025-08-12 20:57:24,680 - TradingThread - INFO - Price: 119197.9 | Long Target: 140000.0 | Long Pos Open: False
2025-08-12 20:57:24,780 - TradingThread - INFO - Price: 119194.8 | Long Target: 140000.0 | Long Pos Open: False
2025-08-12 20:57:24,881 - TradingThread - INFO - Price: 119194.8 | Long Target: 140000.0 | Long Pos Open: False
2025-08-12 20:57:24,981 - TradingThread - INFO - Price: 119197.9 | Long Target: 140000.0 | Long Pos Open: False
2025-08-12 20:57:25,080 - TradingThread - INFO - Price: 119197.9 | Long Target: 140000.0 | Long Pos Open: False
2025-08-12 20:57:25,180 - TradingThread - INFO - Price: 119197.8 | Long Target: 140000.0 | Long Pos Open: False
2025-08-12 20:57:25,279 - TradingThread - INFO - Price: 119197.8 | Long Target: 140000.0 | Long Pos Open: False
2025-08-12 20:57:25,380 - TradingThread - INFO - Price: 119197.8 | Long Target: 140000.0 | Long Pos Open: False
2025-08-12 20:57:25,480 - TradingThread - INFO - Price: 119197.8 | Long Target: 140000.0 | Long Pos Open: False
2025-08-12 20:57:25,681 - TradingThread - INFO - Price: 119197.8 | Long Target: 140000.0 | Long Pos Open: False
2025-08-12 20:57:25,779 - TradingThread - INFO - Price: 119197.8 | Long Target: 140000.0 | Long Pos Open: False
2025-08-12 20:57:25,979 - TradingThread - INFO - Price: 119197.9 | Long Target: 140000.0 | Long Pos Open: False
2025-08-12 20:57:26,080 - TradingThread - INFO - Price: 119197.9 | Long Target: 140000.0 | Long Pos Open: False
2025-08-12 20:57:26,179 - TradingThread - INFO - Price: 119197.9 | Long Target: 140000.0 | Long Pos Open: False
2025-08-12 20:57:26,279 - TradingThread - INFO - Price: 119197.9 | Long Target: 140000.0 | Long Pos Open: False
2025-08-12 20:57:26,380 - TradingThread - INFO - Price: 119197.9 | Long Target: 140000.0 | Long Pos Open: False
2025-08-12 20:57:26,480 - TradingThread - INFO - Price: 119197.9 | Long Target: 140000.0 | Long Pos Open: False
2025-08-12 20:57:26,580 - TradingThread - INFO - Price: 119197.9 | Long Target: 140000.0 | Long Pos Open: False
2025-08-12 20:57:26,680 - TradingThread - INFO - Price: 119197.9 | Long Target: 140000.0 | Long Pos Open: False
2025-08-12 20:57:26,885 - TradingThread - INFO - Price: 119197.9 | Long Target: 140000.0 | Long Pos Open: False
2025-08-12 20:57:27,193 - TradingThread - INFO - Price: 119197.9 | Long Target: 140000.0 | Long Pos Open: False
2025-08-12 20:57:27,193 - TradingThread - INFO - Price: 119208.2 | Long Target: 140000.0 | Long Pos Open: False
2025-08-12 20:57:27,280 - TradingThread - INFO - Price: 119208.1 | Long Target: 140000.0 | Long Pos Open: False
2025-08-12 20:57:27,380 - TradingThread - INFO - Price: 119223.8 | Long Target: 140000.0 | Long Pos Open: False
2025-08-12 20:57:27,480 - TradingThread - INFO - Price: 119228.7 | Long Target: 140000.0 | Long Pos Open: False
2025-08-12 20:57:27,580 - TradingThread - INFO - Price: 119228.7 | Long Target: 140000.0 | Long Pos Open: False
2025-08-12 20:57:27,680 - TradingThread - INFO - Price: 119228.7 | Long Target: 140000.0 | Long Pos Open: False
2025-08-12 20:57:27,779 - TradingThread - INFO - Price: 119228.7 | Long Target: 140000.0 | Long Pos Open: False
2025-08-12 20:57:27,880 - TradingThread - INFO - Price: 119228.7 | Long Target: 140000.0 | Long Pos Open: False
2025-08-12 20:57:27,979 - TradingThread - INFO - Price: 119228.7 | Long Target: 140000.0 | Long Pos Open: False
2025-08-12 20:57:28,080 - TradingThread - INFO - Price: 119228.7 | Long Target: 140000.0 | Long Pos Open: False
2025-08-12 20:57:28,180 - TradingThread - INFO - Price: 119228.8 | Long Target: 140000.0 | Long Pos Open: False
2025-08-12 20:57:28,280 - TradingThread - INFO - Price: 119228.8 | Long Target: 140000.0 | Long Pos Open: False
2025-08-12 20:57:28,379 - TradingThread - INFO - Price: 119228.8 | Long Target: 140000.0 | Long Pos Open: False
2025-08-12 20:57:28,580 - TradingThread - INFO - Price: 119228.8 | Long Target: 140000.0 | Long Pos Open: False
2025-08-12 20:57:28,879 - TradingThread - INFO - Price: 119228.8 | Long Target: 140000.0 | Long Pos Open: False
2025-08-12 20:57:28,980 - TradingThread - INFO - Price: 119228.8 | Long Target: 140000.0 | Long Pos Open: False
2025-08-12 20:57:29,180 - TradingThread - INFO - Price: 119228.8 | Long Target: 140000.0 | Long Pos Open: False
2025-08-12 20:57:29,379 - TradingThread - INFO - Price: 119228.8 | Long Target: 140000.0 | Long Pos Open: False
2025-08-12 20:57:29,479 - TradingThread - INFO - Price: 119228.8 | Long Target: 140000.0 | Long Pos Open: False
2025-08-12 20:57:29,779 - TradingThread - INFO - Price: 119228.8 | Long Target: 140000.0 | Long Pos Open: False
2025-08-12 20:57:29,880 - TradingThread - INFO - Price: 119228.8 | Long Target: 140000.0 | Long Pos Open: False
2025-08-12 20:57:30,179 - TradingThread - INFO - Price: 119228.8 | Long Target: 140000.0 | Long Pos Open: False
2025-08-12 20:57:30,280 - TradingThread - INFO - Price: 119228.8 | Long Target: 140000.0 | Long Pos Open: False
2025-08-12 20:57:30,379 - TradingThread - INFO - Price: 119228.8 | Long Target: 140000.0 | Long Pos Open: False
2025-08-12 20:57:30,479 - TradingThread - INFO - Price: 119228.8 | Long Target: 140000.0 | Long Pos Open: False
2025-08-12 20:57:30,581 - TradingThread - INFO - Price: 119228.8 | Long Target: 140000.0 | Long Pos Open: False
2025-08-12 20:57:30,779 - TradingThread - INFO - Price: 119225.8 | Long Target: 140000.0 | Long Pos Open: False
2025-08-12 20:57:30,879 - TradingThread - INFO - Price: 119225.8 | Long Target: 140000.0 | Long Pos Open: False
2025-08-12 20:57:30,979 - TradingThread - INFO - Price: 119225.8 | Long Target: 140000.0 | Long Pos Open: False
2025-08-12 20:57:31,079 - TradingThread - INFO - Price: 119225.8 | Long Target: 140000.0 | Long Pos Open: False
2025-08-12 20:57:31,182 - TradingThread - INFO - Price: 119225.8 | Long Target: 140000.0 | Long Pos Open: False
2025-08-12 20:57:31,279 - TradingThread - INFO - Price: 119225.8 | Long Target: 140000.0 | Long Pos Open: False
2025-08-12 20:57:31,379 - TradingThread - INFO - Price: 119225.8 | Long Target: 140000.0 | Long Pos Open: False
2025-08-12 20:57:31,579 - TradingThread - INFO - Price: 119225.8 | Long Target: 140000.0 | Long Pos Open: False
2025-08-12 20:57:31,679 - TradingThread - INFO - Price: 119225.8 | Long Target: 140000.0 | Long Pos Open: False
2025-08-12 20:57:31,879 - TradingThread - INFO - Price: 119225.8 | Long Target: 140000.0 | Long Pos Open: False
2025-08-12 20:57:31,979 - TradingThread - INFO - Price: 119225.8 | Long Target: 140000.0 | Long Pos Open: False
2025-08-12 20:57:32,279 - TradingThread - INFO - Price: 119225.8 | Long Target: 140000.0 | Long Pos Open: False
2025-08-12 20:57:32,380 - TradingThread - INFO - Price: 119225.8 | Long Target: 140000.0 | Long Pos Open: False
2025-08-12 20:57:32,879 - TradingThread - INFO - Price: 119225.8 | Long Target: 140000.0 | Long Pos Open: False
2025-08-12 20:57:32,979 - TradingThread - INFO - Price: 119225.8 | Long Target: 140000.0 | Long Pos Open: False
2025-08-12 20:57:33,079 - TradingThread - INFO - Price: 119225.8 | Long Target: 140000.0 | Long Pos Open: False
2025-08-12 20:57:33,179 - TradingThread - INFO - Price: 119225.8 | Long Target: 140000.0 | Long Pos Open: False
2025-08-12 20:57:33,279 - TradingThread - INFO - Price: 119225.8 | Long Target: 140000.0 | Long Pos Open: False
2025-08-12 20:57:33,379 - TradingThread - INFO - Price: 119225.8 | Long Target: 140000.0 | Long Pos Open: False
2025-08-12 20:57:33,479 - TradingThread - INFO - Price: 119225.7 | Long Target: 140000.0 | Long Pos Open: False
2025-08-12 20:57:33,580 - TradingThread - INFO - Price: 119225.7 | Long Target: 140000.0 | Long Pos Open: False
2025-08-12 20:57:33,680 - TradingThread - INFO - Price: 119225.7 | Long Target: 140000.0 | Long Pos Open: False
2025-08-12 20:57:33,780 - TradingThread - INFO - Price: 119225.7 | Long Target: 140000.0 | Long Pos Open: False
2025-08-12 20:57:33,980 - TradingThread - INFO - Price: 119225.7 | Long Target: 140000.0 | Long Pos Open: False
2025-08-12 20:57:34,080 - TradingThread - INFO - Price: 119225.7 | Long Target: 140000.0 | Long Pos Open: False
2025-08-12 20:57:34,179 - TradingThread - INFO - Price: 119225.7 | Long Target: 140000.0 | Long Pos Open: False
2025-08-12 20:57:34,280 - TradingThread - INFO - Price: 119225.7 | Long Target: 140000.0 | Long Pos Open: False
2025-08-12 20:57:34,380 - TradingThread - INFO - Price: 119225.7 | Long Target: 140000.0 | Long Pos Open: False
2025-08-12 20:57:34,479 - TradingThread - INFO - Price: 119225.7 | Long Target: 140000.0 | Long Pos Open: False
2025-08-12 20:57:34,679 - TradingThread - INFO - Price: 119225.7 | Long Target: 140000.0 | Long Pos Open: False
2025-08-12 20:57:34,879 - TradingThread - INFO - Price: 119225.7 | Long Target: 140000.0 | Long Pos Open: False
2025-08-12 20:57:35,080 - TradingThread - INFO - Price: 119225.7 | Long Target: 140000.0 | Long Pos Open: False
2025-08-12 20:57:35,179 - TradingThread - INFO - Price: 119225.7 | Long Target: 140000.0 | Long Pos Open: False
2025-08-12 20:57:35,279 - TradingThread - INFO - Price: 119225.7 | Long Target: 140000.0 | Long Pos Open: False
2025-08-12 20:57:35,379 - TradingThread - INFO - Price: 119225.7 | Long Target: 140000.0 | Long Pos Open: False
2025-08-12 20:57:35,479 - TradingThread - INFO - Price: 119225.7 | Long Target: 140000.0 | Long Pos Open: False
2025-08-12 20:57:35,579 - TradingThread - INFO - Price: 119225.7 | Long Target: 140000.0 | Long Pos Open: False
2025-08-12 20:57:35,779 - TradingThread - INFO - Price: 119225.7 | Long Target: 140000.0 | Long Pos Open: False
2025-08-12 20:57:35,879 - TradingThread - INFO - Price: 119225.7 | Long Target: 140000.0 | Long Pos Open: False
2025-08-12 20:57:35,979 - TradingThread - INFO - Price: 119225.8 | Long Target: 140000.0 | Long Pos Open: False
2025-08-12 20:57:36,079 - TradingThread - INFO - Price: 119225.8 | Long Target: 140000.0 | Long Pos Open: False
2025-08-12 20:57:36,179 - TradingThread - INFO - Price: 119225.8 | Long Target: 140000.0 | Long Pos Open: False
2025-08-12 20:57:36,279 - TradingThread - INFO - Price: 119225.8 | Long Target: 140000.0 | Long Pos Open: False
2025-08-12 20:57:36,380 - TradingThread - INFO - Price: 119225.8 | Long Target: 140000.0 | Long Pos Open: False
2025-08-12 20:57:36,482 - TradingThread - INFO - Price: 119225.8 | Long Target: 140000.0 | Long Pos Open: False
2025-08-12 20:57:36,579 - TradingThread - INFO - Price: 119225.7 | Long Target: 140000.0 | Long Pos Open: False
2025-08-12 20:57:36,679 - TradingThread - INFO - Price: 119225.7 | Long Target: 140000.0 | Long Pos Open: False
2025-08-12 20:57:36,779 - TradingThread - INFO - Price: 119225.7 | Long Target: 140000.0 | Long Pos Open: False
2025-08-12 20:57:36,879 - TradingThread - INFO - Price: 119225.8 | Long Target: 140000.0 | Long Pos Open: False
2025-08-12 20:57:36,980 - TradingThread - INFO - Price: 119225.8 | Long Target: 140000.0 | Long Pos Open: False
2025-08-12 20:57:37,079 - TradingThread - INFO - Price: 119225.8 | Long Target: 140000.0 | Long Pos Open: False
2025-08-12 20:57:37,179 - TradingThread - INFO - Price: 119225.7 | Long Target: 140000.0 | Long Pos Open: False
2025-08-12 20:57:37,279 - TradingThread - INFO - Price: 119225.7 | Long Target: 140000.0 | Long Pos Open: False
2025-08-12 20:57:37,379 - TradingThread - INFO - Price: 119225.8 | Long Target: 140000.0 | Long Pos Open: False
2025-08-12 20:57:37,479 - TradingThread - INFO - Price: 119225.8 | Long Target: 140000.0 | Long Pos Open: False
2025-08-12 20:57:37,580 - TradingThread - INFO - Price: 119225.8 | Long Target: 140000.0 | Long Pos Open: False
2025-08-12 20:57:37,679 - TradingThread - INFO - Price: 119225.8 | Long Target: 140000.0 | Long Pos Open: False
2025-08-12 20:57:37,779 - TradingThread - INFO - Price: 119225.8 | Long Target: 140000.0 | Long Pos Open: False
2025-08-12 20:57:37,879 - TradingThread - INFO - Price: 119225.8 | Long Target: 140000.0 | Long Pos Open: False
2025-08-12 20:57:37,979 - TradingThread - INFO - Price: 119225.8 | Long Target: 140000.0 | Long Pos Open: False
2025-08-12 20:57:38,079 - TradingThread - INFO - Price: 119225.8 | Long Target: 140000.0 | Long Pos Open: False
2025-08-12 20:57:38,179 - TradingThread - INFO - Price: 119225.8 | Long Target: 140000.0 | Long Pos Open: False
2025-08-12 20:57:38,281 - TradingThread - INFO - Price: 119225.8 | Long Target: 140000.0 | Long Pos Open: False
2025-08-12 20:57:38,379 - TradingThread - INFO - Price: 119225.7 | Long Target: 140000.0 | Long Pos Open: False
2025-08-12 20:57:38,479 - TradingThread - INFO - Price: 119225.8 | Long Target: 140000.0 | Long Pos Open: False
2025-08-12 20:57:38,579 - TradingThread - INFO - Price: 119225.8 | Long Target: 140000.0 | Long Pos Open: False
2025-08-12 20:57:38,779 - TradingThread - INFO - Price: 119225.8 | Long Target: 140000.0 | Long Pos Open: False
2025-08-12 20:57:38,879 - TradingThread - INFO - Price: 119225.8 | Long Target: 140000.0 | Long Pos Open: False
2025-08-12 20:57:38,980 - TradingThread - INFO - Price: 119225.8 | Long Target: 140000.0 | Long Pos Open: False
2025-08-12 20:57:39,079 - TradingThread - INFO - Price: 119225.8 | Long Target: 140000.0 | Long Pos Open: False
2025-08-12 20:57:39,179 - TradingThread - INFO - Price: 119225.8 | Long Target: 140000.0 | Long Pos Open: False
2025-08-12 20:57:39,279 - TradingThread - INFO - Price: 119225.7 | Long Target: 140000.0 | Long Pos Open: False
2025-08-12 20:57:39,379 - TradingThread - INFO - Price: 119225.7 | Long Target: 140000.0 | Long Pos Open: False
2025-08-12 20:57:39,479 - TradingThread - INFO - Price: 119225.7 | Long Target: 140000.0 | Long Pos Open: False
2025-08-12 20:57:39,579 - TradingThread - INFO - Price: 119225.7 | Long Target: 140000.0 | Long Pos Open: False
2025-08-12 20:57:39,679 - TradingThread - INFO - Price: 119225.7 | Long Target: 140000.0 | Long Pos Open: False
2025-08-12 20:57:39,979 - TradingThread - INFO - Price: 119225.8 | Long Target: 140000.0 | Long Pos Open: False
2025-08-12 20:57:40,079 - TradingThread - INFO - Price: 119225.8 | Long Target: 140000.0 | Long Pos Open: False
2025-08-12 20:57:40,179 - TradingThread - INFO - Price: 119225.8 | Long Target: 140000.0 | Long Pos Open: False
2025-08-12 20:57:40,279 - TradingThread - INFO - Price: 119225.8 | Long Target: 140000.0 | Long Pos Open: False
2025-08-12 20:57:40,379 - TradingThread - INFO - Price: 119225.8 | Long Target: 140000.0 | Long Pos Open: False
2025-08-12 20:57:40,479 - TradingThread - INFO - Price: 119225.8 | Long Target: 140000.0 | Long Pos Open: False
2025-08-12 20:57:40,581 - TradingThread - INFO - Price: 119225.8 | Long Target: 140000.0 | Long Pos Open: False
2025-08-12 20:57:40,679 - TradingThread - INFO - Price: 119225.8 | Long Target: 140000.0 | Long Pos Open: False
2025-08-12 20:57:40,779 - TradingThread - INFO - Price: 119225.8 | Long Target: 140000.0 | Long Pos Open: False
2025-08-12 20:57:40,879 - TradingThread - INFO - Price: 119225.8 | Long Target: 140000.0 | Long Pos Open: False
2025-08-12 20:57:40,979 - TradingThread - INFO - Price: 119225.8 | Long Target: 140000.0 | Long Pos Open: False
2025-08-12 20:57:41,079 - TradingThread - INFO - Price: 119228.7 | Long Target: 140000.0 | Long Pos Open: False
2025-08-12 20:57:41,179 - TradingThread - INFO - Price: 119228.7 | Long Target: 140000.0 | Long Pos Open: False
2025-08-12 20:57:41,279 - TradingThread - INFO - Price: 119228.6 | Long Target: 140000.0 | Long Pos Open: False
2025-08-12 20:57:41,379 - TradingThread - INFO - Price: 119228.6 | Long Target: 140000.0 | Long Pos Open: False
2025-08-12 20:57:41,580 - TradingThread - INFO - Price: 119228.6 | Long Target: 140000.0 | Long Pos Open: False
2025-08-12 20:57:41,680 - TradingThread - INFO - Price: 119228.7 | Long Target: 140000.0 | Long Pos Open: False
2025-08-12 20:57:41,779 - TradingThread - INFO - Price: 119228.7 | Long Target: 140000.0 | Long Pos Open: False
2025-08-12 20:57:41,879 - TradingThread - INFO - Price: 119228.7 | Long Target: 140000.0 | Long Pos Open: False
2025-08-12 20:57:42,179 - TradingThread - INFO - Price: 119228.7 | Long Target: 140000.0 | Long Pos Open: False
2025-08-12 20:57:42,279 - TradingThread - INFO - Price: 119228.8 | Long Target: 140000.0 | Long Pos Open: False
2025-08-12 20:57:42,379 - TradingThread - INFO - Price: 119228.8 | Long Target: 140000.0 | Long Pos Open: False
2025-08-12 20:57:42,479 - TradingThread - INFO - Price: 119240.0 | Long Target: 140000.0 | Long Pos Open: False
2025-08-12 20:57:42,579 - TradingThread - INFO - Price: 119240.0 | Long Target: 140000.0 | Long Pos Open: False
2025-08-12 20:57:42,679 - TradingThread - INFO - Price: 119239.9 | Long Target: 140000.0 | Long Pos Open: False
2025-08-12 20:57:42,779 - TradingThread - INFO - Price: 119239.9 | Long Target: 140000.0 | Long Pos Open: False
2025-08-12 20:57:42,979 - TradingThread - INFO - Price: 119239.9 | Long Target: 140000.0 | Long Pos Open: False
2025-08-12 20:57:43,079 - TradingThread - INFO - Price: 119239.9 | Long Target: 140000.0 | Long Pos Open: False
2025-08-12 20:57:43,379 - TradingThread - INFO - Price: 119239.9 | Long Target: 140000.0 | Long Pos Open: False
2025-08-12 20:57:43,479 - TradingThread - INFO - Price: 119240.0 | Long Target: 140000.0 | Long Pos Open: False
2025-08-12 20:57:43,579 - TradingThread - INFO - Price: 119240.0 | Long Target: 140000.0 | Long Pos Open: False
2025-08-12 20:57:43,678 - TradingThread - INFO - Price: 119240.0 | Long Target: 140000.0 | Long Pos Open: False
2025-08-12 20:57:43,779 - TradingThread - INFO - Price: 119239.9 | Long Target: 140000.0 | Long Pos Open: False
2025-08-12 20:57:43,879 - TradingThread - INFO - Price: 119239.9 | Long Target: 140000.0 | Long Pos Open: False
2025-08-12 20:57:43,980 - TradingThread - INFO - Price: 119239.9 | Long Target: 140000.0 | Long Pos Open: False
2025-08-12 20:57:44,079 - TradingThread - INFO - Price: 119239.9 | Long Target: 140000.0 | Long Pos Open: False
2025-08-12 20:57:44,179 - TradingThread - INFO - Price: 119239.9 | Long Target: 140000.0 | Long Pos Open: False
2025-08-12 20:57:44,278 - TradingThread - INFO - Price: 119240.0 | Long Target: 140000.0 | Long Pos Open: False
2025-08-12 20:57:44,379 - TradingThread - INFO - Price: 119240.0 | Long Target: 140000.0 | Long Pos Open: False
2025-08-12 20:57:44,479 - TradingThread - INFO - Price: 119240.0 | Long Target: 140000.0 | Long Pos Open: False
2025-08-12 20:57:44,778 - TradingThread - INFO - Price: 119240.0 | Long Target: 140000.0 | Long Pos Open: False
2025-08-12 20:57:44,878 - TradingThread - INFO - Price: 119240.0 | Long Target: 140000.0 | Long Pos Open: False
2025-08-12 20:57:45,178 - TradingThread - INFO - Price: 119240.0 | Long Target: 140000.0 | Long Pos Open: False
2025-08-12 20:57:45,278 - TradingThread - INFO - Price: 119239.9 | Long Target: 140000.0 | Long Pos Open: False
2025-08-12 20:57:45,378 - TradingThread - INFO - Price: 119239.9 | Long Target: 140000.0 | Long Pos Open: False
2025-08-12 20:57:45,478 - TradingThread - INFO - Price: 119240.0 | Long Target: 140000.0 | Long Pos Open: False
2025-08-12 20:57:45,578 - TradingThread - INFO - Price: 119239.9 | Long Target: 140000.0 | Long Pos Open: False
2025-08-12 20:57:45,679 - TradingThread - INFO - Price: 119239.9 | Long Target: 140000.0 | Long Pos Open: False
2025-08-12 20:57:45,779 - TradingThread - INFO - Price: 119239.9 | Long Target: 140000.0 | Long Pos Open: False
2025-08-12 20:57:45,878 - TradingThread - INFO - Price: 119239.9 | Long Target: 140000.0 | Long Pos Open: False
2025-08-12 20:57:45,979 - TradingThread - INFO - Price: 119240.0 | Long Target: 140000.0 | Long Pos Open: False
2025-08-12 20:57:46,079 - TradingThread - INFO - Price: 119240.0 | Long Target: 140000.0 | Long Pos Open: False
2025-08-12 20:57:46,180 - TradingThread - INFO - Price: 119239.9 | Long Target: 140000.0 | Long Pos Open: False
2025-08-12 20:57:46,279 - TradingThread - INFO - Price: 119240.0 | Long Target: 140000.0 | Long Pos Open: False
2025-08-12 20:57:46,378 - TradingThread - INFO - Price: 119240.0 | Long Target: 140000.0 | Long Pos Open: False
2025-08-12 20:57:46,479 - TradingThread - INFO - Price: 119240.0 | Long Target: 140000.0 | Long Pos Open: False
2025-08-12 20:57:46,579 - TradingThread - INFO - Price: 119240.0 | Long Target: 140000.0 | Long Pos Open: False
2025-08-12 20:57:46,679 - TradingThread - INFO - Price: 119240.3 | Long Target: 140000.0 | Long Pos Open: False
2025-08-12 20:57:46,778 - TradingThread - INFO - Price: 119240.3 | Long Target: 140000.0 | Long Pos Open: False
2025-08-12 20:57:46,878 - TradingThread - INFO - Price: 119240.3 | Long Target: 140000.0 | Long Pos Open: False
2025-08-12 20:57:46,979 - TradingThread - INFO - Price: 119244.2 | Long Target: 140000.0 | Long Pos Open: False
2025-08-12 20:57:47,078 - TradingThread - INFO - Price: 119244.2 | Long Target: 140000.0 | Long Pos Open: False
2025-08-12 20:57:47,179 - TradingThread - INFO - Price: 119244.2 | Long Target: 140000.0 | Long Pos Open: False
2025-08-12 20:57:47,380 - TradingThread - INFO - Price: 119244.2 | Long Target: 140000.0 | Long Pos Open: False
2025-08-12 20:57:47,478 - TradingThread - INFO - Price: 119244.2 | Long Target: 140000.0 | Long Pos Open: False
2025-08-12 20:57:47,578 - TradingThread - INFO - Price: 119244.2 | Long Target: 140000.0 | Long Pos Open: False
2025-08-12 20:57:47,678 - TradingThread - INFO - Price: 119244.2 | Long Target: 140000.0 | Long Pos Open: False
2025-08-12 20:57:47,779 - TradingThread - INFO - Price: 119244.2 | Long Target: 140000.0 | Long Pos Open: False
2025-08-12 20:57:47,879 - TradingThread - INFO - Price: 119244.2 | Long Target: 140000.0 | Long Pos Open: False
2025-08-12 20:57:48,579 - TradingThread - INFO - Price: 119244.1 | Long Target: 140000.0 | Long Pos Open: False
2025-08-12 20:57:48,679 - TradingThread - INFO - Price: 119244.1 | Long Target: 140000.0 | Long Pos Open: False
2025-08-12 20:57:48,778 - TradingThread - INFO - Price: 119244.1 | Long Target: 140000.0 | Long Pos Open: False
2025-08-12 20:57:48,879 - TradingThread - INFO - Price: 119244.1 | Long Target: 140000.0 | Long Pos Open: False
2025-08-12 20:57:49,079 - TradingThread - INFO - Price: 119244.1 | Long Target: 140000.0 | Long Pos Open: False
2025-08-12 20:57:49,179 - TradingThread - INFO - Price: 119244.2 | Long Target: 140000.0 | Long Pos Open: False
2025-08-12 20:57:49,279 - TradingThread - INFO - Price: 119244.2 | Long Target: 140000.0 | Long Pos Open: False
2025-08-12 20:57:49,379 - TradingThread - INFO - Price: 119244.2 | Long Target: 140000.0 | Long Pos Open: False
2025-08-12 20:57:49,679 - TradingThread - INFO - Price: 119244.2 | Long Target: 140000.0 | Long Pos Open: False
2025-08-12 20:57:49,779 - TradingThread - INFO - Price: 119244.2 | Long Target: 140000.0 | Long Pos Open: False
2025-08-12 20:57:49,879 - TradingThread - INFO - Price: 119244.2 | Long Target: 140000.0 | Long Pos Open: False
2025-08-12 20:57:49,979 - TradingThread - INFO - Price: 119244.1 | Long Target: 140000.0 | Long Pos Open: False
2025-08-12 20:57:50,079 - TradingThread - INFO - Price: 119244.1 | Long Target: 140000.0 | Long Pos Open: False
2025-08-12 20:57:50,179 - TradingThread - INFO - Price: 119244.1 | Long Target: 140000.0 | Long Pos Open: False
2025-08-12 20:57:50,379 - TradingThread - INFO - Price: 119244.1 | Long Target: 140000.0 | Long Pos Open: False
2025-08-12 20:57:50,479 - TradingThread - INFO - Price: 119244.2 | Long Target: 140000.0 | Long Pos Open: False
2025-08-12 20:57:50,578 - TradingThread - INFO - Price: 119244.2 | Long Target: 140000.0 | Long Pos Open: False
2025-08-12 20:57:50,679 - TradingThread - INFO - Price: 119244.2 | Long Target: 140000.0 | Long Pos Open: False
2025-08-12 20:57:50,878 - TradingThread - INFO - Price: 119244.2 | Long Target: 140000.0 | Long Pos Open: False
2025-08-12 20:57:51,079 - TradingThread - INFO - Price: 119244.2 | Long Target: 140000.0 | Long Pos Open: False
2025-08-12 20:57:51,179 - TradingThread - INFO - Price: 119244.2 | Long Target: 140000.0 | Long Pos Open: False
2025-08-12 20:57:51,378 - TradingThread - INFO - Price: 119244.2 | Long Target: 140000.0 | Long Pos Open: False
2025-08-12 20:57:51,478 - TradingThread - INFO - Price: 119244.2 | Long Target: 140000.0 | Long Pos Open: False
2025-08-12 20:57:51,579 - TradingThread - INFO - Price: 119244.2 | Long Target: 140000.0 | Long Pos Open: False
2025-08-12 20:57:51,678 - TradingThread - INFO - Price: 119244.1 | Long Target: 140000.0 | Long Pos Open: False
2025-08-12 20:57:51,780 - TradingThread - INFO - Price: 119244.1 | Long Target: 140000.0 | Long Pos Open: False
2025-08-12 20:57:51,878 - TradingThread - INFO - Price: 119244.2 | Long Target: 140000.0 | Long Pos Open: False
2025-08-12 20:57:51,979 - TradingThread - INFO - Price: 119244.2 | Long Target: 140000.0 | Long Pos Open: False
2025-08-12 20:57:52,079 - TradingThread - INFO - Price: 119244.2 | Long Target: 140000.0 | Long Pos Open: False
2025-08-12 20:57:52,179 - TradingThread - INFO - Price: 119244.1 | Long Target: 140000.0 | Long Pos Open: False
2025-08-12 20:57:52,279 - TradingThread - INFO - Price: 119244.1 | Long Target: 140000.0 | Long Pos Open: False
2025-08-12 20:57:52,379 - TradingThread - INFO - Price: 119244.1 | Long Target: 140000.0 | Long Pos Open: False
2025-08-12 20:57:52,679 - TradingThread - INFO - Price: 119244.1 | Long Target: 140000.0 | Long Pos Open: False
2025-08-12 20:57:52,879 - TradingThread - INFO - Price: 119244.1 | Long Target: 140000.0 | Long Pos Open: False
2025-08-12 20:57:52,979 - TradingThread - INFO - Price: 119244.2 | Long Target: 140000.0 | Long Pos Open: False
2025-08-12 20:57:53,079 - TradingThread - INFO - Price: 119244.1 | Long Target: 140000.0 | Long Pos Open: False
2025-08-12 20:57:53,179 - TradingThread - INFO - Price: 119244.1 | Long Target: 140000.0 | Long Pos Open: False
2025-08-12 20:57:53,279 - TradingThread - INFO - Price: 119244.1 | Long Target: 140000.0 | Long Pos Open: False
2025-08-12 20:57:53,378 - TradingThread - INFO - Price: 119244.1 | Long Target: 140000.0 | Long Pos Open: False
2025-08-12 20:57:53,479 - TradingThread - INFO - Price: 119244.1 | Long Target: 140000.0 | Long Pos Open: False
2025-08-12 20:57:53,578 - TradingThread - INFO - Price: 119244.1 | Long Target: 140000.0 | Long Pos Open: False
2025-08-12 20:57:53,678 - TradingThread - INFO - Price: 119244.1 | Long Target: 140000.0 | Long Pos Open: False
2025-08-12 20:57:53,778 - TradingThread - INFO - Price: 119244.1 | Long Target: 140000.0 | Long Pos Open: False
2025-08-12 20:57:53,878 - TradingThread - INFO - Price: 119244.2 | Long Target: 140000.0 | Long Pos Open: False
2025-08-12 20:57:53,978 - TradingThread - INFO - Price: 119244.2 | Long Target: 140000.0 | Long Pos Open: False
2025-08-12 20:57:54,178 - TradingThread - INFO - Price: 119244.2 | Long Target: 140000.0 | Long Pos Open: False
2025-08-12 20:57:54,279 - TradingThread - INFO - Price: 119244.1 | Long Target: 140000.0 | Long Pos Open: False
2025-08-12 20:57:54,379 - TradingThread - INFO - Price: 119244.1 | Long Target: 140000.0 | Long Pos Open: False
2025-08-12 20:57:54,578 - TradingThread - INFO - Price: 119244.1 | Long Target: 140000.0 | Long Pos Open: False
2025-08-12 20:57:54,678 - TradingThread - INFO - Price: 119244.2 | Long Target: 140000.0 | Long Pos Open: False
2025-08-12 20:57:54,778 - TradingThread - INFO - Price: 119244.2 | Long Target: 140000.0 | Long Pos Open: False
2025-08-12 20:57:54,878 - TradingThread - INFO - Price: 119244.2 | Long Target: 140000.0 | Long Pos Open: False
2025-08-12 20:57:54,978 - TradingThread - INFO - Price: 119244.2 | Long Target: 140000.0 | Long Pos Open: False
2025-08-12 20:57:55,078 - TradingThread - INFO - Price: 119244.2 | Long Target: 140000.0 | Long Pos Open: False
2025-08-12 20:57:55,178 - TradingThread - INFO - Price: 119244.2 | Long Target: 140000.0 | Long Pos Open: False
2025-08-12 20:57:55,280 - TradingThread - INFO - Price: 119244.2 | Long Target: 140000.0 | Long Pos Open: False
2025-08-12 20:57:55,379 - TradingThread - INFO - Price: 119244.2 | Long Target: 140000.0 | Long Pos Open: False
2025-08-12 20:57:55,479 - TradingThread - INFO - Price: 119244.2 | Long Target: 140000.0 | Long Pos Open: False
2025-08-12 20:57:55,578 - TradingThread - INFO - Price: 119244.2 | Long Target: 140000.0 | Long Pos Open: False
2025-08-12 20:57:55,678 - TradingThread - INFO - Price: 119244.2 | Long Target: 140000.0 | Long Pos Open: False
2025-08-12 20:57:55,978 - TradingThread - INFO - Price: 119244.2 | Long Target: 140000.0 | Long Pos Open: False
2025-08-12 20:57:56,080 - TradingThread - INFO - Price: 119251.7 | Long Target: 140000.0 | Long Pos Open: False
2025-08-12 20:57:56,178 - TradingThread - INFO - Price: 119251.7 | Long Target: 140000.0 | Long Pos Open: False
2025-08-12 20:57:56,278 - TradingThread - INFO - Price: 119251.7 | Long Target: 140000.0 | Long Pos Open: False
2025-08-12 20:57:56,378 - TradingThread - INFO - Price: 119251.7 | Long Target: 140000.0 | Long Pos Open: False
2025-08-12 20:57:56,481 - TradingThread - INFO - Price: 119265.6 | Long Target: 140000.0 | Long Pos Open: False
2025-08-12 20:57:56,578 - TradingThread - INFO - Price: 119265.6 | Long Target: 140000.0 | Long Pos Open: False
2025-08-12 20:57:56,678 - TradingThread - INFO - Price: 119265.6 | Long Target: 140000.0 | Long Pos Open: False
2025-08-12 20:57:56,778 - TradingThread - INFO - Price: 119265.6 | Long Target: 140000.0 | Long Pos Open: False
2025-08-12 20:57:56,879 - TradingThread - INFO - Price: 119265.6 | Long Target: 140000.0 | Long Pos Open: False
2025-08-12 20:57:57,079 - TradingThread - INFO - Price: 119265.6 | Long Target: 140000.0 | Long Pos Open: False
2025-08-12 20:57:57,178 - TradingThread - INFO - Price: 119265.6 | Long Target: 140000.0 | Long Pos Open: False
2025-08-12 20:57:57,279 - TradingThread - INFO - Price: 119265.6 | Long Target: 140000.0 | Long Pos Open: False
2025-08-12 20:57:57,378 - TradingThread - INFO - Price: 119265.5 | Long Target: 140000.0 | Long Pos Open: False
2025-08-12 20:57:57,478 - TradingThread - INFO - Price: 119265.5 | Long Target: 140000.0 | Long Pos Open: False
2025-08-12 20:57:57,580 - TradingThread - INFO - Price: 119265.5 | Long Target: 140000.0 | Long Pos Open: False
2025-08-12 20:57:57,678 - TradingThread - INFO - Price: 119265.5 | Long Target: 140000.0 | Long Pos Open: False
2025-08-12 20:57:57,779 - TradingThread - INFO - Price: 119265.5 | Long Target: 140000.0 | Long Pos Open: False
2025-08-12 20:57:57,882 - TradingThread - INFO - Price: 119265.5 | Long Target: 140000.0 | Long Pos Open: False
2025-08-12 20:57:57,979 - TradingThread - INFO - Price: 119265.5 | Long Target: 140000.0 | Long Pos Open: False
2025-08-12 20:57:58,078 - TradingThread - INFO - Price: 119265.5 | Long Target: 140000.0 | Long Pos Open: False
2025-08-12 20:57:58,278 - TradingThread - INFO - Price: 119265.5 | Long Target: 140000.0 | Long Pos Open: False
2025-08-12 20:57:58,378 - TradingThread - INFO - Price: 119265.5 | Long Target: 140000.0 | Long Pos Open: False
2025-08-12 20:57:58,478 - TradingThread - INFO - Price: 119265.6 | Long Target: 140000.0 | Long Pos Open: False
2025-08-12 20:57:58,578 - TradingThread - INFO - Price: 119265.6 | Long Target: 140000.0 | Long Pos Open: False
2025-08-12 20:57:58,678 - TradingThread - INFO - Price: 119265.6 | Long Target: 140000.0 | Long Pos Open: False
2025-08-12 20:57:58,779 - TradingThread - INFO - Price: 119265.6 | Long Target: 140000.0 | Long Pos Open: False
2025-08-12 20:57:58,978 - TradingThread - INFO - Price: 119265.6 | Long Target: 140000.0 | Long Pos Open: False
2025-08-12 20:57:59,078 - TradingThread - INFO - Price: 119265.6 | Long Target: 140000.0 | Long Pos Open: False
2025-08-12 20:57:59,178 - TradingThread - INFO - Price: 119265.6 | Long Target: 140000.0 | Long Pos Open: False
2025-08-12 20:57:59,278 - TradingThread - INFO - Price: 119265.6 | Long Target: 140000.0 | Long Pos Open: False
2025-08-12 20:57:59,378 - TradingThread - INFO - Price: 119265.6 | Long Target: 140000.0 | Long Pos Open: False
2025-08-12 20:57:59,478 - TradingThread - INFO - Price: 119265.6 | Long Target: 140000.0 | Long Pos Open: False
2025-08-12 20:57:59,578 - TradingThread - INFO - Price: 119265.6 | Long Target: 140000.0 | Long Pos Open: False
2025-08-12 20:57:59,678 - TradingThread - INFO - Price: 119265.5 | Long Target: 140000.0 | Long Pos Open: False
2025-08-12 20:57:59,778 - TradingThread - INFO - Price: 119265.5 | Long Target: 140000.0 | Long Pos Open: False
2025-08-12 20:57:59,878 - TradingThread - INFO - Price: 119265.5 | Long Target: 140000.0 | Long Pos Open: False
2025-08-12 20:58:00,078 - TradingThread - INFO - Price: 119265.5 | Long Target: 140000.0 | Long Pos Open: False
2025-08-12 20:58:00,178 - TradingThread - INFO - Price: 119265.6 | Long Target: 140000.0 | Long Pos Open: False
2025-08-12 20:58:00,280 - TradingThread - INFO - Price: 119265.6 | Long Target: 140000.0 | Long Pos Open: False
2025-08-12 20:58:00,477 - TradingThread - INFO - Price: 119265.6 | Long Target: 140000.0 | Long Pos Open: False
2025-08-12 20:58:00,578 - TradingThread - INFO - Price: 119265.5 | Long Target: 140000.0 | Long Pos Open: False
2025-08-12 20:58:00,678 - TradingThread - INFO - Price: 119265.5 | Long Target: 140000.0 | Long Pos Open: False
2025-08-12 20:58:00,778 - TradingThread - INFO - Price: 119265.5 | Long Target: 140000.0 | Long Pos Open: False
2025-08-12 20:58:00,878 - TradingThread - INFO - Price: 119265.5 | Long Target: 140000.0 | Long Pos Open: False
2025-08-12 20:58:00,978 - TradingThread - INFO - Price: 119265.5 | Long Target: 140000.0 | Long Pos Open: False
2025-08-12 20:58:01,078 - TradingThread - INFO - Price: 119265.5 | Long Target: 140000.0 | Long Pos Open: False
2025-08-12 20:58:01,178 - TradingThread - INFO - Price: 119265.5 | Long Target: 140000.0 | Long Pos Open: False
2025-08-12 20:58:01,278 - TradingThread - INFO - Price: 119265.5 | Long Target: 140000.0 | Long Pos Open: False
2025-08-12 20:58:01,378 - TradingThread - INFO - Price: 119265.5 | Long Target: 140000.0 | Long Pos Open: False
2025-08-12 20:58:01,478 - TradingThread - INFO - Price: 119265.5 | Long Target: 140000.0 | Long Pos Open: False
2025-08-12 20:58:01,577 - TradingThread - INFO - Price: 119265.6 | Long Target: 140000.0 | Long Pos Open: False
2025-08-12 20:58:01,678 - TradingThread - INFO - Price: 119265.6 | Long Target: 140000.0 | Long Pos Open: False
2025-08-12 20:58:01,778 - TradingThread - INFO - Price: 119265.6 | Long Target: 140000.0 | Long Pos Open: False
2025-08-12 20:58:01,877 - TradingThread - INFO - Price: 119265.6 | Long Target: 140000.0 | Long Pos Open: False
2025-08-12 20:58:01,978 - TradingThread - INFO - Price: 119265.6 | Long Target: 140000.0 | Long Pos Open: False
2025-08-12 20:58:02,178 - TradingThread - INFO - Price: 119265.6 | Long Target: 140000.0 | Long Pos Open: False
2025-08-12 20:58:02,477 - TradingThread - INFO - Price: 119265.6 | Long Target: 140000.0 | Long Pos Open: False
2025-08-12 20:58:02,578 - TradingThread - INFO - Price: 119265.6 | Long Target: 140000.0 | Long Pos Open: False
2025-08-12 20:58:02,678 - TradingThread - INFO - Price: 119265.6 | Long Target: 140000.0 | Long Pos Open: False
2025-08-12 20:58:02,777 - TradingThread - INFO - Price: 119265.6 | Long Target: 140000.0 | Long Pos Open: False
2025-08-12 20:58:02,978 - TradingThread - INFO - Price: 119265.6 | Long Target: 140000.0 | Long Pos Open: False
2025-08-12 20:58:03,078 - TradingThread - INFO - Price: 119269.8 | Long Target: 140000.0 | Long Pos Open: False
2025-08-12 20:58:03,178 - TradingThread - INFO - Price: 119269.8 | Long Target: 140000.0 | Long Pos Open: False
2025-08-12 20:58:03,280 - TradingThread - INFO - Price: 119269.8 | Long Target: 140000.0 | Long Pos Open: False
2025-08-12 20:58:03,378 - TradingThread - INFO - Price: 119269.8 | Long Target: 140000.0 | Long Pos Open: False
2025-08-12 20:58:03,478 - TradingThread - INFO - Price: 119269.8 | Long Target: 140000.0 | Long Pos Open: False
2025-08-12 20:58:03,577 - TradingThread - INFO - Price: 119269.8 | Long Target: 140000.0 | Long Pos Open: False
2025-08-12 20:58:03,678 - TradingThread - INFO - Price: 119269.8 | Long Target: 140000.0 | Long Pos Open: False
2025-08-12 20:58:03,778 - TradingThread - INFO - Price: 119269.8 | Long Target: 140000.0 | Long Pos Open: False
2025-08-12 20:58:03,878 - TradingThread - INFO - Price: 119269.8 | Long Target: 140000.0 | Long Pos Open: False
2025-08-12 20:58:03,977 - TradingThread - INFO - Price: 119269.8 | Long Target: 140000.0 | Long Pos Open: False
2025-08-12 20:58:04,078 - TradingThread - INFO - Price: 119269.9 | Long Target: 140000.0 | Long Pos Open: False
2025-08-12 20:58:04,177 - TradingThread - INFO - Price: 119269.8 | Long Target: 140000.0 | Long Pos Open: False
2025-08-12 20:58:04,277 - TradingThread - INFO - Price: 119269.8 | Long Target: 140000.0 | Long Pos Open: False
2025-08-12 20:58:04,378 - TradingThread - INFO - Price: 119269.8 | Long Target: 140000.0 | Long Pos Open: False
2025-08-12 20:58:04,478 - TradingThread - INFO - Price: 119269.8 | Long Target: 140000.0 | Long Pos Open: False
2025-08-12 20:58:04,578 - TradingThread - INFO - Price: 119269.8 | Long Target: 140000.0 | Long Pos Open: False
2025-08-12 20:58:04,677 - TradingThread - INFO - Price: 119269.8 | Long Target: 140000.0 | Long Pos Open: False
2025-08-12 20:58:04,881 - TradingThread - INFO - Price: 119269.8 | Long Target: 140000.0 | Long Pos Open: False
2025-08-12 20:58:04,977 - TradingThread - INFO - Price: 119269.8 | Long Target: 140000.0 | Long Pos Open: False
2025-08-12 20:58:05,078 - TradingThread - INFO - Price: 119269.8 | Long Target: 140000.0 | Long Pos Open: False
2025-08-12 20:58:05,179 - TradingThread - INFO - Price: 119269.9 | Long Target: 140000.0 | Long Pos Open: False
2025-08-12 20:58:05,277 - TradingThread - INFO - Price: 119269.8 | Long Target: 140000.0 | Long Pos Open: False
2025-08-12 20:58:05,377 - TradingThread - INFO - Price: 119269.8 | Long Target: 140000.0 | Long Pos Open: False
2025-08-12 20:58:05,477 - TradingThread - INFO - Price: 119269.9 | Long Target: 140000.0 | Long Pos Open: False
2025-08-12 20:58:05,579 - TradingThread - INFO - Price: 119269.9 | Long Target: 140000.0 | Long Pos Open: False
2025-08-12 20:58:05,878 - TradingThread - INFO - Price: 119269.9 | Long Target: 140000.0 | Long Pos Open: False
2025-08-12 20:58:05,978 - TradingThread - INFO - Price: 119269.9 | Long Target: 140000.0 | Long Pos Open: False
2025-08-12 20:58:06,078 - TradingThread - INFO - Price: 119269.9 | Long Target: 140000.0 | Long Pos Open: False
2025-08-12 20:58:06,177 - TradingThread - INFO - Price: 119269.9 | Long Target: 140000.0 | Long Pos Open: False
2025-08-12 20:58:06,277 - TradingThread - INFO - Price: 119269.9 | Long Target: 140000.0 | Long Pos Open: False
2025-08-12 20:58:06,378 - TradingThread - INFO - Price: 119269.9 | Long Target: 140000.0 | Long Pos Open: False
2025-08-12 20:58:06,678 - TradingThread - INFO - Price: 119269.8 | Long Target: 140000.0 | Long Pos Open: False
2025-08-12 20:58:06,778 - TradingThread - INFO - Price: 119269.8 | Long Target: 140000.0 | Long Pos Open: False
2025-08-12 20:58:06,878 - TradingThread - INFO - Price: 119269.8 | Long Target: 140000.0 | Long Pos Open: False
2025-08-12 20:58:06,978 - TradingThread - INFO - Price: 119269.8 | Long Target: 140000.0 | Long Pos Open: False
2025-08-12 20:58:07,078 - TradingThread - INFO - Price: 119269.8 | Long Target: 140000.0 | Long Pos Open: False
2025-08-12 20:58:07,178 - TradingThread - INFO - Price: 119269.8 | Long Target: 140000.0 | Long Pos Open: False
2025-08-12 20:58:07,277 - TradingThread - INFO - Price: 119269.8 | Long Target: 140000.0 | Long Pos Open: False
2025-08-12 20:58:07,377 - TradingThread - INFO - Price: 119269.8 | Long Target: 140000.0 | Long Pos Open: False
2025-08-12 20:58:07,478 - TradingThread - INFO - Price: 119269.9 | Long Target: 140000.0 | Long Pos Open: False
2025-08-12 20:58:07,577 - TradingThread - INFO - Price: 119269.9 | Long Target: 140000.0 | Long Pos Open: False
2025-08-12 20:58:07,677 - TradingThread - INFO - Price: 119269.9 | Long Target: 140000.0 | Long Pos Open: False
2025-08-12 20:58:07,777 - TradingThread - INFO - Price: 119269.9 | Long Target: 140000.0 | Long Pos Open: False
2025-08-12 20:58:07,877 - TradingThread - INFO - Price: 119269.9 | Long Target: 140000.0 | Long Pos Open: False
2025-08-12 20:58:07,978 - TradingThread - INFO - Price: 119269.9 | Long Target: 140000.0 | Long Pos Open: False
2025-08-12 20:58:08,177 - TradingThread - INFO - Price: 119269.9 | Long Target: 140000.0 | Long Pos Open: False
2025-08-12 20:58:08,277 - TradingThread - INFO - Price: 119269.9 | Long Target: 140000.0 | Long Pos Open: False
2025-08-12 20:58:08,377 - TradingThread - INFO - Price: 119269.9 | Long Target: 140000.0 | Long Pos Open: False
2025-08-12 20:58:08,479 - TradingThread - INFO - Price: 119269.9 | Long Target: 140000.0 | Long Pos Open: False
2025-08-12 20:58:08,577 - TradingThread - INFO - Price: 119269.9 | Long Target: 140000.0 | Long Pos Open: False
2025-08-12 20:58:08,677 - TradingThread - INFO - Price: 119269.9 | Long Target: 140000.0 | Long Pos Open: False
2025-08-12 20:58:08,778 - TradingThread - INFO - Price: 119269.9 | Long Target: 140000.0 | Long Pos Open: False
2025-08-12 20:58:08,878 - TradingThread - INFO - Price: 119269.9 | Long Target: 140000.0 | Long Pos Open: False
2025-08-12 20:58:08,979 - TradingThread - INFO - Price: 119269.8 | Long Target: 140000.0 | Long Pos Open: False
2025-08-12 20:58:09,077 - TradingThread - INFO - Price: 119260.8 | Long Target: 140000.0 | Long Pos Open: False
2025-08-12 20:58:09,178 - TradingThread - INFO - Price: 119260.0 | Long Target: 140000.0 | Long Pos Open: False
2025-08-12 20:58:09,278 - TradingThread - INFO - Price: 119255.1 | Long Target: 140000.0 | Long Pos Open: False
2025-08-12 20:58:09,381 - TradingThread - INFO - Price: 119255.1 | Long Target: 140000.0 | Long Pos Open: False
2025-08-12 20:58:09,477 - TradingThread - INFO - Price: 119255.1 | Long Target: 140000.0 | Long Pos Open: False
2025-08-12 20:58:09,577 - TradingThread - INFO - Price: 119255.1 | Long Target: 140000.0 | Long Pos Open: False
2025-08-12 20:58:09,677 - TradingThread - INFO - Price: 119255.1 | Long Target: 140000.0 | Long Pos Open: False
2025-08-12 20:58:09,777 - TradingThread - INFO - Price: 119255.1 | Long Target: 140000.0 | Long Pos Open: False
2025-08-12 20:58:09,877 - TradingThread - INFO - Price: 119255.1 | Long Target: 140000.0 | Long Pos Open: False
2025-08-12 20:58:09,977 - TradingThread - INFO - Price: 119255.0 | Long Target: 140000.0 | Long Pos Open: False
2025-08-12 20:58:10,077 - TradingThread - INFO - Price: 119255.0 | Long Target: 140000.0 | Long Pos Open: False
2025-08-12 20:58:10,279 - TradingThread - INFO - Price: 119244.7 | Long Target: 140000.0 | Long Pos Open: False
2025-08-12 20:58:10,377 - TradingThread - INFO - Price: 119244.2 | Long Target: 140000.0 | Long Pos Open: False
2025-08-12 20:58:10,478 - TradingThread - INFO - Price: 119243.8 | Long Target: 140000.0 | Long Pos Open: False
2025-08-12 20:58:10,577 - TradingThread - INFO - Price: 119243.8 | Long Target: 140000.0 | Long Pos Open: False
2025-08-12 20:58:10,679 - TradingThread - INFO - Price: 119240.0 | Long Target: 140000.0 | Long Pos Open: False
2025-08-12 20:58:10,777 - TradingThread - INFO - Price: 119240.0 | Long Target: 140000.0 | Long Pos Open: False
2025-08-12 20:58:10,979 - TradingThread - INFO - Price: 119240.0 | Long Target: 140000.0 | Long Pos Open: False
2025-08-12 20:58:11,077 - TradingThread - INFO - Price: 119240.0 | Long Target: 140000.0 | Long Pos Open: False
2025-08-12 20:58:11,177 - TradingThread - INFO - Price: 119240.0 | Long Target: 140000.0 | Long Pos Open: False
2025-08-12 20:58:11,277 - TradingThread - INFO - Price: 119240.0 | Long Target: 140000.0 | Long Pos Open: False
2025-08-12 20:58:11,377 - TradingThread - INFO - Price: 119240.0 | Long Target: 140000.0 | Long Pos Open: False
2025-08-12 20:58:11,477 - TradingThread - INFO - Price: 119239.8 | Long Target: 140000.0 | Long Pos Open: False
2025-08-12 20:58:11,577 - TradingThread - INFO - Price: 119239.8 | Long Target: 140000.0 | Long Pos Open: False
2025-08-12 20:58:11,677 - TradingThread - INFO - Price: 119239.8 | Long Target: 140000.0 | Long Pos Open: False
2025-08-12 20:58:11,778 - TradingThread - INFO - Price: 119239.8 | Long Target: 140000.0 | Long Pos Open: False
2025-08-12 20:58:11,877 - TradingThread - INFO - Price: 119235.6 | Long Target: 140000.0 | Long Pos Open: False
2025-08-12 20:58:11,977 - TradingThread - INFO - Price: 119235.6 | Long Target: 140000.0 | Long Pos Open: False
2025-08-12 20:58:12,077 - TradingThread - INFO - Price: 119235.6 | Long Target: 140000.0 | Long Pos Open: False
2025-08-12 20:58:12,179 - TradingThread - INFO - Price: 119235.6 | Long Target: 140000.0 | Long Pos Open: False
2025-08-12 20:58:12,278 - TradingThread - INFO - Price: 119235.6 | Long Target: 140000.0 | Long Pos Open: False
2025-08-12 20:58:12,377 - TradingThread - INFO - Price: 119235.6 | Long Target: 140000.0 | Long Pos Open: False
2025-08-12 20:58:12,478 - TradingThread - INFO - Price: 119235.6 | Long Target: 140000.0 | Long Pos Open: False
2025-08-12 20:58:12,577 - TradingThread - INFO - Price: 119235.6 | Long Target: 140000.0 | Long Pos Open: False
2025-08-12 20:58:12,677 - TradingThread - INFO - Price: 119235.6 | Long Target: 140000.0 | Long Pos Open: False
2025-08-12 20:58:12,777 - TradingThread - INFO - Price: 119235.6 | Long Target: 140000.0 | Long Pos Open: False
2025-08-12 20:58:12,877 - TradingThread - INFO - Price: 119235.6 | Long Target: 140000.0 | Long Pos Open: False
2025-08-12 20:58:12,978 - TradingThread - INFO - Price: 119235.7 | Long Target: 140000.0 | Long Pos Open: False
2025-08-12 20:58:13,080 - TradingThread - INFO - Price: 119235.7 | Long Target: 140000.0 | Long Pos Open: False
2025-08-12 20:58:13,178 - TradingThread - INFO - Price: 119235.7 | Long Target: 140000.0 | Long Pos Open: False
2025-08-12 20:58:13,277 - TradingThread - INFO - Price: 119235.7 | Long Target: 140000.0 | Long Pos Open: False
2025-08-12 20:58:13,377 - TradingThread - INFO - Price: 119235.7 | Long Target: 140000.0 | Long Pos Open: False
2025-08-12 20:58:13,478 - TradingThread - INFO - Price: 119235.7 | Long Target: 140000.0 | Long Pos Open: False
2025-08-12 20:58:13,577 - TradingThread - INFO - Price: 119235.6 | Long Target: 140000.0 | Long Pos Open: False
2025-08-12 20:58:13,677 - TradingThread - INFO - Price: 119235.7 | Long Target: 140000.0 | Long Pos Open: False
2025-08-12 20:58:13,777 - TradingThread - INFO - Price: 119240.0 | Long Target: 140000.0 | Long Pos Open: False
2025-08-12 20:58:13,877 - TradingThread - INFO - Price: 119240.0 | Long Target: 140000.0 | Long Pos Open: False
2025-08-12 20:58:13,977 - TradingThread - INFO - Price: 119240.0 | Long Target: 140000.0 | Long Pos Open: False
2025-08-12 20:58:14,077 - TradingThread - INFO - Price: 119240.0 | Long Target: 140000.0 | Long Pos Open: False
2025-08-12 20:58:14,278 - TradingThread - INFO - Price: 119240.0 | Long Target: 140000.0 | Long Pos Open: False
2025-08-12 20:58:14,577 - TradingThread - INFO - Price: 119240.1 | Long Target: 140000.0 | Long Pos Open: False
2025-08-12 20:58:14,677 - TradingThread - INFO - Price: 119240.0 | Long Target: 140000.0 | Long Pos Open: False
2025-08-12 20:58:14,778 - TradingThread - INFO - Price: 119240.0 | Long Target: 140000.0 | Long Pos Open: False
2025-08-12 20:58:14,877 - TradingThread - INFO - Price: 119240.0 | Long Target: 140000.0 | Long Pos Open: False
2025-08-12 20:58:15,077 - TradingThread - INFO - Price: 119240.1 | Long Target: 140000.0 | Long Pos Open: False
2025-08-12 20:58:15,177 - TradingThread - INFO - Price: 119240.1 | Long Target: 140000.0 | Long Pos Open: False
2025-08-12 20:58:15,277 - TradingThread - INFO - Price: 119240.1 | Long Target: 140000.0 | Long Pos Open: False
2025-08-12 20:58:15,477 - TradingThread - INFO - Price: 119240.0 | Long Target: 140000.0 | Long Pos Open: False
2025-08-12 20:58:15,578 - TradingThread - INFO - Price: 119240.0 | Long Target: 140000.0 | Long Pos Open: False
2025-08-12 20:58:15,777 - TradingThread - INFO - Price: 119240.0 | Long Target: 140000.0 | Long Pos Open: False
2025-08-12 20:58:15,877 - TradingThread - INFO - Price: 119240.0 | Long Target: 140000.0 | Long Pos Open: False
2025-08-12 20:58:15,977 - TradingThread - INFO - Price: 119240.0 | Long Target: 140000.0 | Long Pos Open: False
2025-08-12 20:58:16,078 - TradingThread - INFO - Price: 119240.0 | Long Target: 140000.0 | Long Pos Open: False
2025-08-12 20:58:16,177 - TradingThread - INFO - Price: 119240.0 | Long Target: 140000.0 | Long Pos Open: False
2025-08-12 20:58:16,277 - TradingThread - INFO - Price: 119240.0 | Long Target: 140000.0 | Long Pos Open: False
2025-08-12 20:58:16,378 - TradingThread - INFO - Price: 119240.0 | Long Target: 140000.0 | Long Pos Open: False
2025-08-12 20:58:16,478 - TradingThread - INFO - Price: 119240.0 | Long Target: 140000.0 | Long Pos Open: False
2025-08-12 20:58:16,677 - TradingThread - INFO - Price: 119240.0 | Long Target: 140000.0 | Long Pos Open: False
2025-08-12 20:58:17,177 - TradingThread - INFO - Price: 119240.0 | Long Target: 140000.0 | Long Pos Open: False
2025-08-12 20:58:17,277 - TradingThread - INFO - Price: 119240.0 | Long Target: 140000.0 | Long Pos Open: False
2025-08-12 20:58:17,377 - TradingThread - INFO - Price: 119240.0 | Long Target: 140000.0 | Long Pos Open: False
2025-08-12 20:58:17,477 - TradingThread - INFO - Price: 119240.0 | Long Target: 140000.0 | Long Pos Open: False
2025-08-12 20:58:17,577 - TradingThread - INFO - Price: 119240.0 | Long Target: 140000.0 | Long Pos Open: False
2025-08-12 20:58:17,677 - TradingThread - INFO - Price: 119240.1 | Long Target: 140000.0 | Long Pos Open: False
2025-08-12 20:58:17,777 - TradingThread - INFO - Price: 119240.1 | Long Target: 140000.0 | Long Pos Open: False
2025-08-12 20:58:17,877 - TradingThread - INFO - Price: 119240.1 | Long Target: 140000.0 | Long Pos Open: False
2025-08-12 20:58:17,977 - TradingThread - INFO - Price: 119240.1 | Long Target: 140000.0 | Long Pos Open: False
2025-08-12 20:58:18,077 - TradingThread - INFO - Price: 119240.1 | Long Target: 140000.0 | Long Pos Open: False
2025-08-12 20:58:18,177 - TradingThread - INFO - Price: 119240.1 | Long Target: 140000.0 | Long Pos Open: False
2025-08-12 20:58:18,277 - TradingThread - INFO - Price: 119240.1 | Long Target: 140000.0 | Long Pos Open: False
2025-08-12 20:58:18,477 - TradingThread - INFO - Price: 119240.1 | Long Target: 140000.0 | Long Pos Open: False
2025-08-12 20:58:18,678 - TradingThread - INFO - Price: 119240.1 | Long Target: 140000.0 | Long Pos Open: False
2025-08-12 20:58:18,778 - TradingThread - INFO - Price: 119240.1 | Long Target: 140000.0 | Long Pos Open: False
2025-08-12 20:58:18,877 - TradingThread - INFO - Price: 119240.1 | Long Target: 140000.0 | Long Pos Open: False
2025-08-12 20:58:19,077 - TradingThread - INFO - Price: 119240.1 | Long Target: 140000.0 | Long Pos Open: False
2025-08-12 20:58:19,277 - TradingThread - INFO - Price: 119240.0 | Long Target: 140000.0 | Long Pos Open: False
2025-08-12 20:58:19,376 - TradingThread - INFO - Price: 119240.0 | Long Target: 140000.0 | Long Pos Open: False
2025-08-12 20:58:19,477 - TradingThread - INFO - Price: 119240.0 | Long Target: 140000.0 | Long Pos Open: False
2025-08-12 20:58:19,577 - TradingThread - INFO - Price: 119240.0 | Long Target: 140000.0 | Long Pos Open: False
2025-08-12 20:58:19,677 - TradingThread - INFO - Price: 119240.0 | Long Target: 140000.0 | Long Pos Open: False
2025-08-12 20:58:19,977 - TradingThread - INFO - Price: 119240.0 | Long Target: 140000.0 | Long Pos Open: False
2025-08-12 20:58:20,178 - TradingThread - INFO - Price: 119240.0 | Long Target: 140000.0 | Long Pos Open: False
2025-08-12 20:58:20,478 - TradingThread - INFO - Price: 119240.1 | Long Target: 140000.0 | Long Pos Open: False
2025-08-12 20:58:20,578 - TradingThread - INFO - Price: 119240.1 | Long Target: 140000.0 | Long Pos Open: False
2025-08-12 20:58:20,678 - TradingThread - INFO - Price: 119240.1 | Long Target: 140000.0 | Long Pos Open: False
2025-08-12 20:58:20,777 - TradingThread - INFO - Price: 119240.1 | Long Target: 140000.0 | Long Pos Open: False
2025-08-12 20:58:20,877 - TradingThread - INFO - Price: 119240.1 | Long Target: 140000.0 | Long Pos Open: False
2025-08-12 20:58:20,977 - TradingThread - INFO - Price: 119240.1 | Long Target: 140000.0 | Long Pos Open: False
2025-08-12 20:58:21,177 - TradingThread - INFO - Price: 119240.1 | Long Target: 140000.0 | Long Pos Open: False
2025-08-12 20:58:21,383 - TradingThread - INFO - Price: 119240.1 | Long Target: 140000.0 | Long Pos Open: False
2025-08-12 20:58:21,478 - TradingThread - INFO - Price: 119240.1 | Long Target: 140000.0 | Long Pos Open: False
2025-08-12 20:58:21,577 - TradingThread - INFO - Price: 119240.1 | Long Target: 140000.0 | Long Pos Open: False
2025-08-12 20:58:21,677 - TradingThread - INFO - Price: 119240.1 | Long Target: 140000.0 | Long Pos Open: False
2025-08-12 20:58:21,777 - TradingThread - INFO - Price: 119240.1 | Long Target: 140000.0 | Long Pos Open: False
2025-08-12 20:58:21,877 - TradingThread - INFO - Price: 119241.8 | Long Target: 140000.0 | Long Pos Open: False
2025-08-12 20:58:21,988 - TradingThread - INFO - Price: 119255.4 | Long Target: 140000.0 | Long Pos Open: False
2025-08-12 20:58:22,077 - TradingThread - INFO - Price: 119257.8 | Long Target: 140000.0 | Long Pos Open: False
2025-08-12 20:58:22,177 - TradingThread - INFO - Price: 119257.7 | Long Target: 140000.0 | Long Pos Open: False
2025-08-12 20:58:22,277 - TradingThread - INFO - Price: 119257.7 | Long Target: 140000.0 | Long Pos Open: False
2025-08-12 20:58:22,376 - TradingThread - INFO - Price: 119257.7 | Long Target: 140000.0 | Long Pos Open: False
2025-08-12 20:58:22,477 - TradingThread - INFO - Price: 119257.7 | Long Target: 140000.0 | Long Pos Open: False
2025-08-12 20:58:22,577 - TradingThread - INFO - Price: 119257.8 | Long Target: 140000.0 | Long Pos Open: False
2025-08-12 20:58:22,678 - TradingThread - INFO - Price: 119261.8 | Long Target: 140000.0 | Long Pos Open: False
2025-08-12 20:58:22,777 - TradingThread - INFO - Price: 119262.7 | Long Target: 140000.0 | Long Pos Open: False
2025-08-12 20:58:22,877 - TradingThread - INFO - Price: 119262.8 | Long Target: 140000.0 | Long Pos Open: False
2025-08-12 20:58:22,979 - TradingThread - INFO - Price: 119262.8 | Long Target: 140000.0 | Long Pos Open: False
2025-08-12 20:58:23,077 - TradingThread - INFO - Price: 119262.8 | Long Target: 140000.0 | Long Pos Open: False
2025-08-12 20:58:23,177 - TradingThread - INFO - Price: 119262.7 | Long Target: 140000.0 | Long Pos Open: False
2025-08-12 20:58:23,277 - TradingThread - INFO - Price: 119262.7 | Long Target: 140000.0 | Long Pos Open: False
2025-08-12 20:58:23,477 - TradingThread - INFO - Price: 119262.7 | Long Target: 140000.0 | Long Pos Open: False
2025-08-12 20:58:23,576 - TradingThread - INFO - Price: 119262.7 | Long Target: 140000.0 | Long Pos Open: False
2025-08-12 20:58:23,878 - TradingThread - INFO - Price: 119262.7 | Long Target: 140000.0 | Long Pos Open: False
2025-08-12 20:58:23,977 - TradingThread - INFO - Price: 119262.7 | Long Target: 140000.0 | Long Pos Open: False
2025-08-12 20:58:24,076 - TradingThread - INFO - Price: 119262.7 | Long Target: 140000.0 | Long Pos Open: False
2025-08-12 20:58:24,177 - TradingThread - INFO - Price: 119262.7 | Long Target: 140000.0 | Long Pos Open: False
2025-08-12 20:58:24,276 - TradingThread - INFO - Price: 119262.7 | Long Target: 140000.0 | Long Pos Open: False
2025-08-12 20:58:24,376 - TradingThread - INFO - Price: 119262.7 | Long Target: 140000.0 | Long Pos Open: False
2025-08-12 20:58:24,477 - TradingThread - INFO - Price: 119262.7 | Long Target: 140000.0 | Long Pos Open: False
2025-08-12 20:58:24,576 - TradingThread - INFO - Price: 119262.7 | Long Target: 140000.0 | Long Pos Open: False
2025-08-12 20:58:24,677 - TradingThread - INFO - Price: 119262.7 | Long Target: 140000.0 | Long Pos Open: False
2025-08-12 20:58:24,776 - TradingThread - INFO - Price: 119262.7 | Long Target: 140000.0 | Long Pos Open: False
2025-08-12 20:58:24,976 - TradingThread - INFO - Price: 119262.8 | Long Target: 140000.0 | Long Pos Open: False
2025-08-12 20:58:25,077 - TradingThread - INFO - Price: 119262.8 | Long Target: 140000.0 | Long Pos Open: False
2025-08-12 20:58:25,176 - TradingThread - INFO - Price: 119262.7 | Long Target: 140000.0 | Long Pos Open: False
2025-08-12 20:58:25,277 - TradingThread - INFO - Price: 119262.7 | Long Target: 140000.0 | Long Pos Open: False
2025-08-12 20:58:25,376 - TradingThread - INFO - Price: 119248.0 | Long Target: 140000.0 | Long Pos Open: False
2025-08-12 20:58:25,476 - TradingThread - INFO - Price: 119248.0 | Long Target: 140000.0 | Long Pos Open: False
2025-08-12 20:58:25,577 - TradingThread - INFO - Price: 119248.0 | Long Target: 140000.0 | Long Pos Open: False
2025-08-12 20:58:25,676 - TradingThread - INFO - Price: 119248.0 | Long Target: 140000.0 | Long Pos Open: False
2025-08-12 20:58:25,776 - TradingThread - INFO - Price: 119246.0 | Long Target: 140000.0 | Long Pos Open: False
2025-08-12 20:58:25,876 - TradingThread - INFO - Price: 119246.0 | Long Target: 140000.0 | Long Pos Open: False
2025-08-12 20:58:25,977 - TradingThread - INFO - Price: 119246.0 | Long Target: 140000.0 | Long Pos Open: False
2025-08-12 20:58:26,077 - TradingThread - INFO - Price: 119246.0 | Long Target: 140000.0 | Long Pos Open: False
2025-08-12 20:58:26,177 - TradingThread - INFO - Price: 119246.0 | Long Target: 140000.0 | Long Pos Open: False
2025-08-12 20:58:26,277 - TradingThread - INFO - Price: 119246.0 | Long Target: 140000.0 | Long Pos Open: False
2025-08-12 20:58:26,377 - TradingThread - INFO - Price: 119246.0 | Long Target: 140000.0 | Long Pos Open: False
2025-08-12 20:58:26,477 - TradingThread - INFO - Price: 119246.0 | Long Target: 140000.0 | Long Pos Open: False
2025-08-12 20:58:26,578 - TradingThread - INFO - Price: 119246.0 | Long Target: 140000.0 | Long Pos Open: False
2025-08-12 20:58:26,677 - TradingThread - INFO - Price: 119246.0 | Long Target: 140000.0 | Long Pos Open: False
2025-08-12 20:58:26,776 - TradingThread - INFO - Price: 119245.9 | Long Target: 140000.0 | Long Pos Open: False
2025-08-12 20:58:26,877 - TradingThread - INFO - Price: 119245.9 | Long Target: 140000.0 | Long Pos Open: False
2025-08-12 20:58:26,976 - TradingThread - INFO - Price: 119245.9 | Long Target: 140000.0 | Long Pos Open: False
2025-08-12 20:58:27,077 - TradingThread - INFO - Price: 119246.0 | Long Target: 140000.0 | Long Pos Open: False
2025-08-12 20:58:27,176 - TradingThread - INFO - Price: 119246.0 | Long Target: 140000.0 | Long Pos Open: False
2025-08-12 20:58:27,276 - TradingThread - INFO - Price: 119246.0 | Long Target: 140000.0 | Long Pos Open: False
2025-08-12 20:58:27,377 - TradingThread - INFO - Price: 119246.0 | Long Target: 140000.0 | Long Pos Open: False
2025-08-12 20:58:27,476 - TradingThread - INFO - Price: 119246.0 | Long Target: 140000.0 | Long Pos Open: False
2025-08-12 20:58:27,677 - TradingThread - INFO - Price: 119246.0 | Long Target: 140000.0 | Long Pos Open: False
2025-08-12 20:58:27,776 - TradingThread - INFO - Price: 119245.9 | Long Target: 140000.0 | Long Pos Open: False
2025-08-12 20:58:27,876 - TradingThread - INFO - Price: 119245.9 | Long Target: 140000.0 | Long Pos Open: False
2025-08-12 20:58:27,976 - TradingThread - INFO - Price: 119246.0 | Long Target: 140000.0 | Long Pos Open: False
2025-08-12 20:58:28,082 - TradingThread - INFO - Price: 119246.0 | Long Target: 140000.0 | Long Pos Open: False
2025-08-12 20:58:28,177 - TradingThread - INFO - Price: 119246.0 | Long Target: 140000.0 | Long Pos Open: False
2025-08-12 20:58:28,277 - TradingThread - INFO - Price: 119246.0 | Long Target: 140000.0 | Long Pos Open: False
2025-08-12 20:58:28,376 - TradingThread - INFO - Price: 119246.0 | Long Target: 140000.0 | Long Pos Open: False
2025-08-12 20:58:28,477 - TradingThread - INFO - Price: 119245.9 | Long Target: 140000.0 | Long Pos Open: False
2025-08-12 20:58:28,577 - TradingThread - INFO - Price: 119254.9 | Long Target: 140000.0 | Long Pos Open: False
2025-08-12 20:58:28,677 - TradingThread - INFO - Price: 119254.9 | Long Target: 140000.0 | Long Pos Open: False
2025-08-12 20:58:28,777 - TradingThread - INFO - Price: 119254.9 | Long Target: 140000.0 | Long Pos Open: False
2025-08-12 20:58:28,877 - TradingThread - INFO - Price: 119254.9 | Long Target: 140000.0 | Long Pos Open: False
2025-08-12 20:58:28,976 - TradingThread - INFO - Price: 119254.9 | Long Target: 140000.0 | Long Pos Open: False
2025-08-12 20:58:29,076 - TradingThread - INFO - Price: 119254.9 | Long Target: 140000.0 | Long Pos Open: False
2025-08-12 20:58:29,176 - TradingThread - INFO - Price: 119254.9 | Long Target: 140000.0 | Long Pos Open: False
2025-08-12 20:58:29,277 - TradingThread - INFO - Price: 119254.9 | Long Target: 140000.0 | Long Pos Open: False
2025-08-12 20:58:29,377 - TradingThread - INFO - Price: 119254.9 | Long Target: 140000.0 | Long Pos Open: False
2025-08-12 20:58:29,477 - TradingThread - INFO - Price: 119254.9 | Long Target: 140000.0 | Long Pos Open: False
2025-08-12 20:58:29,588 - TradingThread - INFO - Price: 119254.9 | Long Target: 140000.0 | Long Pos Open: False
2025-08-12 20:58:29,676 - TradingThread - INFO - Price: 119254.9 | Long Target: 140000.0 | Long Pos Open: False
2025-08-12 20:58:29,776 - TradingThread - INFO - Price: 119254.9 | Long Target: 140000.0 | Long Pos Open: False
2025-08-12 20:58:29,876 - TradingThread - INFO - Price: 119254.9 | Long Target: 140000.0 | Long Pos Open: False
2025-08-12 20:58:29,979 - TradingThread - INFO - Price: 119254.9 | Long Target: 140000.0 | Long Pos Open: False
2025-08-12 20:58:30,076 - TradingThread - INFO - Price: 119254.9 | Long Target: 140000.0 | Long Pos Open: False
2025-08-12 20:58:30,178 - TradingThread - INFO - Price: 119254.9 | Long Target: 140000.0 | Long Pos Open: False
2025-08-12 20:58:30,277 - TradingThread - INFO - Price: 119254.9 | Long Target: 140000.0 | Long Pos Open: False
2025-08-12 20:58:30,376 - TradingThread - INFO - Price: 119254.9 | Long Target: 140000.0 | Long Pos Open: False
2025-08-12 20:58:30,478 - TradingThread - INFO - Price: 119254.9 | Long Target: 140000.0 | Long Pos Open: False
2025-08-12 20:58:30,576 - TradingThread - INFO - Price: 119254.9 | Long Target: 140000.0 | Long Pos Open: False
2025-08-12 20:58:30,677 - TradingThread - INFO - Price: 119254.9 | Long Target: 140000.0 | Long Pos Open: False
2025-08-12 20:58:30,778 - TradingThread - INFO - Price: 119254.9 | Long Target: 140000.0 | Long Pos Open: False
2025-08-12 20:58:30,876 - TradingThread - INFO - Price: 119254.9 | Long Target: 140000.0 | Long Pos Open: False
2025-08-12 20:58:31,076 - TradingThread - INFO - Price: 119254.9 | Long Target: 140000.0 | Long Pos Open: False
2025-08-12 20:58:31,276 - TradingThread - INFO - Price: 119254.9 | Long Target: 140000.0 | Long Pos Open: False
2025-08-12 20:58:31,476 - TradingThread - INFO - Price: 119254.9 | Long Target: 140000.0 | Long Pos Open: False
2025-08-12 20:58:31,676 - TradingThread - INFO - Price: 119254.9 | Long Target: 140000.0 | Long Pos Open: False
2025-08-12 20:58:31,776 - TradingThread - INFO - Price: 119254.9 | Long Target: 140000.0 | Long Pos Open: False
2025-08-12 20:58:31,976 - TradingThread - INFO - Price: 119254.9 | Long Target: 140000.0 | Long Pos Open: False
2025-08-12 20:58:32,077 - TradingThread - INFO - Price: 119254.9 | Long Target: 140000.0 | Long Pos Open: False
2025-08-12 20:58:32,176 - TradingThread - INFO - Price: 119255.0 | Long Target: 140000.0 | Long Pos Open: False
2025-08-12 20:58:32,276 - TradingThread - INFO - Price: 119255.0 | Long Target: 140000.0 | Long Pos Open: False
2025-08-12 20:58:32,377 - TradingThread - INFO - Price: 119255.0 | Long Target: 140000.0 | Long Pos Open: False
2025-08-12 20:58:32,476 - TradingThread - INFO - Price: 119255.0 | Long Target: 140000.0 | Long Pos Open: False
2025-08-12 20:58:32,577 - TradingThread - INFO - Price: 119255.0 | Long Target: 140000.0 | Long Pos Open: False
2025-08-12 20:58:32,776 - TradingThread - INFO - Price: 119255.0 | Long Target: 140000.0 | Long Pos Open: False
2025-08-12 20:58:32,976 - TradingThread - INFO - Price: 119255.0 | Long Target: 140000.0 | Long Pos Open: False
2025-08-12 20:58:33,176 - TradingThread - INFO - Price: 119255.0 | Long Target: 140000.0 | Long Pos Open: False
2025-08-12 20:58:33,376 - TradingThread - INFO - Price: 119255.0 | Long Target: 140000.0 | Long Pos Open: False
2025-08-12 20:58:33,476 - TradingThread - INFO - Price: 119255.0 | Long Target: 140000.0 | Long Pos Open: False
2025-08-12 20:58:33,576 - TradingThread - INFO - Price: 119255.0 | Long Target: 140000.0 | Long Pos Open: False
2025-08-12 20:58:33,676 - TradingThread - INFO - Price: 119255.0 | Long Target: 140000.0 | Long Pos Open: False
2025-08-12 20:58:33,776 - TradingThread - INFO - Price: 119255.0 | Long Target: 140000.0 | Long Pos Open: False
2025-08-12 20:58:33,877 - TradingThread - INFO - Price: 119255.0 | Long Target: 140000.0 | Long Pos Open: False
2025-08-12 20:58:34,076 - TradingThread - INFO - Price: 119255.0 | Long Target: 140000.0 | Long Pos Open: False
2025-08-12 20:58:34,177 - TradingThread - INFO - Price: 119255.0 | Long Target: 140000.0 | Long Pos Open: False
2025-08-12 20:58:34,276 - TradingThread - INFO - Price: 119255.0 | Long Target: 140000.0 | Long Pos Open: False
2025-08-12 20:58:34,376 - TradingThread - INFO - Price: 119255.0 | Long Target: 140000.0 | Long Pos Open: False
2025-08-12 20:58:34,476 - TradingThread - INFO - Price: 119255.0 | Long Target: 140000.0 | Long Pos Open: False
2025-08-12 20:58:34,576 - TradingThread - INFO - Price: 119255.0 | Long Target: 140000.0 | Long Pos Open: False
2025-08-12 20:58:34,677 - TradingThread - INFO - Price: 119255.0 | Long Target: 140000.0 | Long Pos Open: False
2025-08-12 20:58:34,776 - TradingThread - INFO - Price: 119255.0 | Long Target: 140000.0 | Long Pos Open: False
2025-08-12 20:58:34,876 - TradingThread - INFO - Price: 119254.9 | Long Target: 140000.0 | Long Pos Open: False
2025-08-12 20:58:34,976 - TradingThread - INFO - Price: 119254.9 | Long Target: 140000.0 | Long Pos Open: False
2025-08-12 20:58:35,176 - TradingThread - INFO - Price: 119254.9 | Long Target: 140000.0 | Long Pos Open: False
2025-08-12 20:58:35,276 - TradingThread - INFO - Price: 119254.9 | Long Target: 140000.0 | Long Pos Open: False
2025-08-12 20:58:35,377 - TradingThread - INFO - Price: 119254.9 | Long Target: 140000.0 | Long Pos Open: False
2025-08-12 20:58:35,478 - TradingThread - INFO - Price: 119254.9 | Long Target: 140000.0 | Long Pos Open: False
2025-08-12 20:58:35,576 - TradingThread - INFO - Price: 119255.0 | Long Target: 140000.0 | Long Pos Open: False
2025-08-12 20:58:35,676 - TradingThread - INFO - Price: 119255.0 | Long Target: 140000.0 | Long Pos Open: False
2025-08-12 20:58:35,776 - TradingThread - INFO - Price: 119255.0 | Long Target: 140000.0 | Long Pos Open: False
2025-08-12 20:58:36,076 - TradingThread - INFO - Price: 119255.0 | Long Target: 140000.0 | Long Pos Open: False
2025-08-12 20:58:36,376 - TradingThread - INFO - Price: 119263.3 | Long Target: 140000.0 | Long Pos Open: False
2025-08-12 20:58:36,476 - TradingThread - INFO - Price: 119271.4 | Long Target: 140000.0 | Long Pos Open: False
2025-08-12 20:58:36,576 - TradingThread - INFO - Price: 119273.7 | Long Target: 140000.0 | Long Pos Open: False
2025-08-12 20:58:36,676 - TradingThread - INFO - Price: 119273.7 | Long Target: 140000.0 | Long Pos Open: False
2025-08-12 20:58:36,776 - TradingThread - INFO - Price: 119273.7 | Long Target: 140000.0 | Long Pos Open: False
2025-08-12 20:58:36,876 - TradingThread - INFO - Price: 119273.7 | Long Target: 140000.0 | Long Pos Open: False
2025-08-12 20:58:36,976 - TradingThread - INFO - Price: 119273.7 | Long Target: 140000.0 | Long Pos Open: False
2025-08-12 20:58:37,077 - TradingThread - INFO - Price: 119273.7 | Long Target: 140000.0 | Long Pos Open: False
2025-08-12 20:58:37,176 - TradingThread - INFO - Price: 119273.7 | Long Target: 140000.0 | Long Pos Open: False
2025-08-12 20:58:37,276 - TradingThread - INFO - Price: 119273.7 | Long Target: 140000.0 | Long Pos Open: False
2025-08-12 20:58:37,376 - TradingThread - INFO - Price: 119273.7 | Long Target: 140000.0 | Long Pos Open: False
2025-08-12 20:58:37,476 - TradingThread - INFO - Price: 119273.7 | Long Target: 140000.0 | Long Pos Open: False
2025-08-12 20:58:37,576 - TradingThread - INFO - Price: 119273.7 | Long Target: 140000.0 | Long Pos Open: False
2025-08-12 20:58:37,677 - TradingThread - INFO - Price: 119273.7 | Long Target: 140000.0 | Long Pos Open: False
2025-08-12 20:58:37,877 - TradingThread - INFO - Price: 119273.7 | Long Target: 140000.0 | Long Pos Open: False
2025-08-12 20:58:37,976 - TradingThread - INFO - Price: 119273.7 | Long Target: 140000.0 | Long Pos Open: False
2025-08-12 20:58:38,076 - TradingThread - INFO - Price: 119273.7 | Long Target: 140000.0 | Long Pos Open: False
2025-08-12 20:58:38,179 - TradingThread - INFO - Price: 119273.7 | Long Target: 140000.0 | Long Pos Open: False
2025-08-12 20:58:38,276 - TradingThread - INFO - Price: 119273.7 | Long Target: 140000.0 | Long Pos Open: False
2025-08-12 20:58:38,376 - TradingThread - INFO - Price: 119273.7 | Long Target: 140000.0 | Long Pos Open: False
2025-08-12 20:58:38,476 - TradingThread - INFO - Price: 119273.7 | Long Target: 140000.0 | Long Pos Open: False
2025-08-12 20:58:38,578 - TradingThread - INFO - Price: 119273.7 | Long Target: 140000.0 | Long Pos Open: False
2025-08-12 20:58:38,679 - TradingThread - INFO - Price: 119273.7 | Long Target: 140000.0 | Long Pos Open: False
2025-08-12 20:58:38,876 - TradingThread - INFO - Price: 119273.7 | Long Target: 140000.0 | Long Pos Open: False
2025-08-12 20:58:39,176 - TradingThread - INFO - Price: 119273.7 | Long Target: 140000.0 | Long Pos Open: False
2025-08-12 20:58:39,376 - TradingThread - INFO - Price: 119273.7 | Long Target: 140000.0 | Long Pos Open: False
2025-08-12 20:58:39,476 - TradingThread - INFO - Price: 119273.7 | Long Target: 140000.0 | Long Pos Open: False
2025-08-12 20:58:39,576 - TradingThread - INFO - Price: 119273.7 | Long Target: 140000.0 | Long Pos Open: False
2025-08-12 20:58:39,776 - TradingThread - INFO - Price: 119273.7 | Long Target: 140000.0 | Long Pos Open: False
2025-08-12 20:58:39,876 - TradingThread - INFO - Price: 119273.7 | Long Target: 140000.0 | Long Pos Open: False
2025-08-12 20:58:39,976 - TradingThread - INFO - Price: 119274.9 | Long Target: 140000.0 | Long Pos Open: False
2025-08-12 20:58:40,076 - TradingThread - INFO - Price: 119274.9 | Long Target: 140000.0 | Long Pos Open: False
2025-08-12 20:58:40,176 - TradingThread - INFO - Price: 119274.9 | Long Target: 140000.0 | Long Pos Open: False
2025-08-12 20:58:40,276 - TradingThread - INFO - Price: 119274.9 | Long Target: 140000.0 | Long Pos Open: False
2025-08-12 20:58:40,376 - TradingThread - INFO - Price: 119274.9 | Long Target: 140000.0 | Long Pos Open: False
2025-08-12 20:58:40,476 - TradingThread - INFO - Price: 119274.9 | Long Target: 140000.0 | Long Pos Open: False
2025-08-12 20:58:40,576 - TradingThread - INFO - Price: 119274.9 | Long Target: 140000.0 | Long Pos Open: False
2025-08-12 20:58:40,676 - TradingThread - INFO - Price: 119274.9 | Long Target: 140000.0 | Long Pos Open: False
2025-08-12 20:58:40,876 - TradingThread - INFO - Price: 119274.9 | Long Target: 140000.0 | Long Pos Open: False
2025-08-12 20:58:40,976 - TradingThread - INFO - Price: 119274.9 | Long Target: 140000.0 | Long Pos Open: False
2025-08-12 20:58:41,276 - TradingThread - INFO - Price: 119274.9 | Long Target: 140000.0 | Long Pos Open: False
2025-08-12 20:58:41,377 - TradingThread - INFO - Price: 119281.8 | Long Target: 140000.0 | Long Pos Open: False
2025-08-12 20:58:41,476 - TradingThread - INFO - Price: 119285.6 | Long Target: 140000.0 | Long Pos Open: False
2025-08-12 20:58:41,576 - TradingThread - INFO - Price: 119285.6 | Long Target: 140000.0 | Long Pos Open: False
2025-08-12 20:58:41,676 - TradingThread - INFO - Price: 119285.6 | Long Target: 140000.0 | Long Pos Open: False
2025-08-12 20:58:41,777 - TradingThread - INFO - Price: 119285.6 | Long Target: 140000.0 | Long Pos Open: False
2025-08-12 20:58:41,876 - TradingThread - INFO - Price: 119285.6 | Long Target: 140000.0 | Long Pos Open: False
2025-08-12 20:58:41,976 - TradingThread - INFO - Price: 119285.6 | Long Target: 140000.0 | Long Pos Open: False
2025-08-12 20:58:42,076 - TradingThread - INFO - Price: 119285.6 | Long Target: 140000.0 | Long Pos Open: False
2025-08-12 20:58:42,176 - TradingThread - INFO - Price: 119285.6 | Long Target: 140000.0 | Long Pos Open: False
2025-08-12 20:58:42,277 - TradingThread - INFO - Price: 119285.6 | Long Target: 140000.0 | Long Pos Open: False
2025-08-12 20:58:42,380 - TradingThread - INFO - Price: 119285.6 | Long Target: 140000.0 | Long Pos Open: False
2025-08-12 20:58:42,476 - TradingThread - INFO - Price: 119296.9 | Long Target: 140000.0 | Long Pos Open: False
2025-08-12 20:58:42,576 - TradingThread - INFO - Price: 119296.9 | Long Target: 140000.0 | Long Pos Open: False
2025-08-12 20:58:42,675 - TradingThread - INFO - Price: 119296.9 | Long Target: 140000.0 | Long Pos Open: False
2025-08-12 20:58:42,777 - TradingThread - INFO - Price: 119296.9 | Long Target: 140000.0 | Long Pos Open: False
2025-08-12 20:58:42,876 - TradingThread - INFO - Price: 119296.9 | Long Target: 140000.0 | Long Pos Open: False
2025-08-12 20:58:42,976 - TradingThread - INFO - Price: 119296.9 | Long Target: 140000.0 | Long Pos Open: False
2025-08-12 20:58:43,075 - TradingThread - INFO - Price: 119296.9 | Long Target: 140000.0 | Long Pos Open: False
2025-08-12 20:58:43,175 - TradingThread - INFO - Price: 119296.9 | Long Target: 140000.0 | Long Pos Open: False
2025-08-12 20:58:43,276 - TradingThread - INFO - Price: 119296.9 | Long Target: 140000.0 | Long Pos Open: False
2025-08-12 20:58:43,376 - TradingThread - INFO - Price: 119296.9 | Long Target: 140000.0 | Long Pos Open: False
2025-08-12 20:58:43,476 - TradingThread - INFO - Price: 119296.9 | Long Target: 140000.0 | Long Pos Open: False
2025-08-12 20:58:43,576 - TradingThread - INFO - Price: 119296.9 | Long Target: 140000.0 | Long Pos Open: False
2025-08-12 20:58:43,677 - TradingThread - INFO - Price: 119296.9 | Long Target: 140000.0 | Long Pos Open: False
2025-08-12 20:58:43,779 - TradingThread - INFO - Price: 119297.1 | Long Target: 140000.0 | Long Pos Open: False
2025-08-12 20:58:43,875 - TradingThread - INFO - Price: 119297.1 | Long Target: 140000.0 | Long Pos Open: False
2025-08-12 20:58:43,977 - TradingThread - INFO - Price: 119297.1 | Long Target: 140000.0 | Long Pos Open: False
2025-08-12 20:58:44,076 - TradingThread - INFO - Price: 119297.1 | Long Target: 140000.0 | Long Pos Open: False
2025-08-12 20:58:44,176 - TradingThread - INFO - Price: 119297.1 | Long Target: 140000.0 | Long Pos Open: False
2025-08-12 20:58:44,275 - TradingThread - INFO - Price: 119297.1 | Long Target: 140000.0 | Long Pos Open: False
2025-08-12 20:58:44,375 - TradingThread - INFO - Price: 119297.1 | Long Target: 140000.0 | Long Pos Open: False
2025-08-12 20:58:44,475 - TradingThread - INFO - Price: 119297.1 | Long Target: 140000.0 | Long Pos Open: False
2025-08-12 20:58:44,576 - TradingThread - INFO - Price: 119297.0 | Long Target: 140000.0 | Long Pos Open: False
2025-08-12 20:58:44,675 - TradingThread - INFO - Price: 119297.0 | Long Target: 140000.0 | Long Pos Open: False
2025-08-12 20:58:44,777 - TradingThread - INFO - Price: 119297.1 | Long Target: 140000.0 | Long Pos Open: False
2025-08-12 20:58:44,876 - TradingThread - INFO - Price: 119297.1 | Long Target: 140000.0 | Long Pos Open: False
2025-08-12 20:58:44,976 - TradingThread - INFO - Price: 119297.1 | Long Target: 140000.0 | Long Pos Open: False
2025-08-12 20:58:45,075 - TradingThread - INFO - Price: 119297.1 | Long Target: 140000.0 | Long Pos Open: False
2025-08-12 20:58:45,176 - TradingThread - INFO - Price: 119297.0 | Long Target: 140000.0 | Long Pos Open: False
2025-08-12 20:58:45,276 - TradingThread - INFO - Price: 119297.0 | Long Target: 140000.0 | Long Pos Open: False
2025-08-12 20:58:45,377 - TradingThread - INFO - Price: 119297.1 | Long Target: 140000.0 | Long Pos Open: False
2025-08-12 20:58:45,475 - TradingThread - INFO - Price: 119297.1 | Long Target: 140000.0 | Long Pos Open: False
2025-08-12 20:58:45,575 - TradingThread - INFO - Price: 119297.1 | Long Target: 140000.0 | Long Pos Open: False
2025-08-12 20:58:45,676 - TradingThread - INFO - Price: 119297.1 | Long Target: 140000.0 | Long Pos Open: False
2025-08-12 20:58:45,776 - TradingThread - INFO - Price: 119297.1 | Long Target: 140000.0 | Long Pos Open: False
2025-08-12 20:58:45,875 - TradingThread - INFO - Price: 119297.1 | Long Target: 140000.0 | Long Pos Open: False
2025-08-12 20:58:45,976 - TradingThread - INFO - Price: 119297.1 | Long Target: 140000.0 | Long Pos Open: False
2025-08-12 20:58:46,076 - TradingThread - INFO - Price: 119297.1 | Long Target: 140000.0 | Long Pos Open: False
2025-08-12 20:58:46,176 - TradingThread - INFO - Price: 119297.1 | Long Target: 140000.0 | Long Pos Open: False
2025-08-12 20:58:46,376 - TradingThread - INFO - Price: 119297.1 | Long Target: 140000.0 | Long Pos Open: False
2025-08-12 20:58:46,476 - TradingThread - INFO - Price: 119297.1 | Long Target: 140000.0 | Long Pos Open: False
2025-08-12 20:58:46,678 - TradingThread - INFO - Price: 119297.1 | Long Target: 140000.0 | Long Pos Open: False
2025-08-12 20:58:46,776 - TradingThread - INFO - Price: 119297.1 | Long Target: 140000.0 | Long Pos Open: False
2025-08-12 20:58:46,977 - TradingThread - INFO - Price: 119297.1 | Long Target: 140000.0 | Long Pos Open: False
2025-08-12 20:58:47,177 - TradingThread - INFO - Price: 119297.1 | Long Target: 140000.0 | Long Pos Open: False
2025-08-12 20:58:47,276 - TradingThread - INFO - Price: 119297.1 | Long Target: 140000.0 | Long Pos Open: False
2025-08-12 20:58:47,476 - TradingThread - INFO - Price: 119297.1 | Long Target: 140000.0 | Long Pos Open: False
2025-08-12 20:58:47,576 - TradingThread - INFO - Price: 119297.1 | Long Target: 140000.0 | Long Pos Open: False
2025-08-12 20:58:47,676 - TradingThread - INFO - Price: 119297.1 | Long Target: 140000.0 | Long Pos Open: False
2025-08-12 20:58:47,876 - TradingThread - INFO - Price: 119297.1 | Long Target: 140000.0 | Long Pos Open: False
2025-08-12 20:58:47,975 - TradingThread - INFO - Price: 119297.1 | Long Target: 140000.0 | Long Pos Open: False
2025-08-12 20:58:48,075 - TradingThread - INFO - Price: 119297.1 | Long Target: 140000.0 | Long Pos Open: False
2025-08-12 20:58:48,175 - TradingThread - INFO - Price: 119297.1 | Long Target: 140000.0 | Long Pos Open: False
2025-08-12 20:58:48,275 - TradingThread - INFO - Price: 119297.1 | Long Target: 140000.0 | Long Pos Open: False
2025-08-12 20:58:48,376 - TradingThread - INFO - Price: 119297.1 | Long Target: 140000.0 | Long Pos Open: False
2025-08-12 20:58:48,475 - TradingThread - INFO - Price: 119297.1 | Long Target: 140000.0 | Long Pos Open: False
2025-08-12 20:58:48,576 - TradingThread - INFO - Price: 119297.1 | Long Target: 140000.0 | Long Pos Open: False
2025-08-12 20:58:48,675 - TradingThread - INFO - Price: 119297.1 | Long Target: 140000.0 | Long Pos Open: False
2025-08-12 20:58:48,775 - TradingThread - INFO - Price: 119297.1 | Long Target: 140000.0 | Long Pos Open: False
2025-08-12 20:58:48,875 - TradingThread - INFO - Price: 119297.1 | Long Target: 140000.0 | Long Pos Open: False
2025-08-12 20:58:48,976 - TradingThread - INFO - Price: 119297.1 | Long Target: 140000.0 | Long Pos Open: False
2025-08-12 20:58:49,077 - TradingThread - INFO - Price: 119297.1 | Long Target: 140000.0 | Long Pos Open: False
2025-08-12 20:58:49,376 - TradingThread - INFO - Price: 119297.1 | Long Target: 140000.0 | Long Pos Open: False
2025-08-12 20:58:49,676 - TradingThread - INFO - Price: 119297.1 | Long Target: 140000.0 | Long Pos Open: False
2025-08-12 20:58:49,875 - TradingThread - INFO - Price: 119297.1 | Long Target: 140000.0 | Long Pos Open: False
2025-08-12 20:58:49,976 - TradingThread - INFO - Price: 119297.1 | Long Target: 140000.0 | Long Pos Open: False
2025-08-12 20:58:50,075 - TradingThread - INFO - Price: 119297.1 | Long Target: 140000.0 | Long Pos Open: False
2025-08-12 20:58:50,176 - TradingThread - INFO - Price: 119297.1 | Long Target: 140000.0 | Long Pos Open: False
2025-08-12 20:58:50,276 - TradingThread - INFO - Price: 119297.1 | Long Target: 140000.0 | Long Pos Open: False
2025-08-12 20:58:50,377 - TradingThread - INFO - Price: 119297.1 | Long Target: 140000.0 | Long Pos Open: False
2025-08-12 20:58:50,475 - TradingThread - INFO - Price: 119297.1 | Long Target: 140000.0 | Long Pos Open: False
2025-08-12 20:58:50,575 - TradingThread - INFO - Price: 119297.1 | Long Target: 140000.0 | Long Pos Open: False
2025-08-12 20:58:50,676 - TradingThread - INFO - Price: 119297.1 | Long Target: 140000.0 | Long Pos Open: False
2025-08-12 20:58:50,776 - TradingThread - INFO - Price: 119297.1 | Long Target: 140000.0 | Long Pos Open: False
2025-08-12 20:58:50,876 - TradingThread - INFO - Price: 119297.1 | Long Target: 140000.0 | Long Pos Open: False
2025-08-12 20:58:50,976 - TradingThread - INFO - Price: 119297.1 | Long Target: 140000.0 | Long Pos Open: False
2025-08-12 20:58:51,075 - TradingThread - INFO - Price: 119297.1 | Long Target: 140000.0 | Long Pos Open: False
2025-08-12 20:58:51,176 - TradingThread - INFO - Price: 119297.0 | Long Target: 140000.0 | Long Pos Open: False
2025-08-12 20:58:51,275 - TradingThread - INFO - Price: 119297.0 | Long Target: 140000.0 | Long Pos Open: False
2025-08-12 20:58:51,377 - TradingThread - INFO - Price: 119297.0 | Long Target: 140000.0 | Long Pos Open: False
2025-08-12 20:58:51,475 - TradingThread - INFO - Price: 119297.0 | Long Target: 140000.0 | Long Pos Open: False
2025-08-12 20:58:51,575 - TradingThread - INFO - Price: 119297.0 | Long Target: 140000.0 | Long Pos Open: False
2025-08-12 20:58:51,675 - TradingThread - INFO - Price: 119297.0 | Long Target: 140000.0 | Long Pos Open: False
2025-08-12 20:58:51,775 - TradingThread - INFO - Price: 119297.0 | Long Target: 140000.0 | Long Pos Open: False
2025-08-12 20:58:51,875 - TradingThread - INFO - Price: 119297.0 | Long Target: 140000.0 | Long Pos Open: False
2025-08-12 20:58:51,976 - TradingThread - INFO - Price: 119297.0 | Long Target: 140000.0 | Long Pos Open: False
2025-08-12 20:58:52,075 - TradingThread - INFO - Price: 119297.0 | Long Target: 140000.0 | Long Pos Open: False
2025-08-12 20:58:52,175 - TradingThread - INFO - Price: 119297.0 | Long Target: 140000.0 | Long Pos Open: False
2025-08-12 20:58:52,276 - TradingThread - INFO - Price: 119297.0 | Long Target: 140000.0 | Long Pos Open: False
2025-08-12 20:58:52,376 - TradingThread - INFO - Price: 119297.0 | Long Target: 140000.0 | Long Pos Open: False
2025-08-12 20:58:52,476 - TradingThread - INFO - Price: 119297.0 | Long Target: 140000.0 | Long Pos Open: False
2025-08-12 20:58:52,575 - TradingThread - INFO - Price: 119297.0 | Long Target: 140000.0 | Long Pos Open: False
2025-08-12 20:58:52,678 - TradingThread - INFO - Price: 119297.0 | Long Target: 140000.0 | Long Pos Open: False
2025-08-12 20:58:52,775 - TradingThread - INFO - Price: 119297.0 | Long Target: 140000.0 | Long Pos Open: False
2025-08-12 20:58:52,876 - TradingThread - INFO - Price: 119297.0 | Long Target: 140000.0 | Long Pos Open: False
2025-08-12 20:58:52,977 - TradingThread - INFO - Price: 119297.0 | Long Target: 140000.0 | Long Pos Open: False
2025-08-12 20:58:53,075 - TradingThread - INFO - Price: 119297.0 | Long Target: 140000.0 | Long Pos Open: False
2025-08-12 20:58:53,175 - TradingThread - INFO - Price: 119297.0 | Long Target: 140000.0 | Long Pos Open: False
2025-08-12 20:58:53,275 - TradingThread - INFO - Price: 119297.0 | Long Target: 140000.0 | Long Pos Open: False
2025-08-12 20:58:53,375 - TradingThread - INFO - Price: 119297.1 | Long Target: 140000.0 | Long Pos Open: False
2025-08-12 20:58:53,475 - TradingThread - INFO - Price: 119297.0 | Long Target: 140000.0 | Long Pos Open: False
2025-08-12 20:58:53,575 - TradingThread - INFO - Price: 119297.0 | Long Target: 140000.0 | Long Pos Open: False
2025-08-12 20:58:53,675 - TradingThread - INFO - Price: 119297.1 | Long Target: 140000.0 | Long Pos Open: False
2025-08-12 20:58:53,775 - TradingThread - INFO - Price: 119297.1 | Long Target: 140000.0 | Long Pos Open: False
2025-08-12 20:58:53,875 - TradingThread - INFO - Price: 119297.1 | Long Target: 140000.0 | Long Pos Open: False
2025-08-12 20:58:53,975 - TradingThread - INFO - Price: 119297.1 | Long Target: 140000.0 | Long Pos Open: False
2025-08-12 20:58:54,075 - TradingThread - INFO - Price: 119297.1 | Long Target: 140000.0 | Long Pos Open: False
2025-08-12 20:58:54,176 - TradingThread - INFO - Price: 119297.1 | Long Target: 140000.0 | Long Pos Open: False
2025-08-12 20:58:54,276 - TradingThread - INFO - Price: 119297.1 | Long Target: 140000.0 | Long Pos Open: False
2025-08-12 20:58:54,375 - TradingThread - INFO - Price: 119297.1 | Long Target: 140000.0 | Long Pos Open: False
2025-08-12 20:58:54,575 - TradingThread - INFO - Price: 119297.0 | Long Target: 140000.0 | Long Pos Open: False
2025-08-12 20:58:54,675 - TradingThread - INFO - Price: 119297.0 | Long Target: 140000.0 | Long Pos Open: False
2025-08-12 20:58:54,775 - TradingThread - INFO - Price: 119297.0 | Long Target: 140000.0 | Long Pos Open: False
2025-08-12 20:58:54,875 - TradingThread - INFO - Price: 119297.0 | Long Target: 140000.0 | Long Pos Open: False
2025-08-12 20:58:55,075 - TradingThread - INFO - Price: 119297.0 | Long Target: 140000.0 | Long Pos Open: False
2025-08-12 20:58:55,175 - TradingThread - INFO - Price: 119297.1 | Long Target: 140000.0 | Long Pos Open: False
2025-08-12 20:58:55,275 - TradingThread - INFO - Price: 119297.0 | Long Target: 140000.0 | Long Pos Open: False
2025-08-12 20:58:55,375 - TradingThread - INFO - Price: 119297.0 | Long Target: 140000.0 | Long Pos Open: False
2025-08-12 20:58:55,575 - TradingThread - INFO - Price: 119297.0 | Long Target: 140000.0 | Long Pos Open: False
2025-08-12 20:58:55,676 - TradingThread - INFO - Price: 119297.0 | Long Target: 140000.0 | Long Pos Open: False
2025-08-12 20:58:55,775 - TradingThread - INFO - Price: 119297.1 | Long Target: 140000.0 | Long Pos Open: False
2025-08-12 20:58:55,876 - TradingThread - INFO - Price: 119297.1 | Long Target: 140000.0 | Long Pos Open: False
2025-08-12 20:58:55,975 - TradingThread - INFO - Price: 119297.1 | Long Target: 140000.0 | Long Pos Open: False
2025-08-12 20:58:56,076 - TradingThread - INFO - Price: 119297.1 | Long Target: 140000.0 | Long Pos Open: False
2025-08-12 20:58:56,175 - TradingThread - INFO - Price: 119297.1 | Long Target: 140000.0 | Long Pos Open: False
2025-08-12 20:58:56,475 - TradingThread - INFO - Price: 119297.1 | Long Target: 140000.0 | Long Pos Open: False
2025-08-12 20:58:56,575 - TradingThread - INFO - Price: 119297.1 | Long Target: 140000.0 | Long Pos Open: False
2025-08-12 20:58:56,676 - TradingThread - INFO - Price: 119297.1 | Long Target: 140000.0 | Long Pos Open: False
2025-08-12 20:58:56,776 - TradingThread - INFO - Price: 119297.1 | Long Target: 140000.0 | Long Pos Open: False
2025-08-12 20:58:56,875 - TradingThread - INFO - Price: 119297.1 | Long Target: 140000.0 | Long Pos Open: False
2025-08-12 20:58:56,976 - TradingThread - INFO - Price: 119297.1 | Long Target: 140000.0 | Long Pos Open: False
2025-08-12 20:58:57,076 - TradingThread - INFO - Price: 119297.1 | Long Target: 140000.0 | Long Pos Open: False
2025-08-12 20:58:57,176 - TradingThread - INFO - Price: 119297.1 | Long Target: 140000.0 | Long Pos Open: False
2025-08-12 20:58:57,375 - TradingThread - INFO - Price: 119297.1 | Long Target: 140000.0 | Long Pos Open: False
2025-08-12 20:58:57,475 - TradingThread - INFO - Price: 119297.1 | Long Target: 140000.0 | Long Pos Open: False
2025-08-12 20:58:57,675 - TradingThread - INFO - Price: 119297.1 | Long Target: 140000.0 | Long Pos Open: False
2025-08-12 20:58:57,776 - TradingThread - INFO - Price: 119297.1 | Long Target: 140000.0 | Long Pos Open: False
2025-08-12 20:58:57,875 - TradingThread - INFO - Price: 119297.1 | Long Target: 140000.0 | Long Pos Open: False
2025-08-12 20:58:57,975 - TradingThread - INFO - Price: 119297.0 | Long Target: 140000.0 | Long Pos Open: False
2025-08-12 20:58:58,075 - TradingThread - INFO - Price: 119297.0 | Long Target: 140000.0 | Long Pos Open: False
2025-08-12 20:58:58,175 - TradingThread - INFO - Price: 119297.0 | Long Target: 140000.0 | Long Pos Open: False
2025-08-12 20:58:58,375 - TradingThread - INFO - Price: 119297.0 | Long Target: 140000.0 | Long Pos Open: False
2025-08-12 20:58:58,475 - TradingThread - INFO - Price: 119297.0 | Long Target: 140000.0 | Long Pos Open: False
2025-08-12 20:58:58,575 - TradingThread - INFO - Price: 119297.1 | Long Target: 140000.0 | Long Pos Open: False
2025-08-12 20:58:58,675 - TradingThread - INFO - Price: 119297.1 | Long Target: 140000.0 | Long Pos Open: False
2025-08-12 20:58:58,775 - TradingThread - INFO - Price: 119297.0 | Long Target: 140000.0 | Long Pos Open: False
2025-08-12 20:58:58,875 - TradingThread - INFO - Price: 119297.1 | Long Target: 140000.0 | Long Pos Open: False
2025-08-12 20:58:58,975 - TradingThread - INFO - Price: 119297.1 | Long Target: 140000.0 | Long Pos Open: False
2025-08-12 20:58:59,075 - TradingThread - INFO - Price: 119297.1 | Long Target: 140000.0 | Long Pos Open: False
2025-08-12 20:58:59,175 - TradingThread - INFO - Price: 119297.1 | Long Target: 140000.0 | Long Pos Open: False
2025-08-12 20:58:59,275 - TradingThread - INFO - Price: 119297.1 | Long Target: 140000.0 | Long Pos Open: False
2025-08-12 20:58:59,375 - TradingThread - INFO - Price: 119297.1 | Long Target: 140000.0 | Long Pos Open: False
2025-08-12 20:58:59,475 - TradingThread - INFO - Price: 119297.1 | Long Target: 140000.0 | Long Pos Open: False
2025-08-12 20:58:59,575 - TradingThread - INFO - Price: 119297.1 | Long Target: 140000.0 | Long Pos Open: False
2025-08-12 20:58:59,677 - TradingThread - INFO - Price: 119297.1 | Long Target: 140000.0 | Long Pos Open: False
2025-08-12 20:58:59,775 - TradingThread - INFO - Price: 119297.1 | Long Target: 140000.0 | Long Pos Open: False
2025-08-12 20:58:59,875 - TradingThread - INFO - Price: 119297.0 | Long Target: 140000.0 | Long Pos Open: False
2025-08-12 20:58:59,976 - TradingThread - INFO - Price: 119297.0 | Long Target: 140000.0 | Long Pos Open: False
2025-08-12 20:59:00,075 - TradingThread - INFO - Price: 119297.0 | Long Target: 140000.0 | Long Pos Open: False
2025-08-12 20:59:00,175 - TradingThread - INFO - Price: 119297.0 | Long Target: 140000.0 | Long Pos Open: False
2025-08-12 20:59:00,275 - TradingThread - INFO - Price: 119297.0 | Long Target: 140000.0 | Long Pos Open: False
2025-08-12 20:59:00,375 - TradingThread - INFO - Price: 119297.0 | Long Target: 140000.0 | Long Pos Open: False
2025-08-12 20:59:00,475 - TradingThread - INFO - Price: 119297.0 | Long Target: 140000.0 | Long Pos Open: False
2025-08-12 20:59:00,575 - TradingThread - INFO - Price: 119297.1 | Long Target: 140000.0 | Long Pos Open: False
2025-08-12 20:59:00,677 - TradingThread - INFO - Price: 119297.1 | Long Target: 140000.0 | Long Pos Open: False
2025-08-12 20:59:00,775 - TradingThread - INFO - Price: 119297.1 | Long Target: 140000.0 | Long Pos Open: False
2025-08-12 20:59:00,875 - TradingThread - INFO - Price: 119297.1 | Long Target: 140000.0 | Long Pos Open: False
2025-08-12 20:59:01,075 - TradingThread - INFO - Price: 119297.1 | Long Target: 140000.0 | Long Pos Open: False
2025-08-12 20:59:01,176 - TradingThread - INFO - Price: 119297.1 | Long Target: 140000.0 | Long Pos Open: False
2025-08-12 20:59:01,377 - TradingThread - INFO - Price: 119297.1 | Long Target: 140000.0 | Long Pos Open: False
2025-08-12 20:59:01,475 - TradingThread - INFO - Price: 119297.1 | Long Target: 140000.0 | Long Pos Open: False
2025-08-12 20:59:01,575 - TradingThread - INFO - Price: 119297.1 | Long Target: 140000.0 | Long Pos Open: False
2025-08-12 20:59:01,675 - TradingThread - INFO - Price: 119297.1 | Long Target: 140000.0 | Long Pos Open: False
2025-08-12 20:59:01,775 - TradingThread - INFO - Price: 119297.1 | Long Target: 140000.0 | Long Pos Open: False
2025-08-12 20:59:01,875 - TradingThread - INFO - Price: 119297.1 | Long Target: 140000.0 | Long Pos Open: False
2025-08-12 20:59:01,974 - TradingThread - INFO - Price: 119297.1 | Long Target: 140000.0 | Long Pos Open: False
2025-08-12 20:59:02,076 - TradingThread - INFO - Price: 119297.1 | Long Target: 140000.0 | Long Pos Open: False
2025-08-12 20:59:02,175 - TradingThread - INFO - Price: 119297.1 | Long Target: 140000.0 | Long Pos Open: False
2025-08-12 20:59:02,275 - TradingThread - INFO - Price: 119297.0 | Long Target: 140000.0 | Long Pos Open: False
2025-08-12 20:59:02,375 - TradingThread - INFO - Price: 119297.0 | Long Target: 140000.0 | Long Pos Open: False
2025-08-12 20:59:02,474 - TradingThread - INFO - Price: 119297.0 | Long Target: 140000.0 | Long Pos Open: False
2025-08-12 20:59:02,576 - TradingThread - INFO - Price: 119297.0 | Long Target: 140000.0 | Long Pos Open: False
2025-08-12 20:59:02,675 - TradingThread - INFO - Price: 119297.1 | Long Target: 140000.0 | Long Pos Open: False
2025-08-12 20:59:02,775 - TradingThread - INFO - Price: 119297.1 | Long Target: 140000.0 | Long Pos Open: False
2025-08-12 20:59:02,875 - TradingThread - INFO - Price: 119297.0 | Long Target: 140000.0 | Long Pos Open: False
2025-08-12 20:59:02,975 - TradingThread - INFO - Price: 119297.0 | Long Target: 140000.0 | Long Pos Open: False
2025-08-12 20:59:03,077 - TradingThread - INFO - Price: 119297.1 | Long Target: 140000.0 | Long Pos Open: False
2025-08-12 20:59:03,175 - TradingThread - INFO - Price: 119297.1 | Long Target: 140000.0 | Long Pos Open: False
2025-08-12 20:59:03,275 - TradingThread - INFO - Price: 119297.1 | Long Target: 140000.0 | Long Pos Open: False
2025-08-12 20:59:03,375 - TradingThread - INFO - Price: 119297.1 | Long Target: 140000.0 | Long Pos Open: False
2025-08-12 20:59:03,475 - TradingThread - INFO - Price: 119297.0 | Long Target: 140000.0 | Long Pos Open: False
2025-08-12 20:59:03,575 - TradingThread - INFO - Price: 119297.0 | Long Target: 140000.0 | Long Pos Open: False
2025-08-12 20:59:03,675 - TradingThread - INFO - Price: 119297.1 | Long Target: 140000.0 | Long Pos Open: False
2025-08-12 20:59:03,775 - TradingThread - INFO - Price: 119297.1 | Long Target: 140000.0 | Long Pos Open: False
2025-08-12 20:59:03,875 - TradingThread - INFO - Price: 119297.1 | Long Target: 140000.0 | Long Pos Open: False
2025-08-12 20:59:03,975 - TradingThread - INFO - Price: 119297.1 | Long Target: 140000.0 | Long Pos Open: False
2025-08-12 20:59:04,076 - TradingThread - INFO - Price: 119297.1 | Long Target: 140000.0 | Long Pos Open: False
2025-08-12 20:59:04,175 - TradingThread - INFO - Price: 119297.1 | Long Target: 140000.0 | Long Pos Open: False
2025-08-12 20:59:04,375 - TradingThread - INFO - Price: 119297.1 | Long Target: 140000.0 | Long Pos Open: False
2025-08-12 20:59:04,575 - TradingThread - INFO - Price: 119297.1 | Long Target: 140000.0 | Long Pos Open: False
2025-08-12 20:59:04,675 - TradingThread - INFO - Price: 119297.1 | Long Target: 140000.0 | Long Pos Open: False
2025-08-12 20:59:04,975 - TradingThread - INFO - Price: 119297.1 | Long Target: 140000.0 | Long Pos Open: False
2025-08-12 20:59:05,075 - TradingThread - INFO - Price: 119297.1 | Long Target: 140000.0 | Long Pos Open: False
2025-08-12 20:59:05,175 - TradingThread - INFO - Price: 119297.1 | Long Target: 140000.0 | Long Pos Open: False
2025-08-12 20:59:05,276 - TradingThread - INFO - Price: 119297.1 | Long Target: 140000.0 | Long Pos Open: False
2025-08-12 20:59:05,375 - TradingThread - INFO - Price: 119297.1 | Long Target: 140000.0 | Long Pos Open: False
2025-08-12 20:59:05,575 - TradingThread - INFO - Price: 119297.1 | Long Target: 140000.0 | Long Pos Open: False
2025-08-12 20:59:05,674 - TradingThread - INFO - Price: 119297.1 | Long Target: 140000.0 | Long Pos Open: False
2025-08-12 20:59:05,775 - TradingThread - INFO - Price: 119297.1 | Long Target: 140000.0 | Long Pos Open: False
2025-08-12 20:59:05,874 - TradingThread - INFO - Price: 119297.1 | Long Target: 140000.0 | Long Pos Open: False
2025-08-12 20:59:05,974 - TradingThread - INFO - Price: 119297.1 | Long Target: 140000.0 | Long Pos Open: False
2025-08-12 20:59:06,075 - TradingThread - INFO - Price: 119297.1 | Long Target: 140000.0 | Long Pos Open: False
2025-08-12 20:59:06,174 - TradingThread - INFO - Price: 119297.1 | Long Target: 140000.0 | Long Pos Open: False
2025-08-12 20:59:06,274 - TradingThread - INFO - Price: 119298.8 | Long Target: 140000.0 | Long Pos Open: False
2025-08-12 20:59:06,375 - TradingThread - INFO - Price: 119298.8 | Long Target: 140000.0 | Long Pos Open: False
2025-08-12 20:59:06,475 - TradingThread - INFO - Price: 119298.9 | Long Target: 140000.0 | Long Pos Open: False
2025-08-12 20:59:06,577 - TradingThread - INFO - Price: 119298.8 | Long Target: 140000.0 | Long Pos Open: False
2025-08-12 20:59:06,674 - TradingThread - INFO - Price: 119298.8 | Long Target: 140000.0 | Long Pos Open: False
2025-08-12 20:59:06,774 - TradingThread - INFO - Price: 119298.8 | Long Target: 140000.0 | Long Pos Open: False
2025-08-12 20:59:06,874 - TradingThread - INFO - Price: 119298.8 | Long Target: 140000.0 | Long Pos Open: False
2025-08-12 20:59:06,975 - TradingThread - INFO - Price: 119298.9 | Long Target: 140000.0 | Long Pos Open: False
2025-08-12 20:59:07,077 - TradingThread - INFO - Price: 119298.9 | Long Target: 140000.0 | Long Pos Open: False
2025-08-12 20:59:07,175 - TradingThread - INFO - Price: 119298.9 | Long Target: 140000.0 | Long Pos Open: False
2025-08-12 20:59:07,275 - TradingThread - INFO - Price: 119298.9 | Long Target: 140000.0 | Long Pos Open: False
2025-08-12 20:59:07,374 - TradingThread - INFO - Price: 119298.9 | Long Target: 140000.0 | Long Pos Open: False
2025-08-12 20:59:07,474 - TradingThread - INFO - Price: 119298.9 | Long Target: 140000.0 | Long Pos Open: False
2025-08-12 20:59:07,574 - TradingThread - INFO - Price: 119298.9 | Long Target: 140000.0 | Long Pos Open: False
2025-08-12 20:59:07,675 - TradingThread - INFO - Price: 119298.9 | Long Target: 140000.0 | Long Pos Open: False
2025-08-12 20:59:07,774 - TradingThread - INFO - Price: 119298.9 | Long Target: 140000.0 | Long Pos Open: False
2025-08-12 20:59:07,874 - TradingThread - INFO - Price: 119298.9 | Long Target: 140000.0 | Long Pos Open: False
2025-08-12 20:59:07,974 - TradingThread - INFO - Price: 119298.9 | Long Target: 140000.0 | Long Pos Open: False
2025-08-12 20:59:08,074 - TradingThread - INFO - Price: 119298.9 | Long Target: 140000.0 | Long Pos Open: False
2025-08-12 20:59:08,175 - TradingThread - INFO - Price: 119298.9 | Long Target: 140000.0 | Long Pos Open: False
2025-08-12 20:59:08,374 - TradingThread - INFO - Price: 119297.0 | Long Target: 140000.0 | Long Pos Open: False
2025-08-12 20:59:08,481 - TradingThread - INFO - Price: 119297.0 | Long Target: 140000.0 | Long Pos Open: False
2025-08-12 20:59:08,574 - TradingThread - INFO - Price: 119297.0 | Long Target: 140000.0 | Long Pos Open: False
2025-08-12 20:59:08,674 - TradingThread - INFO - Price: 119297.0 | Long Target: 140000.0 | Long Pos Open: False
2025-08-12 20:59:08,774 - TradingThread - INFO - Price: 119297.0 | Long Target: 140000.0 | Long Pos Open: False
2025-08-12 20:59:08,875 - TradingThread - INFO - Price: 119297.0 | Long Target: 140000.0 | Long Pos Open: False
2025-08-12 20:59:08,975 - TradingThread - INFO - Price: 119297.0 | Long Target: 140000.0 | Long Pos Open: False
2025-08-12 20:59:09,075 - TradingThread - INFO - Price: 119297.0 | Long Target: 140000.0 | Long Pos Open: False
2025-08-12 20:59:09,184 - TradingThread - INFO - Price: 119297.0 | Long Target: 140000.0 | Long Pos Open: False
2025-08-12 20:59:09,375 - TradingThread - INFO - Price: 119297.0 | Long Target: 140000.0 | Long Pos Open: False
2025-08-12 20:59:09,476 - TradingThread - INFO - Price: 119297.0 | Long Target: 140000.0 | Long Pos Open: False
2025-08-12 20:59:09,877 - TradingThread - INFO - Price: 119297.0 | Long Target: 140000.0 | Long Pos Open: False
2025-08-12 20:59:09,975 - TradingThread - INFO - Price: 119297.0 | Long Target: 140000.0 | Long Pos Open: False
2025-08-12 20:59:10,075 - TradingThread - INFO - Price: 119297.0 | Long Target: 140000.0 | Long Pos Open: False
2025-08-12 20:59:10,174 - TradingThread - INFO - Price: 119297.0 | Long Target: 140000.0 | Long Pos Open: False
2025-08-12 20:59:10,375 - TradingThread - INFO - Price: 119297.0 | Long Target: 140000.0 | Long Pos Open: False
2025-08-12 20:59:10,474 - TradingThread - INFO - Price: 119297.0 | Long Target: 140000.0 | Long Pos Open: False
2025-08-12 20:59:10,574 - TradingThread - INFO - Price: 119296.9 | Long Target: 140000.0 | Long Pos Open: False
2025-08-12 20:59:10,674 - TradingThread - INFO - Price: 119297.0 | Long Target: 140000.0 | Long Pos Open: False
2025-08-12 20:59:10,774 - TradingThread - INFO - Price: 119297.0 | Long Target: 140000.0 | Long Pos Open: False
2025-08-12 20:59:10,975 - TradingThread - INFO - Price: 119297.0 | Long Target: 140000.0 | Long Pos Open: False
2025-08-12 20:59:11,074 - TradingThread - INFO - Price: 119297.0 | Long Target: 140000.0 | Long Pos Open: False
2025-08-12 20:59:11,175 - TradingThread - INFO - Price: 119297.0 | Long Target: 140000.0 | Long Pos Open: False
2025-08-12 20:59:11,274 - TradingThread - INFO - Price: 119297.0 | Long Target: 140000.0 | Long Pos Open: False
2025-08-12 20:59:11,374 - TradingThread - INFO - Price: 119297.0 | Long Target: 140000.0 | Long Pos Open: False
2025-08-12 20:59:11,474 - TradingThread - INFO - Price: 119297.0 | Long Target: 140000.0 | Long Pos Open: False
2025-08-12 20:59:11,574 - TradingThread - INFO - Price: 119297.0 | Long Target: 140000.0 | Long Pos Open: False
2025-08-12 20:59:11,874 - TradingThread - INFO - Price: 119297.0 | Long Target: 140000.0 | Long Pos Open: False
2025-08-12 20:59:11,974 - TradingThread - INFO - Price: 119297.0 | Long Target: 140000.0 | Long Pos Open: False
2025-08-12 20:59:12,075 - TradingThread - INFO - Price: 119297.0 | Long Target: 140000.0 | Long Pos Open: False
2025-08-12 20:59:12,174 - TradingThread - INFO - Price: 119297.0 | Long Target: 140000.0 | Long Pos Open: False
2025-08-12 20:59:12,374 - TradingThread - INFO - Price: 119297.0 | Long Target: 140000.0 | Long Pos Open: False
2025-08-12 20:59:12,475 - TradingThread - INFO - Price: 119297.0 | Long Target: 140000.0 | Long Pos Open: False
2025-08-12 20:59:12,574 - TradingThread - INFO - Price: 119297.0 | Long Target: 140000.0 | Long Pos Open: False
2025-08-12 20:59:12,674 - TradingThread - INFO - Price: 119296.9 | Long Target: 140000.0 | Long Pos Open: False
2025-08-12 20:59:12,774 - TradingThread - INFO - Price: 119296.9 | Long Target: 140000.0 | Long Pos Open: False
2025-08-12 20:59:12,975 - TradingThread - INFO - Price: 119296.9 | Long Target: 140000.0 | Long Pos Open: False
2025-08-12 20:59:13,074 - TradingThread - INFO - Price: 119297.0 | Long Target: 140000.0 | Long Pos Open: False
2025-08-12 20:59:13,174 - TradingThread - INFO - Price: 119297.0 | Long Target: 140000.0 | Long Pos Open: False
2025-08-12 20:59:13,274 - TradingThread - INFO - Price: 119297.0 | Long Target: 140000.0 | Long Pos Open: False
2025-08-12 20:59:13,374 - TradingThread - INFO - Price: 119297.0 | Long Target: 140000.0 | Long Pos Open: False
2025-08-12 20:59:13,475 - TradingThread - INFO - Price: 119297.0 | Long Target: 140000.0 | Long Pos Open: False
2025-08-12 20:59:13,576 - TradingThread - INFO - Price: 119297.0 | Long Target: 140000.0 | Long Pos Open: False
2025-08-12 20:59:13,774 - TradingThread - INFO - Price: 119297.0 | Long Target: 140000.0 | Long Pos Open: False
2025-08-12 20:59:13,974 - TradingThread - INFO - Price: 119297.0 | Long Target: 140000.0 | Long Pos Open: False
2025-08-12 20:59:14,074 - TradingThread - INFO - Price: 119297.0 | Long Target: 140000.0 | Long Pos Open: False
2025-08-12 20:59:14,174 - TradingThread - INFO - Price: 119297.0 | Long Target: 140000.0 | Long Pos Open: False
2025-08-12 20:59:14,274 - TradingThread - INFO - Price: 119296.9 | Long Target: 140000.0 | Long Pos Open: False
2025-08-12 20:59:14,375 - TradingThread - INFO - Price: 119297.0 | Long Target: 140000.0 | Long Pos Open: False
2025-08-12 20:59:14,474 - TradingThread - INFO - Price: 119296.9 | Long Target: 140000.0 | Long Pos Open: False
2025-08-12 20:59:14,574 - TradingThread - INFO - Price: 119296.9 | Long Target: 140000.0 | Long Pos Open: False
2025-08-12 20:59:14,777 - TradingThread - INFO - Price: 119296.9 | Long Target: 140000.0 | Long Pos Open: False
2025-08-12 20:59:14,876 - TradingThread - INFO - Price: 119296.9 | Long Target: 140000.0 | Long Pos Open: False
2025-08-12 20:59:14,974 - TradingThread - INFO - Price: 119297.0 | Long Target: 140000.0 | Long Pos Open: False
2025-08-12 20:59:15,074 - TradingThread - INFO - Price: 119297.0 | Long Target: 140000.0 | Long Pos Open: False
2025-08-12 20:59:15,176 - TradingThread - INFO - Price: 119297.0 | Long Target: 140000.0 | Long Pos Open: False
2025-08-12 20:59:15,475 - TradingThread - INFO - Price: 119297.0 | Long Target: 140000.0 | Long Pos Open: False
2025-08-12 20:59:15,574 - TradingThread - INFO - Price: 119297.0 | Long Target: 140000.0 | Long Pos Open: False
2025-08-12 20:59:15,675 - TradingThread - INFO - Price: 119290.0 | Long Target: 140000.0 | Long Pos Open: False
2025-08-12 20:59:15,775 - TradingThread - INFO - Price: 119290.1 | Long Target: 140000.0 | Long Pos Open: False
2025-08-12 20:59:15,874 - TradingThread - INFO - Price: 119286.7 | Long Target: 140000.0 | Long Pos Open: False
2025-08-12 20:59:15,974 - TradingThread - INFO - Price: 119286.7 | Long Target: 140000.0 | Long Pos Open: False
2025-08-12 20:59:16,074 - TradingThread - INFO - Price: 119286.7 | Long Target: 140000.0 | Long Pos Open: False
2025-08-12 20:59:16,175 - TradingThread - INFO - Price: 119286.7 | Long Target: 140000.0 | Long Pos Open: False
2025-08-12 20:59:16,277 - TradingThread - INFO - Price: 119286.7 | Long Target: 140000.0 | Long Pos Open: False
2025-08-12 20:59:16,374 - TradingThread - INFO - Price: 119286.7 | Long Target: 140000.0 | Long Pos Open: False
2025-08-12 20:59:16,474 - TradingThread - INFO - Price: 119286.7 | Long Target: 140000.0 | Long Pos Open: False
2025-08-12 20:59:16,578 - TradingThread - INFO - Price: 119286.7 | Long Target: 140000.0 | Long Pos Open: False
2025-08-12 20:59:16,674 - TradingThread - INFO - Price: 119286.6 | Long Target: 140000.0 | Long Pos Open: False
2025-08-12 20:59:16,774 - TradingThread - INFO - Price: 119286.6 | Long Target: 140000.0 | Long Pos Open: False
2025-08-12 20:59:16,874 - TradingThread - INFO - Price: 119286.6 | Long Target: 140000.0 | Long Pos Open: False
2025-08-12 20:59:16,974 - TradingThread - INFO - Price: 119286.7 | Long Target: 140000.0 | Long Pos Open: False
2025-08-12 20:59:17,074 - TradingThread - INFO - Price: 119286.7 | Long Target: 140000.0 | Long Pos Open: False
2025-08-12 20:59:17,174 - TradingThread - INFO - Price: 119286.7 | Long Target: 140000.0 | Long Pos Open: False
2025-08-12 20:59:17,274 - TradingThread - INFO - Price: 119286.7 | Long Target: 140000.0 | Long Pos Open: False
2025-08-12 20:59:17,574 - TradingThread - INFO - Price: 119286.7 | Long Target: 140000.0 | Long Pos Open: False
2025-08-12 20:59:17,675 - TradingThread - INFO - Price: 119286.7 | Long Target: 140000.0 | Long Pos Open: False
2025-08-12 20:59:17,773 - TradingThread - INFO - Price: 119286.7 | Long Target: 140000.0 | Long Pos Open: False
2025-08-12 20:59:17,874 - TradingThread - INFO - Price: 119286.7 | Long Target: 140000.0 | Long Pos Open: False
2025-08-12 20:59:17,975 - TradingThread - INFO - Price: 119286.7 | Long Target: 140000.0 | Long Pos Open: False
2025-08-12 20:59:18,077 - TradingThread - INFO - Price: 119286.7 | Long Target: 140000.0 | Long Pos Open: False
2025-08-12 20:59:18,174 - TradingThread - INFO - Price: 119286.7 | Long Target: 140000.0 | Long Pos Open: False
2025-08-12 20:59:18,276 - TradingThread - INFO - Price: 119286.7 | Long Target: 140000.0 | Long Pos Open: False
2025-08-12 20:59:18,375 - TradingThread - INFO - Price: 119286.7 | Long Target: 140000.0 | Long Pos Open: False
2025-08-12 20:59:18,479 - TradingThread - INFO - Price: 119286.7 | Long Target: 140000.0 | Long Pos Open: False
2025-08-12 20:59:18,574 - TradingThread - INFO - Price: 119286.7 | Long Target: 140000.0 | Long Pos Open: False
2025-08-12 20:59:18,674 - TradingThread - INFO - Price: 119286.7 | Long Target: 140000.0 | Long Pos Open: False
2025-08-12 20:59:18,774 - TradingThread - INFO - Price: 119286.7 | Long Target: 140000.0 | Long Pos Open: False
2025-08-12 20:59:18,974 - TradingThread - INFO - Price: 119286.7 | Long Target: 140000.0 | Long Pos Open: False
2025-08-12 20:59:19,074 - TradingThread - INFO - Price: 119286.7 | Long Target: 140000.0 | Long Pos Open: False
2025-08-12 20:59:19,175 - TradingThread - INFO - Price: 119286.7 | Long Target: 140000.0 | Long Pos Open: False
2025-08-12 20:59:19,274 - TradingThread - INFO - Price: 119286.7 | Long Target: 140000.0 | Long Pos Open: False
2025-08-12 20:59:19,474 - TradingThread - INFO - Price: 119286.7 | Long Target: 140000.0 | Long Pos Open: False
2025-08-12 20:59:19,573 - TradingThread - INFO - Price: 119286.7 | Long Target: 140000.0 | Long Pos Open: False
2025-08-12 20:59:19,974 - TradingThread - INFO - Price: 119286.7 | Long Target: 140000.0 | Long Pos Open: False
2025-08-12 20:59:20,074 - TradingThread - INFO - Price: 119286.7 | Long Target: 140000.0 | Long Pos Open: False
2025-08-12 20:59:20,274 - TradingThread - INFO - Price: 119286.7 | Long Target: 140000.0 | Long Pos Open: False
2025-08-12 20:59:20,374 - TradingThread - INFO - Price: 119286.7 | Long Target: 140000.0 | Long Pos Open: False
2025-08-12 20:59:20,474 - TradingThread - INFO - Price: 119286.7 | Long Target: 140000.0 | Long Pos Open: False
2025-08-12 20:59:20,573 - TradingThread - INFO - Price: 119286.7 | Long Target: 140000.0 | Long Pos Open: False
2025-08-12 20:59:20,674 - TradingThread - INFO - Price: 119286.7 | Long Target: 140000.0 | Long Pos Open: False
2025-08-12 20:59:20,874 - TradingThread - INFO - Price: 119286.7 | Long Target: 140000.0 | Long Pos Open: False
2025-08-12 20:59:20,974 - TradingThread - INFO - Price: 119286.7 | Long Target: 140000.0 | Long Pos Open: False
2025-08-12 20:59:21,174 - TradingThread - INFO - Price: 119286.7 | Long Target: 140000.0 | Long Pos Open: False
2025-08-12 20:59:21,274 - TradingThread - INFO - Price: 119286.7 | Long Target: 140000.0 | Long Pos Open: False
2025-08-12 20:59:21,373 - TradingThread - INFO - Price: 119286.7 | Long Target: 140000.0 | Long Pos Open: False
2025-08-12 20:59:21,473 - TradingThread - INFO - Price: 119286.7 | Long Target: 140000.0 | Long Pos Open: False
2025-08-12 20:59:21,575 - TradingThread - INFO - Price: 119286.7 | Long Target: 140000.0 | Long Pos Open: False
2025-08-12 20:59:21,774 - TradingThread - INFO - Price: 119286.7 | Long Target: 140000.0 | Long Pos Open: False
2025-08-12 20:59:21,874 - TradingThread - INFO - Price: 119286.7 | Long Target: 140000.0 | Long Pos Open: False
2025-08-12 20:59:21,976 - TradingThread - INFO - Price: 119286.7 | Long Target: 140000.0 | Long Pos Open: False
2025-08-12 20:59:22,074 - TradingThread - INFO - Price: 119286.7 | Long Target: 140000.0 | Long Pos Open: False
2025-08-12 20:59:22,173 - TradingThread - INFO - Price: 119286.7 | Long Target: 140000.0 | Long Pos Open: False
2025-08-12 20:59:22,274 - TradingThread - INFO - Price: 119286.7 | Long Target: 140000.0 | Long Pos Open: False
2025-08-12 20:59:22,374 - TradingThread - INFO - Price: 119286.7 | Long Target: 140000.0 | Long Pos Open: False
2025-08-12 20:59:22,473 - TradingThread - INFO - Price: 119286.7 | Long Target: 140000.0 | Long Pos Open: False
2025-08-12 20:59:22,574 - TradingThread - INFO - Price: 119286.7 | Long Target: 140000.0 | Long Pos Open: False
2025-08-12 20:59:22,673 - TradingThread - INFO - Price: 119286.7 | Long Target: 140000.0 | Long Pos Open: False
2025-08-12 20:59:22,874 - TradingThread - INFO - Price: 119286.7 | Long Target: 140000.0 | Long Pos Open: False
2025-08-12 20:59:22,974 - TradingThread - INFO - Price: 119286.7 | Long Target: 140000.0 | Long Pos Open: False
2025-08-12 20:59:23,074 - TradingThread - INFO - Price: 119286.7 | Long Target: 140000.0 | Long Pos Open: False
2025-08-12 20:59:23,373 - TradingThread - INFO - Price: 119286.7 | Long Target: 140000.0 | Long Pos Open: False
2025-08-12 20:59:23,574 - TradingThread - INFO - Price: 119286.7 | Long Target: 140000.0 | Long Pos Open: False
2025-08-12 20:59:23,673 - TradingThread - INFO - Price: 119281.8 | Long Target: 140000.0 | Long Pos Open: False
2025-08-12 20:59:23,773 - TradingThread - INFO - Price: 119281.8 | Long Target: 140000.0 | Long Pos Open: False
2025-08-12 20:59:23,873 - TradingThread - INFO - Price: 119281.8 | Long Target: 140000.0 | Long Pos Open: False
2025-08-12 20:59:23,973 - TradingThread - INFO - Price: 119281.6 | Long Target: 140000.0 | Long Pos Open: False
2025-08-12 20:59:24,074 - TradingThread - INFO - Price: 119281.6 | Long Target: 140000.0 | Long Pos Open: False
2025-08-12 20:59:24,174 - TradingThread - INFO - Price: 119281.6 | Long Target: 140000.0 | Long Pos Open: False
2025-08-12 20:59:24,274 - TradingThread - INFO - Price: 119281.6 | Long Target: 140000.0 | Long Pos Open: False
2025-08-12 20:59:24,473 - TradingThread - INFO - Price: 119281.6 | Long Target: 140000.0 | Long Pos Open: False
2025-08-12 20:59:24,574 - TradingThread - INFO - Price: 119281.6 | Long Target: 140000.0 | Long Pos Open: False
2025-08-12 20:59:24,674 - TradingThread - INFO - Price: 119281.6 | Long Target: 140000.0 | Long Pos Open: False
2025-08-12 20:59:24,773 - TradingThread - INFO - Price: 119281.6 | Long Target: 140000.0 | Long Pos Open: False
2025-08-12 20:59:24,873 - TradingThread - INFO - Price: 119281.6 | Long Target: 140000.0 | Long Pos Open: False
2025-08-12 20:59:24,973 - TradingThread - INFO - Price: 119281.6 | Long Target: 140000.0 | Long Pos Open: False
2025-08-12 20:59:25,073 - TradingThread - INFO - Price: 119281.5 | Long Target: 140000.0 | Long Pos Open: False
2025-08-12 20:59:25,175 - TradingThread - INFO - Price: 119281.6 | Long Target: 140000.0 | Long Pos Open: False
2025-08-12 20:59:25,273 - TradingThread - INFO - Price: 119281.6 | Long Target: 140000.0 | Long Pos Open: False
2025-08-12 20:59:25,373 - TradingThread - INFO - Price: 119281.6 | Long Target: 140000.0 | Long Pos Open: False
2025-08-12 20:59:25,574 - TradingThread - INFO - Price: 119269.2 | Long Target: 140000.0 | Long Pos Open: False
2025-08-12 20:59:25,673 - TradingThread - INFO - Price: 119268.9 | Long Target: 140000.0 | Long Pos Open: False
2025-08-12 20:59:25,774 - TradingThread - INFO - Price: 119268.9 | Long Target: 140000.0 | Long Pos Open: False
2025-08-12 20:59:25,874 - TradingThread - INFO - Price: 119268.9 | Long Target: 140000.0 | Long Pos Open: False
2025-08-12 20:59:25,973 - TradingThread - INFO - Price: 119268.9 | Long Target: 140000.0 | Long Pos Open: False
2025-08-12 20:59:26,075 - TradingThread - INFO - Price: 119268.9 | Long Target: 140000.0 | Long Pos Open: False
2025-08-12 20:59:26,173 - TradingThread - INFO - Price: 119268.9 | Long Target: 140000.0 | Long Pos Open: False
2025-08-12 20:59:26,273 - TradingThread - INFO - Price: 119268.9 | Long Target: 140000.0 | Long Pos Open: False
2025-08-12 20:59:26,373 - TradingThread - INFO - Price: 119268.9 | Long Target: 140000.0 | Long Pos Open: False
2025-08-12 20:59:26,474 - TradingThread - INFO - Price: 119268.9 | Long Target: 140000.0 | Long Pos Open: False
2025-08-12 20:59:26,576 - TradingThread - INFO - Price: 119268.9 | Long Target: 140000.0 | Long Pos Open: False
2025-08-12 20:59:26,674 - TradingThread - INFO - Price: 119268.9 | Long Target: 140000.0 | Long Pos Open: False
2025-08-12 20:59:26,774 - TradingThread - INFO - Price: 119268.8 | Long Target: 140000.0 | Long Pos Open: False
2025-08-12 20:59:26,873 - TradingThread - INFO - Price: 119268.9 | Long Target: 140000.0 | Long Pos Open: False
2025-08-12 20:59:26,974 - TradingThread - INFO - Price: 119268.9 | Long Target: 140000.0 | Long Pos Open: False
2025-08-12 20:59:27,174 - TradingThread - INFO - Price: 119268.9 | Long Target: 140000.0 | Long Pos Open: False
2025-08-12 20:59:27,374 - TradingThread - INFO - Price: 119268.9 | Long Target: 140000.0 | Long Pos Open: False
2025-08-12 20:59:27,475 - TradingThread - INFO - Price: 119268.9 | Long Target: 140000.0 | Long Pos Open: False
2025-08-12 20:59:27,773 - TradingThread - INFO - Price: 119268.9 | Long Target: 140000.0 | Long Pos Open: False
2025-08-12 20:59:27,873 - TradingThread - INFO - Price: 119268.9 | Long Target: 140000.0 | Long Pos Open: False
2025-08-12 20:59:27,973 - TradingThread - INFO - Price: 119268.9 | Long Target: 140000.0 | Long Pos Open: False
2025-08-12 20:59:28,074 - TradingThread - INFO - Price: 119268.9 | Long Target: 140000.0 | Long Pos Open: False
2025-08-12 20:59:28,174 - TradingThread - INFO - Price: 119268.8 | Long Target: 140000.0 | Long Pos Open: False
2025-08-12 20:59:28,275 - TradingThread - INFO - Price: 119268.8 | Long Target: 140000.0 | Long Pos Open: False
2025-08-12 20:59:28,474 - TradingThread - INFO - Price: 119268.8 | Long Target: 140000.0 | Long Pos Open: False
2025-08-12 20:59:28,573 - TradingThread - INFO - Price: 119268.8 | Long Target: 140000.0 | Long Pos Open: False
2025-08-12 20:59:28,676 - TradingThread - INFO - Price: 119268.8 | Long Target: 140000.0 | Long Pos Open: False
2025-08-12 20:59:28,774 - TradingThread - INFO - Price: 119268.9 | Long Target: 140000.0 | Long Pos Open: False
2025-08-12 20:59:28,873 - TradingThread - INFO - Price: 119268.9 | Long Target: 140000.0 | Long Pos Open: False
2025-08-12 20:59:28,974 - TradingThread - INFO - Price: 119268.9 | Long Target: 140000.0 | Long Pos Open: False
2025-08-12 20:59:29,074 - TradingThread - INFO - Price: 119268.9 | Long Target: 140000.0 | Long Pos Open: False
2025-08-12 20:59:29,174 - TradingThread - INFO - Price: 119268.9 | Long Target: 140000.0 | Long Pos Open: False
2025-08-12 20:59:29,274 - TradingThread - INFO - Price: 119268.9 | Long Target: 140000.0 | Long Pos Open: False
2025-08-12 20:59:29,373 - TradingThread - INFO - Price: 119268.9 | Long Target: 140000.0 | Long Pos Open: False
2025-08-12 20:59:29,473 - TradingThread - INFO - Price: 119268.9 | Long Target: 140000.0 | Long Pos Open: False
2025-08-12 20:59:29,573 - TradingThread - INFO - Price: 119268.9 | Long Target: 140000.0 | Long Pos Open: False
2025-08-12 20:59:29,674 - TradingThread - INFO - Price: 119268.9 | Long Target: 140000.0 | Long Pos Open: False
2025-08-12 20:59:29,874 - TradingThread - INFO - Price: 119268.9 | Long Target: 140000.0 | Long Pos Open: False
2025-08-12 20:59:30,073 - TradingThread - INFO - Price: 119268.9 | Long Target: 140000.0 | Long Pos Open: False
2025-08-12 20:59:30,173 - TradingThread - INFO - Price: 119268.9 | Long Target: 140000.0 | Long Pos Open: False
2025-08-12 20:59:30,274 - TradingThread - INFO - Price: 119268.8 | Long Target: 140000.0 | Long Pos Open: False
2025-08-12 20:59:30,373 - TradingThread - INFO - Price: 119268.8 | Long Target: 140000.0 | Long Pos Open: False
2025-08-12 20:59:30,473 - TradingThread - INFO - Price: 119268.8 | Long Target: 140000.0 | Long Pos Open: False
2025-08-12 20:59:30,573 - TradingThread - INFO - Price: 119268.8 | Long Target: 140000.0 | Long Pos Open: False
2025-08-12 20:59:30,673 - TradingThread - INFO - Price: 119268.9 | Long Target: 140000.0 | Long Pos Open: False
2025-08-12 20:59:30,773 - TradingThread - INFO - Price: 119268.9 | Long Target: 140000.0 | Long Pos Open: False
2025-08-12 20:59:30,873 - TradingThread - INFO - Price: 119268.9 | Long Target: 140000.0 | Long Pos Open: False
2025-08-12 20:59:31,074 - TradingThread - INFO - Price: 119268.9 | Long Target: 140000.0 | Long Pos Open: False
2025-08-12 20:59:31,173 - TradingThread - INFO - Price: 119268.9 | Long Target: 140000.0 | Long Pos Open: False
2025-08-12 20:59:31,273 - TradingThread - INFO - Price: 119268.9 | Long Target: 140000.0 | Long Pos Open: False
2025-08-12 20:59:31,373 - TradingThread - INFO - Price: 119268.8 | Long Target: 140000.0 | Long Pos Open: False
2025-08-12 20:59:31,474 - TradingThread - INFO - Price: 119268.8 | Long Target: 140000.0 | Long Pos Open: False
2025-08-12 20:59:31,573 - TradingThread - INFO - Price: 119268.8 | Long Target: 140000.0 | Long Pos Open: False
2025-08-12 20:59:31,674 - TradingThread - INFO - Price: 119268.8 | Long Target: 140000.0 | Long Pos Open: False
2025-08-12 20:59:31,774 - TradingThread - INFO - Price: 119268.8 | Long Target: 140000.0 | Long Pos Open: False
2025-08-12 20:59:31,873 - TradingThread - INFO - Price: 119268.8 | Long Target: 140000.0 | Long Pos Open: False
2025-08-12 20:59:31,974 - TradingThread - INFO - Price: 119268.8 | Long Target: 140000.0 | Long Pos Open: False
2025-08-12 20:59:32,073 - TradingThread - INFO - Price: 119268.8 | Long Target: 140000.0 | Long Pos Open: False
2025-08-12 20:59:32,174 - TradingThread - INFO - Price: 119268.8 | Long Target: 140000.0 | Long Pos Open: False
2025-08-12 20:59:32,273 - TradingThread - INFO - Price: 119268.8 | Long Target: 140000.0 | Long Pos Open: False
2025-08-12 20:59:32,373 - TradingThread - INFO - Price: 119268.8 | Long Target: 140000.0 | Long Pos Open: False
2025-08-12 20:59:32,473 - TradingThread - INFO - Price: 119268.8 | Long Target: 140000.0 | Long Pos Open: False
2025-08-12 20:59:32,573 - TradingThread - INFO - Price: 119268.8 | Long Target: 140000.0 | Long Pos Open: False
2025-08-12 20:59:32,673 - TradingThread - INFO - Price: 119268.8 | Long Target: 140000.0 | Long Pos Open: False
2025-08-12 20:59:32,773 - TradingThread - INFO - Price: 119268.8 | Long Target: 140000.0 | Long Pos Open: False
2025-08-12 20:59:32,873 - TradingThread - INFO - Price: 119268.8 | Long Target: 140000.0 | Long Pos Open: False
2025-08-12 20:59:32,974 - TradingThread - INFO - Price: 119268.8 | Long Target: 140000.0 | Long Pos Open: False
2025-08-12 20:59:33,075 - TradingThread - INFO - Price: 119268.8 | Long Target: 140000.0 | Long Pos Open: False
2025-08-12 20:59:33,280 - TradingThread - INFO - Price: 119268.8 | Long Target: 140000.0 | Long Pos Open: False
2025-08-12 20:59:33,474 - TradingThread - INFO - Price: 119268.8 | Long Target: 140000.0 | Long Pos Open: False
2025-08-12 20:59:33,574 - TradingThread - INFO - Price: 119268.8 | Long Target: 140000.0 | Long Pos Open: False
2025-08-12 20:59:33,773 - TradingThread - INFO - Price: 119268.8 | Long Target: 140000.0 | Long Pos Open: False
2025-08-12 20:59:34,074 - TradingThread - INFO - Price: 119268.8 | Long Target: 140000.0 | Long Pos Open: False
2025-08-12 20:59:34,174 - TradingThread - INFO - Price: 119268.8 | Long Target: 140000.0 | Long Pos Open: False
2025-08-12 20:59:34,273 - TradingThread - INFO - Price: 119268.9 | Long Target: 140000.0 | Long Pos Open: False
2025-08-12 20:59:34,373 - TradingThread - INFO - Price: 119268.8 | Long Target: 140000.0 | Long Pos Open: False
2025-08-12 20:59:34,474 - TradingThread - INFO - Price: 119268.8 | Long Target: 140000.0 | Long Pos Open: False
2025-08-12 20:59:34,575 - TradingThread - INFO - Price: 119268.8 | Long Target: 140000.0 | Long Pos Open: False
2025-08-12 20:59:34,674 - TradingThread - INFO - Price: 119268.8 | Long Target: 140000.0 | Long Pos Open: False
2025-08-12 20:59:34,973 - TradingThread - INFO - Price: 119268.8 | Long Target: 140000.0 | Long Pos Open: False
2025-08-12 20:59:35,074 - TradingThread - INFO - Price: 119268.8 | Long Target: 140000.0 | Long Pos Open: False
2025-08-12 20:59:35,176 - TradingThread - INFO - Price: 119268.9 | Long Target: 140000.0 | Long Pos Open: False
2025-08-12 20:59:35,273 - TradingThread - INFO - Price: 119268.9 | Long Target: 140000.0 | Long Pos Open: False
2025-08-12 20:59:35,574 - TradingThread - INFO - Price: 119268.9 | Long Target: 140000.0 | Long Pos Open: False
2025-08-12 20:59:35,674 - TradingThread - INFO - Price: 119268.9 | Long Target: 140000.0 | Long Pos Open: False
2025-08-12 20:59:35,774 - TradingThread - INFO - Price: 119268.9 | Long Target: 140000.0 | Long Pos Open: False
2025-08-12 20:59:35,875 - TradingThread - INFO - Price: 119268.9 | Long Target: 140000.0 | Long Pos Open: False
2025-08-12 20:59:35,973 - TradingThread - INFO - Price: 119268.9 | Long Target: 140000.0 | Long Pos Open: False
2025-08-12 20:59:36,074 - TradingThread - INFO - Price: 119268.9 | Long Target: 140000.0 | Long Pos Open: False
2025-08-12 20:59:36,174 - TradingThread - INFO - Price: 119268.9 | Long Target: 140000.0 | Long Pos Open: False
2025-08-12 20:59:36,677 - TradingThread - INFO - Price: 119268.9 | Long Target: 140000.0 | Long Pos Open: False
2025-08-12 20:59:36,773 - TradingThread - INFO - Price: 119268.9 | Long Target: 140000.0 | Long Pos Open: False
2025-08-12 20:59:37,074 - TradingThread - INFO - Price: 119268.9 | Long Target: 140000.0 | Long Pos Open: False
2025-08-12 20:59:37,173 - TradingThread - INFO - Price: 119268.9 | Long Target: 140000.0 | Long Pos Open: False
2025-08-12 20:59:37,274 - TradingThread - INFO - Price: 119268.9 | Long Target: 140000.0 | Long Pos Open: False
2025-08-12 20:59:37,573 - TradingThread - INFO - Price: 119268.9 | Long Target: 140000.0 | Long Pos Open: False
2025-08-12 20:59:37,674 - TradingThread - INFO - Price: 119268.9 | Long Target: 140000.0 | Long Pos Open: False
2025-08-12 20:59:37,773 - TradingThread - INFO - Price: 119268.9 | Long Target: 140000.0 | Long Pos Open: False
2025-08-12 20:59:37,873 - TradingThread - INFO - Price: 119268.9 | Long Target: 140000.0 | Long Pos Open: False
2025-08-12 20:59:37,973 - TradingThread - INFO - Price: 119268.9 | Long Target: 140000.0 | Long Pos Open: False
2025-08-12 20:59:38,074 - TradingThread - INFO - Price: 119268.9 | Long Target: 140000.0 | Long Pos Open: False
2025-08-12 20:59:38,173 - TradingThread - INFO - Price: 119268.9 | Long Target: 140000.0 | Long Pos Open: False
2025-08-12 20:59:38,373 - TradingThread - INFO - Price: 119268.9 | Long Target: 140000.0 | Long Pos Open: False
2025-08-12 20:59:38,573 - TradingThread - INFO - Price: 119268.9 | Long Target: 140000.0 | Long Pos Open: False
2025-08-12 20:59:38,676 - TradingThread - INFO - Price: 119268.9 | Long Target: 140000.0 | Long Pos Open: False
2025-08-12 20:59:38,774 - TradingThread - INFO - Price: 119268.9 | Long Target: 140000.0 | Long Pos Open: False
2025-08-12 20:59:38,873 - TradingThread - INFO - Price: 119268.9 | Long Target: 140000.0 | Long Pos Open: False
2025-08-12 20:59:39,173 - TradingThread - INFO - Price: 119268.9 | Long Target: 140000.0 | Long Pos Open: False
2025-08-12 20:59:39,373 - TradingThread - INFO - Price: 119268.8 | Long Target: 140000.0 | Long Pos Open: False
2025-08-12 20:59:39,473 - TradingThread - INFO - Price: 119268.9 | Long Target: 140000.0 | Long Pos Open: False
2025-08-12 20:59:39,573 - TradingThread - INFO - Price: 119268.9 | Long Target: 140000.0 | Long Pos Open: False
2025-08-12 20:59:39,673 - TradingThread - INFO - Price: 119268.9 | Long Target: 140000.0 | Long Pos Open: False
2025-08-12 20:59:39,773 - TradingThread - INFO - Price: 119268.9 | Long Target: 140000.0 | Long Pos Open: False
2025-08-12 20:59:39,874 - TradingThread - INFO - Price: 119268.9 | Long Target: 140000.0 | Long Pos Open: False
2025-08-12 20:59:39,973 - TradingThread - INFO - Price: 119268.9 | Long Target: 140000.0 | Long Pos Open: False
2025-08-12 20:59:40,073 - TradingThread - INFO - Price: 119268.9 | Long Target: 140000.0 | Long Pos Open: False
2025-08-12 20:59:40,373 - TradingThread - INFO - Price: 119268.9 | Long Target: 140000.0 | Long Pos Open: False
2025-08-12 20:59:40,473 - TradingThread - INFO - Price: 119268.9 | Long Target: 140000.0 | Long Pos Open: False
2025-08-12 20:59:40,573 - TradingThread - INFO - Price: 119268.9 | Long Target: 140000.0 | Long Pos Open: False
2025-08-12 20:59:40,673 - TradingThread - INFO - Price: 119268.9 | Long Target: 140000.0 | Long Pos Open: False
2025-08-12 20:59:40,774 - TradingThread - INFO - Price: 119268.9 | Long Target: 140000.0 | Long Pos Open: False
2025-08-12 20:59:40,873 - TradingThread - INFO - Price: 119268.9 | Long Target: 140000.0 | Long Pos Open: False
2025-08-12 20:59:40,973 - TradingThread - INFO - Price: 119268.9 | Long Target: 140000.0 | Long Pos Open: False
2025-08-12 20:59:41,073 - TradingThread - INFO - Price: 119268.8 | Long Target: 140000.0 | Long Pos Open: False
2025-08-12 20:59:41,173 - TradingThread - INFO - Price: 119268.9 | Long Target: 140000.0 | Long Pos Open: False
2025-08-12 20:59:41,276 - TradingThread - INFO - Price: 119268.9 | Long Target: 140000.0 | Long Pos Open: False
2025-08-12 20:59:41,373 - TradingThread - INFO - Price: 119268.9 | Long Target: 140000.0 | Long Pos Open: False
2025-08-12 20:59:41,473 - TradingThread - INFO - Price: 119268.9 | Long Target: 140000.0 | Long Pos Open: False
2025-08-12 20:59:41,672 - TradingThread - INFO - Price: 119268.9 | Long Target: 140000.0 | Long Pos Open: False
2025-08-12 20:59:41,773 - TradingThread - INFO - Price: 119268.9 | Long Target: 140000.0 | Long Pos Open: False
2025-08-12 20:59:41,874 - TradingThread - INFO - Price: 119268.9 | Long Target: 140000.0 | Long Pos Open: False
2025-08-12 20:59:41,974 - TradingThread - INFO - Price: 119268.9 | Long Target: 140000.0 | Long Pos Open: False
2025-08-12 20:59:42,073 - TradingThread - INFO - Price: 119268.9 | Long Target: 140000.0 | Long Pos Open: False
2025-08-12 20:59:42,173 - TradingThread - INFO - Price: 119268.9 | Long Target: 140000.0 | Long Pos Open: False
2025-08-12 20:59:42,273 - TradingThread - INFO - Price: 119268.9 | Long Target: 140000.0 | Long Pos Open: False
2025-08-12 20:59:42,473 - TradingThread - INFO - Price: 119278.8 | Long Target: 140000.0 | Long Pos Open: False
2025-08-12 20:59:42,573 - TradingThread - INFO - Price: 119278.8 | Long Target: 140000.0 | Long Pos Open: False
2025-08-12 20:59:42,673 - TradingThread - INFO - Price: 119278.8 | Long Target: 140000.0 | Long Pos Open: False
2025-08-12 20:59:42,773 - TradingThread - INFO - Price: 119278.8 | Long Target: 140000.0 | Long Pos Open: False
2025-08-12 20:59:42,873 - TradingThread - INFO - Price: 119278.8 | Long Target: 140000.0 | Long Pos Open: False
2025-08-12 20:59:43,073 - TradingThread - INFO - Price: 119288.8 | Long Target: 140000.0 | Long Pos Open: False
2025-08-12 20:59:43,173 - TradingThread - INFO - Price: 119288.8 | Long Target: 140000.0 | Long Pos Open: False
2025-08-12 20:59:43,273 - TradingThread - INFO - Price: 119288.8 | Long Target: 140000.0 | Long Pos Open: False
2025-08-12 20:59:43,373 - TradingThread - INFO - Price: 119288.8 | Long Target: 140000.0 | Long Pos Open: False
2025-08-12 20:59:43,473 - TradingThread - INFO - Price: 119288.8 | Long Target: 140000.0 | Long Pos Open: False
2025-08-12 20:59:43,674 - TradingThread - INFO - Price: 119288.8 | Long Target: 140000.0 | Long Pos Open: False
2025-08-12 20:59:43,873 - TradingThread - INFO - Price: 119288.7 | Long Target: 140000.0 | Long Pos Open: False
2025-08-12 20:59:43,973 - TradingThread - INFO - Price: 119288.8 | Long Target: 140000.0 | Long Pos Open: False
2025-08-12 20:59:44,072 - TradingThread - INFO - Price: 119288.8 | Long Target: 140000.0 | Long Pos Open: False
2025-08-12 20:59:44,272 - TradingThread - INFO - Price: 119288.8 | Long Target: 140000.0 | Long Pos Open: False
2025-08-12 20:59:44,372 - TradingThread - INFO - Price: 119288.8 | Long Target: 140000.0 | Long Pos Open: False
2025-08-12 20:59:44,473 - TradingThread - INFO - Price: 119288.8 | Long Target: 140000.0 | Long Pos Open: False
2025-08-12 20:59:44,579 - TradingThread - INFO - Price: 119288.8 | Long Target: 140000.0 | Long Pos Open: False
2025-08-12 20:59:44,672 - TradingThread - INFO - Price: 119295.6 | Long Target: 140000.0 | Long Pos Open: False
2025-08-12 20:59:44,774 - TradingThread - INFO - Price: 119298.1 | Long Target: 140000.0 | Long Pos Open: False
2025-08-12 20:59:44,873 - TradingThread - INFO - Price: 119298.1 | Long Target: 140000.0 | Long Pos Open: False
2025-08-12 20:59:44,972 - TradingThread - INFO - Price: 119298.0 | Long Target: 140000.0 | Long Pos Open: False
2025-08-12 20:59:45,073 - TradingThread - INFO - Price: 119298.0 | Long Target: 140000.0 | Long Pos Open: False
2025-08-12 20:59:45,173 - TradingThread - INFO - Price: 119298.0 | Long Target: 140000.0 | Long Pos Open: False
2025-08-12 20:59:45,273 - TradingThread - INFO - Price: 119298.0 | Long Target: 140000.0 | Long Pos Open: False
2025-08-12 20:59:45,373 - TradingThread - INFO - Price: 119298.0 | Long Target: 140000.0 | Long Pos Open: False
2025-08-12 20:59:45,474 - TradingThread - INFO - Price: 119298.0 | Long Target: 140000.0 | Long Pos Open: False
2025-08-12 20:59:45,673 - TradingThread - INFO - Price: 119298.0 | Long Target: 140000.0 | Long Pos Open: False
2025-08-12 20:59:45,772 - TradingThread - INFO - Price: 119298.0 | Long Target: 140000.0 | Long Pos Open: False
2025-08-12 20:59:45,873 - TradingThread - INFO - Price: 119298.0 | Long Target: 140000.0 | Long Pos Open: False
2025-08-12 20:59:45,972 - TradingThread - INFO - Price: 119298.1 | Long Target: 140000.0 | Long Pos Open: False
2025-08-12 20:59:46,073 - TradingThread - INFO - Price: 119298.1 | Long Target: 140000.0 | Long Pos Open: False
2025-08-12 20:59:46,176 - TradingThread - INFO - Price: 119298.1 | Long Target: 140000.0 | Long Pos Open: False
2025-08-12 20:59:46,273 - TradingThread - INFO - Price: 119298.1 | Long Target: 140000.0 | Long Pos Open: False
2025-08-12 20:59:46,373 - TradingThread - INFO - Price: 119298.1 | Long Target: 140000.0 | Long Pos Open: False
2025-08-12 20:59:46,473 - TradingThread - INFO - Price: 119298.1 | Long Target: 140000.0 | Long Pos Open: False
2025-08-12 20:59:46,573 - TradingThread - INFO - Price: 119298.1 | Long Target: 140000.0 | Long Pos Open: False
2025-08-12 20:59:46,673 - TradingThread - INFO - Price: 119298.1 | Long Target: 140000.0 | Long Pos Open: False
2025-08-12 20:59:46,774 - TradingThread - INFO - Price: 119298.1 | Long Target: 140000.0 | Long Pos Open: False
2025-08-12 20:59:46,873 - TradingThread - INFO - Price: 119298.1 | Long Target: 140000.0 | Long Pos Open: False
2025-08-12 20:59:46,973 - TradingThread - INFO - Price: 119298.1 | Long Target: 140000.0 | Long Pos Open: False
2025-08-12 20:59:47,073 - TradingThread - INFO - Price: 119298.1 | Long Target: 140000.0 | Long Pos Open: False
2025-08-12 20:59:47,173 - TradingThread - INFO - Price: 119298.1 | Long Target: 140000.0 | Long Pos Open: False
2025-08-12 20:59:47,273 - TradingThread - INFO - Price: 119298.0 | Long Target: 140000.0 | Long Pos Open: False
2025-08-12 20:59:47,373 - TradingThread - INFO - Price: 119298.0 | Long Target: 140000.0 | Long Pos Open: False
2025-08-12 20:59:47,473 - TradingThread - INFO - Price: 119298.0 | Long Target: 140000.0 | Long Pos Open: False
2025-08-12 20:59:47,572 - TradingThread - INFO - Price: 119298.0 | Long Target: 140000.0 | Long Pos Open: False
2025-08-12 20:59:47,673 - TradingThread - INFO - Price: 119298.0 | Long Target: 140000.0 | Long Pos Open: False
2025-08-12 20:59:47,772 - TradingThread - INFO - Price: 119298.0 | Long Target: 140000.0 | Long Pos Open: False
2025-08-12 20:59:47,872 - TradingThread - INFO - Price: 119298.0 | Long Target: 140000.0 | Long Pos Open: False
2025-08-12 20:59:47,972 - TradingThread - INFO - Price: 119298.0 | Long Target: 140000.0 | Long Pos Open: False
2025-08-12 20:59:48,073 - TradingThread - INFO - Price: 119298.0 | Long Target: 140000.0 | Long Pos Open: False
2025-08-12 20:59:48,173 - TradingThread - INFO - Price: 119298.0 | Long Target: 140000.0 | Long Pos Open: False
2025-08-12 20:59:48,272 - TradingThread - INFO - Price: 119298.0 | Long Target: 140000.0 | Long Pos Open: False
2025-08-12 20:59:48,472 - TradingThread - INFO - Price: 119298.0 | Long Target: 140000.0 | Long Pos Open: False
2025-08-12 20:59:48,673 - TradingThread - INFO - Price: 119298.0 | Long Target: 140000.0 | Long Pos Open: False
2025-08-12 20:59:48,772 - TradingThread - INFO - Price: 119298.0 | Long Target: 140000.0 | Long Pos Open: False
2025-08-12 20:59:48,873 - TradingThread - INFO - Price: 119298.0 | Long Target: 140000.0 | Long Pos Open: False
2025-08-12 20:59:48,973 - TradingThread - INFO - Price: 119298.0 | Long Target: 140000.0 | Long Pos Open: False
2025-08-12 20:59:49,073 - TradingThread - INFO - Price: 119298.0 | Long Target: 140000.0 | Long Pos Open: False
2025-08-12 20:59:49,373 - TradingThread - INFO - Price: 119298.0 | Long Target: 140000.0 | Long Pos Open: False
2025-08-12 20:59:49,473 - TradingThread - INFO - Price: 119298.0 | Long Target: 140000.0 | Long Pos Open: False
2025-08-12 20:59:49,572 - TradingThread - INFO - Price: 119298.0 | Long Target: 140000.0 | Long Pos Open: False
2025-08-12 20:59:49,672 - TradingThread - INFO - Price: 119298.1 | Long Target: 140000.0 | Long Pos Open: False
2025-08-12 20:59:49,772 - TradingThread - INFO - Price: 119298.0 | Long Target: 140000.0 | Long Pos Open: False
2025-08-12 20:59:49,872 - TradingThread - INFO - Price: 119298.0 | Long Target: 140000.0 | Long Pos Open: False
2025-08-12 20:59:49,973 - TradingThread - INFO - Price: 119298.0 | Long Target: 140000.0 | Long Pos Open: False
2025-08-12 20:59:50,172 - TradingThread - INFO - Price: 119298.0 | Long Target: 140000.0 | Long Pos Open: False
2025-08-12 20:59:50,273 - TradingThread - INFO - Price: 119298.0 | Long Target: 140000.0 | Long Pos Open: False
2025-08-12 20:59:50,472 - TradingThread - INFO - Price: 119298.0 | Long Target: 140000.0 | Long Pos Open: False
2025-08-12 20:59:50,572 - TradingThread - INFO - Price: 119298.0 | Long Target: 140000.0 | Long Pos Open: False
2025-08-12 20:59:50,674 - TradingThread - INFO - Price: 119298.1 | Long Target: 140000.0 | Long Pos Open: False
2025-08-12 20:59:50,773 - TradingThread - INFO - Price: 119298.1 | Long Target: 140000.0 | Long Pos Open: False
2025-08-12 20:59:50,872 - TradingThread - INFO - Price: 119298.1 | Long Target: 140000.0 | Long Pos Open: False
2025-08-12 20:59:50,972 - TradingThread - INFO - Price: 119298.1 | Long Target: 140000.0 | Long Pos Open: False
2025-08-12 20:59:51,174 - TradingThread - INFO - Price: 119298.1 | Long Target: 140000.0 | Long Pos Open: False
2025-08-12 20:59:51,373 - TradingThread - INFO - Price: 119298.1 | Long Target: 140000.0 | Long Pos Open: False
2025-08-12 20:59:51,472 - TradingThread - INFO - Price: 119298.1 | Long Target: 140000.0 | Long Pos Open: False
2025-08-12 20:59:51,573 - TradingThread - INFO - Price: 119298.1 | Long Target: 140000.0 | Long Pos Open: False
2025-08-12 20:59:51,672 - TradingThread - INFO - Price: 119298.0 | Long Target: 140000.0 | Long Pos Open: False
2025-08-12 20:59:51,772 - TradingThread - INFO - Price: 119298.0 | Long Target: 140000.0 | Long Pos Open: False
2025-08-12 20:59:51,973 - TradingThread - INFO - Price: 119298.0 | Long Target: 140000.0 | Long Pos Open: False
2025-08-12 20:59:52,072 - TradingThread - INFO - Price: 119298.0 | Long Target: 140000.0 | Long Pos Open: False
2025-08-12 20:59:52,372 - TradingThread - INFO - Price: 119298.0 | Long Target: 140000.0 | Long Pos Open: False
2025-08-12 20:59:52,473 - TradingThread - INFO - Price: 119298.0 | Long Target: 140000.0 | Long Pos Open: False
2025-08-12 20:59:52,576 - TradingThread - INFO - Price: 119298.0 | Long Target: 140000.0 | Long Pos Open: False
2025-08-12 20:59:52,674 - TradingThread - INFO - Price: 119298.0 | Long Target: 140000.0 | Long Pos Open: False
2025-08-12 20:59:52,772 - TradingThread - INFO - Price: 119298.1 | Long Target: 140000.0 | Long Pos Open: False
2025-08-12 20:59:52,872 - TradingThread - INFO - Price: 119298.1 | Long Target: 140000.0 | Long Pos Open: False
2025-08-12 20:59:52,972 - TradingThread - INFO - Price: 119298.1 | Long Target: 140000.0 | Long Pos Open: False
2025-08-12 20:59:53,073 - TradingThread - INFO - Price: 119298.1 | Long Target: 140000.0 | Long Pos Open: False
2025-08-12 20:59:53,172 - TradingThread - INFO - Price: 119298.1 | Long Target: 140000.0 | Long Pos Open: False
2025-08-12 20:59:53,272 - TradingThread - INFO - Price: 119298.1 | Long Target: 140000.0 | Long Pos Open: False
2025-08-12 20:59:53,373 - TradingThread - INFO - Price: 119298.1 | Long Target: 140000.0 | Long Pos Open: False
2025-08-12 20:59:53,472 - TradingThread - INFO - Price: 119298.1 | Long Target: 140000.0 | Long Pos Open: False
2025-08-12 20:59:53,573 - TradingThread - INFO - Price: 119298.1 | Long Target: 140000.0 | Long Pos Open: False
2025-08-12 20:59:53,672 - TradingThread - INFO - Price: 119284.9 | Long Target: 140000.0 | Long Pos Open: False
2025-08-12 20:59:53,772 - TradingThread - INFO - Price: 119284.9 | Long Target: 140000.0 | Long Pos Open: False
2025-08-12 20:59:53,873 - TradingThread - INFO - Price: 119284.4 | Long Target: 140000.0 | Long Pos Open: False
2025-08-12 20:59:53,972 - TradingThread - INFO - Price: 119284.4 | Long Target: 140000.0 | Long Pos Open: False
2025-08-12 20:59:54,072 - TradingThread - INFO - Price: 119284.4 | Long Target: 140000.0 | Long Pos Open: False
2025-08-12 20:59:54,172 - TradingThread - INFO - Price: 119284.4 | Long Target: 140000.0 | Long Pos Open: False
2025-08-12 20:59:54,272 - TradingThread - INFO - Price: 119284.4 | Long Target: 140000.0 | Long Pos Open: False
2025-08-12 20:59:54,372 - TradingThread - INFO - Price: 119284.4 | Long Target: 140000.0 | Long Pos Open: False
2025-08-12 20:59:54,572 - TradingThread - INFO - Price: 119284.4 | Long Target: 140000.0 | Long Pos Open: False
2025-08-12 20:59:54,673 - TradingThread - INFO - Price: 119284.4 | Long Target: 140000.0 | Long Pos Open: False
2025-08-12 20:59:54,772 - TradingThread - INFO - Price: 119284.4 | Long Target: 140000.0 | Long Pos Open: False
2025-08-12 20:59:54,873 - TradingThread - INFO - Price: 119284.4 | Long Target: 140000.0 | Long Pos Open: False
2025-08-12 20:59:54,972 - TradingThread - INFO - Price: 119284.4 | Long Target: 140000.0 | Long Pos Open: False
2025-08-12 20:59:55,072 - TradingThread - INFO - Price: 119284.4 | Long Target: 140000.0 | Long Pos Open: False
2025-08-12 20:59:55,173 - TradingThread - INFO - Price: 119284.4 | Long Target: 140000.0 | Long Pos Open: False
2025-08-12 20:59:55,272 - TradingThread - INFO - Price: 119284.4 | Long Target: 140000.0 | Long Pos Open: False
2025-08-12 20:59:55,372 - TradingThread - INFO - Price: 119284.4 | Long Target: 140000.0 | Long Pos Open: False
2025-08-12 20:59:55,475 - TradingThread - INFO - Price: 119284.4 | Long Target: 140000.0 | Long Pos Open: False
2025-08-12 20:59:55,572 - TradingThread - INFO - Price: 119284.5 | Long Target: 140000.0 | Long Pos Open: False
2025-08-12 20:59:55,672 - TradingThread - INFO - Price: 119284.5 | Long Target: 140000.0 | Long Pos Open: False
2025-08-12 20:59:55,772 - TradingThread - INFO - Price: 119284.5 | Long Target: 140000.0 | Long Pos Open: False
2025-08-12 20:59:55,972 - TradingThread - INFO - Price: 119284.5 | Long Target: 140000.0 | Long Pos Open: False
2025-08-12 20:59:56,172 - TradingThread - INFO - Price: 119284.5 | Long Target: 140000.0 | Long Pos Open: False
2025-08-12 20:59:56,272 - TradingThread - INFO - Price: 119284.5 | Long Target: 140000.0 | Long Pos Open: False
2025-08-12 20:59:56,372 - TradingThread - INFO - Price: 119284.5 | Long Target: 140000.0 | Long Pos Open: False
2025-08-12 20:59:56,472 - TradingThread - INFO - Price: 119284.5 | Long Target: 140000.0 | Long Pos Open: False
2025-08-12 20:59:56,572 - TradingThread - INFO - Price: 119284.5 | Long Target: 140000.0 | Long Pos Open: False
2025-08-12 20:59:56,672 - TradingThread - INFO - Price: 119284.5 | Long Target: 140000.0 | Long Pos Open: False
2025-08-12 20:59:56,872 - TradingThread - INFO - Price: 119284.5 | Long Target: 140000.0 | Long Pos Open: False
2025-08-12 20:59:56,972 - TradingThread - INFO - Price: 119284.5 | Long Target: 140000.0 | Long Pos Open: False
2025-08-12 20:59:57,172 - TradingThread - INFO - Price: 119284.5 | Long Target: 140000.0 | Long Pos Open: False
2025-08-12 20:59:57,472 - TradingThread - INFO - Price: 119284.5 | Long Target: 140000.0 | Long Pos Open: False
2025-08-12 20:59:57,572 - TradingThread - INFO - Price: 119284.5 | Long Target: 140000.0 | Long Pos Open: False
2025-08-12 20:59:57,672 - TradingThread - INFO - Price: 119284.5 | Long Target: 140000.0 | Long Pos Open: False
2025-08-12 20:59:57,773 - TradingThread - INFO - Price: 119284.5 | Long Target: 140000.0 | Long Pos Open: False
2025-08-12 20:59:57,872 - TradingThread - INFO - Price: 119284.5 | Long Target: 140000.0 | Long Pos Open: False
2025-08-12 20:59:57,972 - TradingThread - INFO - Price: 119284.5 | Long Target: 140000.0 | Long Pos Open: False
2025-08-12 20:59:58,072 - TradingThread - INFO - Price: 119284.5 | Long Target: 140000.0 | Long Pos Open: False
2025-08-12 20:59:58,272 - TradingThread - INFO - Price: 119285.6 | Long Target: 140000.0 | Long Pos Open: False
2025-08-12 20:59:58,372 - TradingThread - INFO - Price: 119285.6 | Long Target: 140000.0 | Long Pos Open: False
2025-08-12 20:59:58,473 - TradingThread - INFO - Price: 119285.6 | Long Target: 140000.0 | Long Pos Open: False
2025-08-12 20:59:58,672 - TradingThread - INFO - Price: 119285.6 | Long Target: 140000.0 | Long Pos Open: False
2025-08-12 20:59:58,772 - TradingThread - INFO - Price: 119285.6 | Long Target: 140000.0 | Long Pos Open: False
2025-08-12 20:59:58,872 - TradingThread - INFO - Price: 119285.6 | Long Target: 140000.0 | Long Pos Open: False
2025-08-12 20:59:58,972 - TradingThread - INFO - Price: 119285.6 | Long Target: 140000.0 | Long Pos Open: False
2025-08-12 20:59:59,072 - TradingThread - INFO - Price: 119285.6 | Long Target: 140000.0 | Long Pos Open: False
2025-08-12 20:59:59,172 - TradingThread - INFO - Price: 119285.7 | Long Target: 140000.0 | Long Pos Open: False
2025-08-12 20:59:59,272 - TradingThread - INFO - Price: 119285.7 | Long Target: 140000.0 | Long Pos Open: False
2025-08-12 20:59:59,372 - TradingThread - INFO - Price: 119293.1 | Long Target: 140000.0 | Long Pos Open: False
2025-08-12 20:59:59,472 - TradingThread - INFO - Price: 119293.1 | Long Target: 140000.0 | Long Pos Open: False
2025-08-12 20:59:59,572 - TradingThread - INFO - Price: 119293.1 | Long Target: 140000.0 | Long Pos Open: False
2025-08-12 20:59:59,672 - TradingThread - INFO - Price: 119293.1 | Long Target: 140000.0 | Long Pos Open: False
2025-08-12 20:59:59,772 - TradingThread - INFO - Price: 119294.2 | Long Target: 140000.0 | Long Pos Open: False
2025-08-12 20:59:59,873 - TradingThread - INFO - Price: 119294.2 | Long Target: 140000.0 | Long Pos Open: False
2025-08-12 20:59:59,971 - TradingThread - INFO - Price: 119294.2 | Long Target: 140000.0 | Long Pos Open: False
2025-08-12 21:00:00,072 - TradingThread - INFO - Price: 119294.2 | Long Target: 140000.0 | Long Pos Open: False
2025-08-12 21:00:00,173 - TradingThread - INFO - Price: 119294.2 | Long Target: 140000.0 | Long Pos Open: False
2025-08-12 21:00:00,272 - TradingThread - INFO - Price: 119294.2 | Long Target: 140000.0 | Long Pos Open: False
2025-08-12 21:00:00,372 - TradingThread - INFO - Price: 119294.1 | Long Target: 140000.0 | Long Pos Open: False
2025-08-12 21:00:00,472 - TradingThread - INFO - Price: 119294.1 | Long Target: 140000.0 | Long Pos Open: False
2025-08-12 21:00:00,572 - TradingThread - INFO - Price: 119294.1 | Long Target: 140000.0 | Long Pos Open: False
2025-08-12 21:00:00,672 - TradingThread - INFO - Price: 119304.5 | Long Target: 140000.0 | Long Pos Open: False
2025-08-12 21:00:00,772 - TradingThread - INFO - Price: 119304.5 | Long Target: 140000.0 | Long Pos Open: False
2025-08-12 21:00:00,872 - TradingThread - INFO - Price: 119304.5 | Long Target: 140000.0 | Long Pos Open: False
2025-08-12 21:00:00,972 - TradingThread - INFO - Price: 119304.5 | Long Target: 140000.0 | Long Pos Open: False
2025-08-12 21:00:01,072 - TradingThread - INFO - Price: 119311.2 | Long Target: 140000.0 | Long Pos Open: False
2025-08-12 21:00:01,172 - TradingThread - INFO - Price: 119312.4 | Long Target: 140000.0 | Long Pos Open: False
2025-08-12 21:00:01,272 - TradingThread - INFO - Price: 119312.4 | Long Target: 140000.0 | Long Pos Open: False
2025-08-12 21:00:01,372 - TradingThread - INFO - Price: 119312.4 | Long Target: 140000.0 | Long Pos Open: False
2025-08-12 21:00:01,472 - TradingThread - INFO - Price: 119312.4 | Long Target: 140000.0 | Long Pos Open: False
2025-08-12 21:00:01,572 - TradingThread - INFO - Price: 119312.4 | Long Target: 140000.0 | Long Pos Open: False
2025-08-12 21:00:01,672 - TradingThread - INFO - Price: 119312.7 | Long Target: 140000.0 | Long Pos Open: False
2025-08-12 21:00:01,772 - TradingThread - INFO - Price: 119312.7 | Long Target: 140000.0 | Long Pos Open: False
2025-08-12 21:00:01,872 - TradingThread - INFO - Price: 119312.7 | Long Target: 140000.0 | Long Pos Open: False
2025-08-12 21:00:01,973 - TradingThread - INFO - Price: 119312.7 | Long Target: 140000.0 | Long Pos Open: False
2025-08-12 21:00:02,073 - TradingThread - INFO - Price: 119312.7 | Long Target: 140000.0 | Long Pos Open: False
2025-08-12 21:00:02,172 - TradingThread - INFO - Price: 119312.7 | Long Target: 140000.0 | Long Pos Open: False
2025-08-12 21:00:02,272 - TradingThread - INFO - Price: 119312.7 | Long Target: 140000.0 | Long Pos Open: False
2025-08-12 21:00:02,372 - TradingThread - INFO - Price: 119312.6 | Long Target: 140000.0 | Long Pos Open: False
2025-08-12 21:00:02,474 - TradingThread - INFO - Price: 119312.7 | Long Target: 140000.0 | Long Pos Open: False
2025-08-12 21:00:02,573 - TradingThread - INFO - Price: 119312.7 | Long Target: 140000.0 | Long Pos Open: False
2025-08-12 21:00:02,674 - TradingThread - INFO - Price: 119312.7 | Long Target: 140000.0 | Long Pos Open: False
2025-08-12 21:00:02,772 - TradingThread - INFO - Price: 119312.7 | Long Target: 140000.0 | Long Pos Open: False
2025-08-12 21:00:02,872 - TradingThread - INFO - Price: 119312.7 | Long Target: 140000.0 | Long Pos Open: False
2025-08-12 21:00:02,972 - TradingThread - INFO - Price: 119312.7 | Long Target: 140000.0 | Long Pos Open: False
2025-08-12 21:00:03,072 - TradingThread - INFO - Price: 119312.7 | Long Target: 140000.0 | Long Pos Open: False
2025-08-12 21:00:03,172 - TradingThread - INFO - Price: 119312.7 | Long Target: 140000.0 | Long Pos Open: False
2025-08-12 21:00:03,272 - TradingThread - INFO - Price: 119312.7 | Long Target: 140000.0 | Long Pos Open: False
2025-08-12 21:00:03,472 - TradingThread - INFO - Price: 119312.7 | Long Target: 140000.0 | Long Pos Open: False
2025-08-12 21:00:03,571 - TradingThread - INFO - Price: 119312.6 | Long Target: 140000.0 | Long Pos Open: False
2025-08-12 21:00:03,672 - TradingThread - INFO - Price: 119312.6 | Long Target: 140000.0 | Long Pos Open: False
2025-08-12 21:00:03,772 - TradingThread - INFO - Price: 119312.7 | Long Target: 140000.0 | Long Pos Open: False
2025-08-12 21:00:03,872 - TradingThread - INFO - Price: 119312.7 | Long Target: 140000.0 | Long Pos Open: False
2025-08-12 21:00:03,972 - TradingThread - INFO - Price: 119312.7 | Long Target: 140000.0 | Long Pos Open: False
2025-08-12 21:00:04,072 - TradingThread - INFO - Price: 119312.7 | Long Target: 140000.0 | Long Pos Open: False
2025-08-12 21:00:04,172 - TradingThread - INFO - Price: 119312.7 | Long Target: 140000.0 | Long Pos Open: False
2025-08-12 21:00:04,272 - TradingThread - INFO - Price: 119312.7 | Long Target: 140000.0 | Long Pos Open: False
2025-08-12 21:00:04,372 - TradingThread - INFO - Price: 119312.7 | Long Target: 140000.0 | Long Pos Open: False
2025-08-12 21:00:04,472 - TradingThread - INFO - Price: 119312.7 | Long Target: 140000.0 | Long Pos Open: False
2025-08-12 21:00:04,572 - TradingThread - INFO - Price: 119312.7 | Long Target: 140000.0 | Long Pos Open: False
2025-08-12 21:00:04,771 - TradingThread - INFO - Price: 119312.6 | Long Target: 140000.0 | Long Pos Open: False
2025-08-12 21:00:04,872 - TradingThread - INFO - Price: 119312.6 | Long Target: 140000.0 | Long Pos Open: False
2025-08-12 21:00:04,972 - TradingThread - INFO - Price: 119312.6 | Long Target: 140000.0 | Long Pos Open: False
2025-08-12 21:00:05,072 - TradingThread - INFO - Price: 119312.7 | Long Target: 140000.0 | Long Pos Open: False
2025-08-12 21:00:05,171 - TradingThread - INFO - Price: 119312.7 | Long Target: 140000.0 | Long Pos Open: False
2025-08-12 21:00:05,271 - TradingThread - INFO - Price: 119312.7 | Long Target: 140000.0 | Long Pos Open: False
2025-08-12 21:00:05,472 - TradingThread - INFO - Price: 119312.7 | Long Target: 140000.0 | Long Pos Open: False
2025-08-12 21:00:05,572 - TradingThread - INFO - Price: 119312.7 | Long Target: 140000.0 | Long Pos Open: False
2025-08-12 21:00:05,672 - TradingThread - INFO - Price: 119312.7 | Long Target: 140000.0 | Long Pos Open: False
2025-08-12 21:00:05,772 - TradingThread - INFO - Price: 119312.7 | Long Target: 140000.0 | Long Pos Open: False
2025-08-12 21:00:05,872 - TradingThread - INFO - Price: 119312.7 | Long Target: 140000.0 | Long Pos Open: False
2025-08-12 21:00:05,971 - TradingThread - INFO - Price: 119312.7 | Long Target: 140000.0 | Long Pos Open: False
2025-08-12 21:00:06,172 - TradingThread - INFO - Price: 119312.7 | Long Target: 140000.0 | Long Pos Open: False
2025-08-12 21:00:06,275 - TradingThread - INFO - Price: 119312.7 | Long Target: 140000.0 | Long Pos Open: False
2025-08-12 21:00:06,372 - TradingThread - INFO - Price: 119312.7 | Long Target: 140000.0 | Long Pos Open: False
2025-08-12 21:00:06,473 - TradingThread - INFO - Price: 119312.7 | Long Target: 140000.0 | Long Pos Open: False
2025-08-12 21:00:06,672 - TradingThread - INFO - Price: 119312.7 | Long Target: 140000.0 | Long Pos Open: False
2025-08-12 21:00:06,772 - TradingThread - INFO - Price: 119312.7 | Long Target: 140000.0 | Long Pos Open: False
2025-08-12 21:00:06,872 - TradingThread - INFO - Price: 119312.6 | Long Target: 140000.0 | Long Pos Open: False
2025-08-12 21:00:06,972 - TradingThread - INFO - Price: 119312.6 | Long Target: 140000.0 | Long Pos Open: False
2025-08-12 21:00:07,071 - TradingThread - INFO - Price: 119312.6 | Long Target: 140000.0 | Long Pos Open: False
2025-08-12 21:00:07,172 - TradingThread - INFO - Price: 119312.6 | Long Target: 140000.0 | Long Pos Open: False
2025-08-12 21:00:07,272 - TradingThread - INFO - Price: 119312.6 | Long Target: 140000.0 | Long Pos Open: False
2025-08-12 21:00:07,372 - TradingThread - INFO - Price: 119312.6 | Long Target: 140000.0 | Long Pos Open: False
2025-08-12 21:00:07,572 - TradingThread - INFO - Price: 119312.6 | Long Target: 140000.0 | Long Pos Open: False
2025-08-12 21:00:07,771 - TradingThread - INFO - Price: 119312.7 | Long Target: 140000.0 | Long Pos Open: False
2025-08-12 21:00:07,871 - TradingThread - INFO - Price: 119312.7 | Long Target: 140000.0 | Long Pos Open: False
2025-08-12 21:00:08,172 - TradingThread - INFO - Price: 119312.7 | Long Target: 140000.0 | Long Pos Open: False
2025-08-12 21:00:08,272 - TradingThread - INFO - Price: 119312.7 | Long Target: 140000.0 | Long Pos Open: False
2025-08-12 21:00:08,372 - TradingThread - INFO - Price: 119312.7 | Long Target: 140000.0 | Long Pos Open: False
2025-08-12 21:00:08,772 - TradingThread - INFO - Price: 119312.7 | Long Target: 140000.0 | Long Pos Open: False
2025-08-12 21:00:08,872 - TradingThread - INFO - Price: 119312.6 | Long Target: 140000.0 | Long Pos Open: False
2025-08-12 21:00:08,972 - TradingThread - INFO - Price: 119312.6 | Long Target: 140000.0 | Long Pos Open: False
2025-08-12 21:00:09,071 - TradingThread - INFO - Price: 119312.6 | Long Target: 140000.0 | Long Pos Open: False
2025-08-12 21:00:09,172 - TradingThread - INFO - Price: 119312.6 | Long Target: 140000.0 | Long Pos Open: False
2025-08-12 21:00:09,271 - TradingThread - INFO - Price: 119312.6 | Long Target: 140000.0 | Long Pos Open: False
2025-08-12 21:00:09,372 - TradingThread - INFO - Price: 119312.6 | Long Target: 140000.0 | Long Pos Open: False
2025-08-12 21:00:09,471 - TradingThread - INFO - Price: 119312.6 | Long Target: 140000.0 | Long Pos Open: False
2025-08-12 21:00:09,571 - TradingThread - INFO - Price: 119312.6 | Long Target: 140000.0 | Long Pos Open: False
2025-08-12 21:00:09,671 - TradingThread - INFO - Price: 119312.6 | Long Target: 140000.0 | Long Pos Open: False
2025-08-12 21:00:09,771 - TradingThread - INFO - Price: 119312.7 | Long Target: 140000.0 | Long Pos Open: False
2025-08-12 21:00:09,871 - TradingThread - INFO - Price: 119327.6 | Long Target: 140000.0 | Long Pos Open: False
2025-08-12 21:00:09,971 - TradingThread - INFO - Price: 119327.6 | Long Target: 140000.0 | Long Pos Open: False
2025-08-12 21:00:10,071 - TradingThread - INFO - Price: 119327.6 | Long Target: 140000.0 | Long Pos Open: False
2025-08-12 21:00:10,171 - TradingThread - INFO - Price: 119327.6 | Long Target: 140000.0 | Long Pos Open: False
2025-08-12 21:00:10,271 - TradingThread - INFO - Price: 119327.6 | Long Target: 140000.0 | Long Pos Open: False
2025-08-12 21:00:10,371 - TradingThread - INFO - Price: 119327.6 | Long Target: 140000.0 | Long Pos Open: False
2025-08-12 21:00:10,575 - TradingThread - INFO - Price: 119327.6 | Long Target: 140000.0 | Long Pos Open: False
2025-08-12 21:00:10,671 - TradingThread - INFO - Price: 119327.6 | Long Target: 140000.0 | Long Pos Open: False
2025-08-12 21:00:10,771 - TradingThread - INFO - Price: 119327.6 | Long Target: 140000.0 | Long Pos Open: False
2025-08-12 21:00:10,872 - TradingThread - INFO - Price: 119327.6 | Long Target: 140000.0 | Long Pos Open: False
2025-08-12 21:00:10,974 - TradingThread - INFO - Price: 119327.6 | Long Target: 140000.0 | Long Pos Open: False
2025-08-12 21:00:11,071 - TradingThread - INFO - Price: 119327.6 | Long Target: 140000.0 | Long Pos Open: False
2025-08-12 21:00:11,171 - TradingThread - INFO - Price: 119327.6 | Long Target: 140000.0 | Long Pos Open: False
2025-08-12 21:00:11,271 - TradingThread - INFO - Price: 119327.6 | Long Target: 140000.0 | Long Pos Open: False
2025-08-12 21:00:11,372 - TradingThread - INFO - Price: 119327.6 | Long Target: 140000.0 | Long Pos Open: False
2025-08-12 21:00:11,476 - TradingThread - INFO - Price: 119327.6 | Long Target: 140000.0 | Long Pos Open: False
2025-08-12 21:00:11,572 - TradingThread - INFO - Price: 119327.6 | Long Target: 140000.0 | Long Pos Open: False
2025-08-12 21:00:11,671 - TradingThread - INFO - Price: 119327.6 | Long Target: 140000.0 | Long Pos Open: False
2025-08-12 21:00:11,872 - TradingThread - INFO - Price: 119327.6 | Long Target: 140000.0 | Long Pos Open: False
2025-08-12 21:00:11,972 - TradingThread - INFO - Price: 119327.6 | Long Target: 140000.0 | Long Pos Open: False
2025-08-12 21:00:12,071 - TradingThread - INFO - Price: 119327.6 | Long Target: 140000.0 | Long Pos Open: False
2025-08-12 21:00:12,171 - TradingThread - INFO - Price: 119327.6 | Long Target: 140000.0 | Long Pos Open: False
2025-08-12 21:00:12,371 - TradingThread - INFO - Price: 119327.6 | Long Target: 140000.0 | Long Pos Open: False
2025-08-12 21:00:12,472 - TradingThread - INFO - Price: 119327.6 | Long Target: 140000.0 | Long Pos Open: False
2025-08-12 21:00:12,573 - TradingThread - INFO - Price: 119327.6 | Long Target: 140000.0 | Long Pos Open: False
2025-08-12 21:00:12,671 - TradingThread - INFO - Price: 119327.6 | Long Target: 140000.0 | Long Pos Open: False
2025-08-12 21:00:12,771 - TradingThread - INFO - Price: 119327.6 | Long Target: 140000.0 | Long Pos Open: False
2025-08-12 21:00:13,071 - TradingThread - INFO - Price: 119327.6 | Long Target: 140000.0 | Long Pos Open: False
2025-08-12 21:00:13,272 - TradingThread - INFO - Price: 119327.6 | Long Target: 140000.0 | Long Pos Open: False
2025-08-12 21:00:13,371 - TradingThread - INFO - Price: 119327.6 | Long Target: 140000.0 | Long Pos Open: False
2025-08-12 21:00:13,471 - TradingThread - INFO - Price: 119327.6 | Long Target: 140000.0 | Long Pos Open: False
2025-08-12 21:00:13,571 - TradingThread - INFO - Price: 119327.6 | Long Target: 140000.0 | Long Pos Open: False
2025-08-12 21:00:13,671 - TradingThread - INFO - Price: 119332.5 | Long Target: 140000.0 | Long Pos Open: False
2025-08-12 21:00:13,772 - TradingThread - INFO - Price: 119333.4 | Long Target: 140000.0 | Long Pos Open: False
2025-08-12 21:00:13,873 - TradingThread - INFO - Price: 119333.4 | Long Target: 140000.0 | Long Pos Open: False
2025-08-12 21:00:13,971 - TradingThread - INFO - Price: 119333.4 | Long Target: 140000.0 | Long Pos Open: False
2025-08-12 21:00:14,071 - TradingThread - INFO - Price: 119333.4 | Long Target: 140000.0 | Long Pos Open: False
2025-08-12 21:00:14,171 - TradingThread - INFO - Price: 119333.4 | Long Target: 140000.0 | Long Pos Open: False
2025-08-12 21:00:14,271 - TradingThread - INFO - Price: 119333.4 | Long Target: 140000.0 | Long Pos Open: False
2025-08-12 21:00:14,372 - TradingThread - INFO - Price: 119333.4 | Long Target: 140000.0 | Long Pos Open: False
2025-08-12 21:00:14,571 - TradingThread - INFO - Price: 119333.4 | Long Target: 140000.0 | Long Pos Open: False
2025-08-12 21:00:14,671 - TradingThread - INFO - Price: 119333.4 | Long Target: 140000.0 | Long Pos Open: False
2025-08-12 21:00:14,771 - TradingThread - INFO - Price: 119333.4 | Long Target: 140000.0 | Long Pos Open: False
2025-08-12 21:00:14,871 - TradingThread - INFO - Price: 119333.4 | Long Target: 140000.0 | Long Pos Open: False
2025-08-12 21:00:14,971 - TradingThread - INFO - Price: 119333.4 | Long Target: 140000.0 | Long Pos Open: False
2025-08-12 21:00:15,171 - TradingThread - INFO - Price: 119344.9 | Long Target: 140000.0 | Long Pos Open: False
2025-08-12 21:00:15,271 - TradingThread - INFO - Price: 119352.1 | Long Target: 140000.0 | Long Pos Open: False
2025-08-12 21:00:15,371 - TradingThread - INFO - Price: 119352.1 | Long Target: 140000.0 | Long Pos Open: False
2025-08-12 21:00:15,472 - TradingThread - INFO - Price: 119352.1 | Long Target: 140000.0 | Long Pos Open: False
2025-08-12 21:00:15,571 - TradingThread - INFO - Price: 119352.1 | Long Target: 140000.0 | Long Pos Open: False
2025-08-12 21:00:15,671 - TradingThread - INFO - Price: 119352.1 | Long Target: 140000.0 | Long Pos Open: False
2025-08-12 21:00:15,772 - TradingThread - INFO - Price: 119352.1 | Long Target: 140000.0 | Long Pos Open: False
2025-08-12 21:00:15,871 - TradingThread - INFO - Price: 119352.1 | Long Target: 140000.0 | Long Pos Open: False
2025-08-12 21:00:15,971 - TradingThread - INFO - Price: 119352.1 | Long Target: 140000.0 | Long Pos Open: False
2025-08-12 21:00:16,071 - TradingThread - INFO - Price: 119352.1 | Long Target: 140000.0 | Long Pos Open: False
2025-08-12 21:00:16,171 - TradingThread - INFO - Price: 119352.1 | Long Target: 140000.0 | Long Pos Open: False
2025-08-12 21:00:16,271 - TradingThread - INFO - Price: 119352.1 | Long Target: 140000.0 | Long Pos Open: False
2025-08-12 21:00:16,371 - TradingThread - INFO - Price: 119352.1 | Long Target: 140000.0 | Long Pos Open: False
2025-08-12 21:00:16,473 - TradingThread - INFO - Price: 119352.2 | Long Target: 140000.0 | Long Pos Open: False
2025-08-12 21:00:16,571 - TradingThread - INFO - Price: 119352.2 | Long Target: 140000.0 | Long Pos Open: False
2025-08-12 21:00:16,671 - TradingThread - INFO - Price: 119340.0 | Long Target: 140000.0 | Long Pos Open: False
2025-08-12 21:00:16,771 - TradingThread - INFO - Price: 119340.0 | Long Target: 140000.0 | Long Pos Open: False
2025-08-12 21:00:16,871 - TradingThread - INFO - Price: 119340.0 | Long Target: 140000.0 | Long Pos Open: False
2025-08-12 21:00:16,971 - TradingThread - INFO - Price: 119338.1 | Long Target: 140000.0 | Long Pos Open: False
2025-08-12 21:00:17,071 - TradingThread - INFO - Price: 119338.1 | Long Target: 140000.0 | Long Pos Open: False
2025-08-12 21:00:17,171 - TradingThread - INFO - Price: 119338.1 | Long Target: 140000.0 | Long Pos Open: False
2025-08-12 21:00:17,271 - TradingThread - INFO - Price: 119338.1 | Long Target: 140000.0 | Long Pos Open: False
2025-08-12 21:00:17,371 - TradingThread - INFO - Price: 119338.0 | Long Target: 140000.0 | Long Pos Open: False
2025-08-12 21:00:17,471 - TradingThread - INFO - Price: 119338.0 | Long Target: 140000.0 | Long Pos Open: False
2025-08-12 21:00:17,571 - TradingThread - INFO - Price: 119338.0 | Long Target: 140000.0 | Long Pos Open: False
2025-08-12 21:00:17,672 - TradingThread - INFO - Price: 119338.0 | Long Target: 140000.0 | Long Pos Open: False
2025-08-12 21:00:17,771 - TradingThread - INFO - Price: 119338.0 | Long Target: 140000.0 | Long Pos Open: False
2025-08-12 21:00:17,871 - TradingThread - INFO - Price: 119337.9 | Long Target: 140000.0 | Long Pos Open: False
2025-08-12 21:00:17,971 - TradingThread - INFO - Price: 119337.9 | Long Target: 140000.0 | Long Pos Open: False
2025-08-12 21:00:18,071 - TradingThread - INFO - Price: 119338.0 | Long Target: 140000.0 | Long Pos Open: False
2025-08-12 21:00:18,171 - TradingThread - INFO - Price: 119338.0 | Long Target: 140000.0 | Long Pos Open: False
2025-08-12 21:00:18,371 - TradingThread - INFO - Price: 119338.0 | Long Target: 140000.0 | Long Pos Open: False
2025-08-12 21:00:18,471 - TradingThread - INFO - Price: 119333.2 | Long Target: 140000.0 | Long Pos Open: False
2025-08-12 21:00:18,573 - TradingThread - INFO - Price: 119333.2 | Long Target: 140000.0 | Long Pos Open: False
2025-08-12 21:00:18,671 - TradingThread - INFO - Price: 119333.2 | Long Target: 140000.0 | Long Pos Open: False
2025-08-12 21:00:18,771 - TradingThread - INFO - Price: 119333.2 | Long Target: 140000.0 | Long Pos Open: False
2025-08-12 21:00:18,871 - TradingThread - INFO - Price: 119333.2 | Long Target: 140000.0 | Long Pos Open: False
2025-08-12 21:00:18,975 - TradingThread - INFO - Price: 119327.9 | Long Target: 140000.0 | Long Pos Open: False
2025-08-12 21:00:19,071 - TradingThread - INFO - Price: 119323.4 | Long Target: 140000.0 | Long Pos Open: False
2025-08-12 21:00:19,171 - TradingThread - INFO - Price: 119323.2 | Long Target: 140000.0 | Long Pos Open: False
2025-08-12 21:00:19,271 - TradingThread - INFO - Price: 119323.2 | Long Target: 140000.0 | Long Pos Open: False
2025-08-12 21:00:19,371 - TradingThread - INFO - Price: 119323.2 | Long Target: 140000.0 | Long Pos Open: False
2025-08-12 21:00:19,470 - TradingThread - INFO - Price: 119323.2 | Long Target: 140000.0 | Long Pos Open: False
2025-08-12 21:00:19,571 - TradingThread - INFO - Price: 119323.2 | Long Target: 140000.0 | Long Pos Open: False
2025-08-12 21:00:19,670 - TradingThread - INFO - Price: 119323.2 | Long Target: 140000.0 | Long Pos Open: False
2025-08-12 21:00:19,771 - TradingThread - INFO - Price: 119323.2 | Long Target: 140000.0 | Long Pos Open: False
2025-08-12 21:00:19,871 - TradingThread - INFO - Price: 119323.2 | Long Target: 140000.0 | Long Pos Open: False
2025-08-12 21:00:19,970 - TradingThread - INFO - Price: 119323.2 | Long Target: 140000.0 | Long Pos Open: False
2025-08-12 21:00:20,071 - TradingThread - INFO - Price: 119323.2 | Long Target: 140000.0 | Long Pos Open: False
2025-08-12 21:00:20,173 - TradingThread - INFO - Price: 119323.2 | Long Target: 140000.0 | Long Pos Open: False
2025-08-12 21:00:20,271 - TradingThread - INFO - Price: 119323.2 | Long Target: 140000.0 | Long Pos Open: False
2025-08-12 21:00:20,371 - TradingThread - INFO - Price: 119323.2 | Long Target: 140000.0 | Long Pos Open: False
2025-08-12 21:00:20,571 - TradingThread - INFO - Price: 119323.2 | Long Target: 140000.0 | Long Pos Open: False
2025-08-12 21:00:20,671 - TradingThread - INFO - Price: 119323.2 | Long Target: 140000.0 | Long Pos Open: False
2025-08-12 21:00:20,871 - TradingThread - INFO - Price: 119323.2 | Long Target: 140000.0 | Long Pos Open: False
2025-08-12 21:00:20,971 - TradingThread - INFO - Price: 119323.2 | Long Target: 140000.0 | Long Pos Open: False
2025-08-12 21:00:21,072 - TradingThread - INFO - Price: 119323.2 | Long Target: 140000.0 | Long Pos Open: False
2025-08-12 21:00:21,171 - TradingThread - INFO - Price: 119323.2 | Long Target: 140000.0 | Long Pos Open: False
2025-08-12 21:00:21,372 - TradingThread - INFO - Price: 119323.2 | Long Target: 140000.0 | Long Pos Open: False
2025-08-12 21:00:21,471 - TradingThread - INFO - Price: 119323.2 | Long Target: 140000.0 | Long Pos Open: False
2025-08-12 21:00:21,571 - TradingThread - INFO - Price: 119323.2 | Long Target: 140000.0 | Long Pos Open: False
2025-08-12 21:00:21,671 - TradingThread - INFO - Price: 119323.2 | Long Target: 140000.0 | Long Pos Open: False
2025-08-12 21:00:21,771 - TradingThread - INFO - Price: 119323.2 | Long Target: 140000.0 | Long Pos Open: False
2025-08-12 21:00:21,871 - TradingThread - INFO - Price: 119323.2 | Long Target: 140000.0 | Long Pos Open: False
2025-08-12 21:00:21,971 - TradingThread - INFO - Price: 119323.2 | Long Target: 140000.0 | Long Pos Open: False
2025-08-12 21:00:22,071 - TradingThread - INFO - Price: 119323.1 | Long Target: 140000.0 | Long Pos Open: False
2025-08-12 21:00:22,171 - TradingThread - INFO - Price: 119323.1 | Long Target: 140000.0 | Long Pos Open: False
2025-08-12 21:00:22,271 - TradingThread - INFO - Price: 119323.1 | Long Target: 140000.0 | Long Pos Open: False
2025-08-12 21:00:22,371 - TradingThread - INFO - Price: 119323.2 | Long Target: 140000.0 | Long Pos Open: False
2025-08-12 21:00:22,471 - TradingThread - INFO - Price: 119323.2 | Long Target: 140000.0 | Long Pos Open: False
2025-08-12 21:00:22,571 - TradingThread - INFO - Price: 119323.2 | Long Target: 140000.0 | Long Pos Open: False
2025-08-12 21:00:22,671 - TradingThread - INFO - Price: 119323.2 | Long Target: 140000.0 | Long Pos Open: False
2025-08-12 21:00:22,771 - TradingThread - INFO - Price: 119323.2 | Long Target: 140000.0 | Long Pos Open: False
2025-08-12 21:00:22,871 - TradingThread - INFO - Price: 119323.2 | Long Target: 140000.0 | Long Pos Open: False
2025-08-12 21:00:22,971 - TradingThread - INFO - Price: 119323.2 | Long Target: 140000.0 | Long Pos Open: False
2025-08-12 21:00:23,071 - TradingThread - INFO - Price: 119323.2 | Long Target: 140000.0 | Long Pos Open: False
2025-08-12 21:00:23,171 - TradingThread - INFO - Price: 119323.2 | Long Target: 140000.0 | Long Pos Open: False
2025-08-12 21:00:23,271 - TradingThread - INFO - Price: 119323.2 | Long Target: 140000.0 | Long Pos Open: False
2025-08-12 21:00:23,371 - TradingThread - INFO - Price: 119323.1 | Long Target: 140000.0 | Long Pos Open: False
2025-08-12 21:00:23,471 - TradingThread - INFO - Price: 119323.1 | Long Target: 140000.0 | Long Pos Open: False
2025-08-12 21:00:23,671 - TradingThread - INFO - Price: 119323.1 | Long Target: 140000.0 | Long Pos Open: False
2025-08-12 21:00:23,771 - TradingThread - INFO - Price: 119323.1 | Long Target: 140000.0 | Long Pos Open: False
2025-08-12 21:00:23,870 - TradingThread - INFO - Price: 119323.1 | Long Target: 140000.0 | Long Pos Open: False
2025-08-12 21:00:23,971 - TradingThread - INFO - Price: 119323.1 | Long Target: 140000.0 | Long Pos Open: False
2025-08-12 21:00:24,071 - TradingThread - INFO - Price: 119323.1 | Long Target: 140000.0 | Long Pos Open: False
2025-08-12 21:00:24,171 - TradingThread - INFO - Price: 119323.1 | Long Target: 140000.0 | Long Pos Open: False
2025-08-12 21:00:24,271 - TradingThread - INFO - Price: 119323.1 | Long Target: 140000.0 | Long Pos Open: False
2025-08-12 21:00:24,371 - TradingThread - INFO - Price: 119323.2 | Long Target: 140000.0 | Long Pos Open: False
2025-08-12 21:00:24,471 - TradingThread - INFO - Price: 119323.2 | Long Target: 140000.0 | Long Pos Open: False
2025-08-12 21:00:24,572 - TradingThread - INFO - Price: 119323.2 | Long Target: 140000.0 | Long Pos Open: False
2025-08-12 21:00:24,671 - TradingThread - INFO - Price: 119323.2 | Long Target: 140000.0 | Long Pos Open: False
2025-08-12 21:00:24,770 - TradingThread - INFO - Price: 119323.2 | Long Target: 140000.0 | Long Pos Open: False
2025-08-12 21:00:24,871 - TradingThread - INFO - Price: 119323.2 | Long Target: 140000.0 | Long Pos Open: False
2025-08-12 21:00:24,970 - TradingThread - INFO - Price: 119323.2 | Long Target: 140000.0 | Long Pos Open: False
2025-08-12 21:00:25,072 - TradingThread - INFO - Price: 119323.2 | Long Target: 140000.0 | Long Pos Open: False
2025-08-12 21:00:25,171 - TradingThread - INFO - Price: 119323.2 | Long Target: 140000.0 | Long Pos Open: False
2025-08-12 21:00:25,371 - TradingThread - INFO - Price: 119323.2 | Long Target: 140000.0 | Long Pos Open: False
2025-08-12 21:00:25,471 - TradingThread - INFO - Price: 119323.2 | Long Target: 140000.0 | Long Pos Open: False
2025-08-12 21:00:25,571 - TradingThread - INFO - Price: 119323.2 | Long Target: 140000.0 | Long Pos Open: False
2025-08-12 21:00:25,671 - TradingThread - INFO - Price: 119323.2 | Long Target: 140000.0 | Long Pos Open: False
2025-08-12 21:00:25,771 - TradingThread - INFO - Price: 119323.2 | Long Target: 140000.0 | Long Pos Open: False
2025-08-12 21:00:25,871 - TradingThread - INFO - Price: 119323.2 | Long Target: 140000.0 | Long Pos Open: False
2025-08-12 21:00:25,971 - TradingThread - INFO - Price: 119323.2 | Long Target: 140000.0 | Long Pos Open: False
2025-08-12 21:00:26,071 - TradingThread - INFO - Price: 119323.2 | Long Target: 140000.0 | Long Pos Open: False
2025-08-12 21:00:26,171 - TradingThread - INFO - Price: 119323.2 | Long Target: 140000.0 | Long Pos Open: False
2025-08-12 21:00:26,272 - TradingThread - INFO - Price: 119323.2 | Long Target: 140000.0 | Long Pos Open: False
2025-08-12 21:00:26,371 - TradingThread - INFO - Price: 119323.2 | Long Target: 140000.0 | Long Pos Open: False
2025-08-12 21:00:26,471 - TradingThread - INFO - Price: 119323.2 | Long Target: 140000.0 | Long Pos Open: False
2025-08-12 21:00:26,570 - TradingThread - INFO - Price: 119323.2 | Long Target: 140000.0 | Long Pos Open: False
2025-08-12 21:00:26,672 - TradingThread - INFO - Price: 119323.2 | Long Target: 140000.0 | Long Pos Open: False
2025-08-12 21:00:26,871 - TradingThread - INFO - Price: 119323.2 | Long Target: 140000.0 | Long Pos Open: False
2025-08-12 21:00:26,971 - TradingThread - INFO - Price: 119323.2 | Long Target: 140000.0 | Long Pos Open: False
2025-08-12 21:00:27,071 - TradingThread - INFO - Price: 119323.2 | Long Target: 140000.0 | Long Pos Open: False
2025-08-12 21:00:27,171 - TradingThread - INFO - Price: 119323.2 | Long Target: 140000.0 | Long Pos Open: False
2025-08-12 21:00:27,271 - TradingThread - INFO - Price: 119323.2 | Long Target: 140000.0 | Long Pos Open: False
2025-08-12 21:00:27,371 - TradingThread - INFO - Price: 119323.2 | Long Target: 140000.0 | Long Pos Open: False
2025-08-12 21:00:27,472 - TradingThread - INFO - Price: 119323.2 | Long Target: 140000.0 | Long Pos Open: False
2025-08-12 21:00:27,573 - TradingThread - INFO - Price: 119323.2 | Long Target: 140000.0 | Long Pos Open: False
2025-08-12 21:00:27,670 - TradingThread - INFO - Price: 119323.2 | Long Target: 140000.0 | Long Pos Open: False
2025-08-12 21:00:27,770 - TradingThread - INFO - Price: 119323.2 | Long Target: 140000.0 | Long Pos Open: False
2025-08-12 21:00:27,971 - TradingThread - INFO - Price: 119323.2 | Long Target: 140000.0 | Long Pos Open: False
2025-08-12 21:00:28,072 - TradingThread - INFO - Price: 119323.2 | Long Target: 140000.0 | Long Pos Open: False
2025-08-12 21:00:28,171 - TradingThread - INFO - Price: 119323.2 | Long Target: 140000.0 | Long Pos Open: False
2025-08-12 21:00:28,271 - TradingThread - INFO - Price: 119323.2 | Long Target: 140000.0 | Long Pos Open: False
2025-08-12 21:00:28,470 - TradingThread - INFO - Price: 119323.2 | Long Target: 140000.0 | Long Pos Open: False
2025-08-12 21:00:28,571 - TradingThread - INFO - Price: 119323.1 | Long Target: 140000.0 | Long Pos Open: False
2025-08-12 21:00:28,670 - TradingThread - INFO - Price: 119323.1 | Long Target: 140000.0 | Long Pos Open: False
2025-08-12 21:00:28,771 - TradingThread - INFO - Price: 119323.1 | Long Target: 140000.0 | Long Pos Open: False
2025-08-12 21:00:28,870 - TradingThread - INFO - Price: 119323.1 | Long Target: 140000.0 | Long Pos Open: False
2025-08-12 21:00:28,974 - TradingThread - INFO - Price: 119323.1 | Long Target: 140000.0 | Long Pos Open: False
2025-08-12 21:00:29,171 - TradingThread - INFO - Price: 119323.1 | Long Target: 140000.0 | Long Pos Open: False
2025-08-12 21:00:29,274 - TradingThread - INFO - Price: 119323.1 | Long Target: 140000.0 | Long Pos Open: False
2025-08-12 21:00:29,571 - TradingThread - INFO - Price: 119323.1 | Long Target: 140000.0 | Long Pos Open: False
2025-08-12 21:00:29,670 - TradingThread - INFO - Price: 119323.1 | Long Target: 140000.0 | Long Pos Open: False
2025-08-12 21:00:29,770 - TradingThread - INFO - Price: 119323.1 | Long Target: 140000.0 | Long Pos Open: False
2025-08-12 21:00:29,870 - TradingThread - INFO - Price: 119323.1 | Long Target: 140000.0 | Long Pos Open: False
2025-08-12 21:00:29,970 - TradingThread - INFO - Price: 119323.1 | Long Target: 140000.0 | Long Pos Open: False
2025-08-12 21:00:30,071 - TradingThread - INFO - Price: 119323.1 | Long Target: 140000.0 | Long Pos Open: False
2025-08-12 21:00:30,170 - TradingThread - INFO - Price: 119323.1 | Long Target: 140000.0 | Long Pos Open: False
2025-08-12 21:00:30,270 - TradingThread - INFO - Price: 119323.1 | Long Target: 140000.0 | Long Pos Open: False
2025-08-12 21:00:30,471 - TradingThread - INFO - Price: 119323.2 | Long Target: 140000.0 | Long Pos Open: False
2025-08-12 21:00:30,571 - TradingThread - INFO - Price: 119323.2 | Long Target: 140000.0 | Long Pos Open: False
2025-08-12 21:00:30,770 - TradingThread - INFO - Price: 119323.2 | Long Target: 140000.0 | Long Pos Open: False
2025-08-12 21:00:30,870 - TradingThread - INFO - Price: 119323.2 | Long Target: 140000.0 | Long Pos Open: False
2025-08-12 21:00:31,071 - TradingThread - INFO - Price: 119323.2 | Long Target: 140000.0 | Long Pos Open: False
2025-08-12 21:00:31,270 - TradingThread - INFO - Price: 119323.2 | Long Target: 140000.0 | Long Pos Open: False
2025-08-12 21:00:31,370 - TradingThread - INFO - Price: 119323.2 | Long Target: 140000.0 | Long Pos Open: False
2025-08-12 21:00:31,470 - TradingThread - INFO - Price: 119323.2 | Long Target: 140000.0 | Long Pos Open: False
2025-08-12 21:00:31,570 - TradingThread - INFO - Price: 119323.2 | Long Target: 140000.0 | Long Pos Open: False
2025-08-12 21:00:31,670 - TradingThread - INFO - Price: 119323.2 | Long Target: 140000.0 | Long Pos Open: False
2025-08-12 21:00:31,970 - TradingThread - INFO - Price: 119323.2 | Long Target: 140000.0 | Long Pos Open: False
2025-08-12 21:00:32,071 - TradingThread - INFO - Price: 119323.2 | Long Target: 140000.0 | Long Pos Open: False
2025-08-12 21:00:32,171 - TradingThread - INFO - Price: 119323.2 | Long Target: 140000.0 | Long Pos Open: False
2025-08-12 21:00:32,471 - TradingThread - INFO - Price: 119323.2 | Long Target: 140000.0 | Long Pos Open: False
2025-08-12 21:00:32,570 - TradingThread - INFO - Price: 119323.2 | Long Target: 140000.0 | Long Pos Open: False
2025-08-12 21:00:32,670 - TradingThread - INFO - Price: 119323.2 | Long Target: 140000.0 | Long Pos Open: False
2025-08-12 21:00:32,771 - TradingThread - INFO - Price: 119323.1 | Long Target: 140000.0 | Long Pos Open: False
2025-08-12 21:00:32,870 - TradingThread - INFO - Price: 119323.1 | Long Target: 140000.0 | Long Pos Open: False
2025-08-12 21:00:32,971 - TradingThread - INFO - Price: 119323.1 | Long Target: 140000.0 | Long Pos Open: False
2025-08-12 21:00:33,070 - TradingThread - INFO - Price: 119323.1 | Long Target: 140000.0 | Long Pos Open: False
2025-08-12 21:00:33,170 - TradingThread - INFO - Price: 119323.1 | Long Target: 140000.0 | Long Pos Open: False
2025-08-12 21:00:33,270 - TradingThread - INFO - Price: 119323.1 | Long Target: 140000.0 | Long Pos Open: False
2025-08-12 21:00:33,370 - TradingThread - INFO - Price: 119323.1 | Long Target: 140000.0 | Long Pos Open: False
2025-08-12 21:00:33,470 - TradingThread - INFO - Price: 119323.2 | Long Target: 140000.0 | Long Pos Open: False
2025-08-12 21:00:33,570 - TradingThread - INFO - Price: 119323.2 | Long Target: 140000.0 | Long Pos Open: False
2025-08-12 21:00:33,670 - TradingThread - INFO - Price: 119323.2 | Long Target: 140000.0 | Long Pos Open: False
2025-08-12 21:00:33,771 - TradingThread - INFO - Price: 119323.2 | Long Target: 140000.0 | Long Pos Open: False
2025-08-12 21:00:33,871 - TradingThread - INFO - Price: 119323.2 | Long Target: 140000.0 | Long Pos Open: False
2025-08-12 21:00:33,970 - TradingThread - INFO - Price: 119323.1 | Long Target: 140000.0 | Long Pos Open: False
2025-08-12 21:00:34,071 - TradingThread - INFO - Price: 119323.1 | Long Target: 140000.0 | Long Pos Open: False
2025-08-12 21:00:34,270 - TradingThread - INFO - Price: 119323.2 | Long Target: 140000.0 | Long Pos Open: False
2025-08-12 21:00:34,370 - TradingThread - INFO - Price: 119323.2 | Long Target: 140000.0 | Long Pos Open: False
2025-08-12 21:00:34,470 - TradingThread - INFO - Price: 119323.2 | Long Target: 140000.0 | Long Pos Open: False
2025-08-12 21:00:34,570 - TradingThread - INFO - Price: 119323.2 | Long Target: 140000.0 | Long Pos Open: False
2025-08-12 21:00:34,671 - TradingThread - INFO - Price: 119323.2 | Long Target: 140000.0 | Long Pos Open: False
2025-08-12 21:00:34,770 - TradingThread - INFO - Price: 119323.2 | Long Target: 140000.0 | Long Pos Open: False
2025-08-12 21:00:34,970 - TradingThread - INFO - Price: 119323.2 | Long Target: 140000.0 | Long Pos Open: False
2025-08-12 21:00:35,170 - TradingThread - INFO - Price: 119323.2 | Long Target: 140000.0 | Long Pos Open: False
2025-08-12 21:00:35,270 - TradingThread - INFO - Price: 119323.2 | Long Target: 140000.0 | Long Pos Open: False
2025-08-12 21:00:35,371 - TradingThread - INFO - Price: 119323.2 | Long Target: 140000.0 | Long Pos Open: False
2025-08-12 21:00:35,471 - TradingThread - INFO - Price: 119323.2 | Long Target: 140000.0 | Long Pos Open: False
2025-08-12 21:00:35,571 - TradingThread - INFO - Price: 119323.2 | Long Target: 140000.0 | Long Pos Open: False
2025-08-12 21:00:35,670 - TradingThread - INFO - Price: 119323.2 | Long Target: 140000.0 | Long Pos Open: False
2025-08-12 21:00:35,770 - TradingThread - INFO - Price: 119323.1 | Long Target: 140000.0 | Long Pos Open: False
2025-08-12 21:00:35,870 - TradingThread - INFO - Price: 119323.1 | Long Target: 140000.0 | Long Pos Open: False
2025-08-12 21:00:35,970 - TradingThread - INFO - Price: 119323.1 | Long Target: 140000.0 | Long Pos Open: False
2025-08-12 21:00:36,070 - TradingThread - INFO - Price: 119323.1 | Long Target: 140000.0 | Long Pos Open: False
2025-08-12 21:00:36,270 - TradingThread - INFO - Price: 119323.1 | Long Target: 140000.0 | Long Pos Open: False
2025-08-12 21:00:36,371 - TradingThread - INFO - Price: 119323.1 | Long Target: 140000.0 | Long Pos Open: False
2025-08-12 21:00:36,471 - TradingThread - INFO - Price: 119323.2 | Long Target: 140000.0 | Long Pos Open: False
2025-08-12 21:00:36,570 - TradingThread - INFO - Price: 119323.2 | Long Target: 140000.0 | Long Pos Open: False
2025-08-12 21:00:36,770 - TradingThread - INFO - Price: 119323.2 | Long Target: 140000.0 | Long Pos Open: False
2025-08-12 21:00:36,870 - TradingThread - INFO - Price: 119323.2 | Long Target: 140000.0 | Long Pos Open: False
2025-08-12 21:00:36,970 - TradingThread - INFO - Price: 119323.2 | Long Target: 140000.0 | Long Pos Open: False
2025-08-12 21:00:37,171 - TradingThread - INFO - Price: 119323.2 | Long Target: 140000.0 | Long Pos Open: False
2025-08-12 21:00:37,270 - TradingThread - INFO - Price: 119323.2 | Long Target: 140000.0 | Long Pos Open: False
2025-08-12 21:00:37,370 - TradingThread - INFO - Price: 119323.2 | Long Target: 140000.0 | Long Pos Open: False
2025-08-12 21:00:37,671 - TradingThread - INFO - Price: 119323.2 | Long Target: 140000.0 | Long Pos Open: False
2025-08-12 21:00:37,770 - TradingThread - INFO - Price: 119323.2 | Long Target: 140000.0 | Long Pos Open: False
2025-08-12 21:00:37,972 - TradingThread - INFO - Price: 119323.2 | Long Target: 140000.0 | Long Pos Open: False
2025-08-12 21:00:38,271 - TradingThread - INFO - Price: 119323.2 | Long Target: 140000.0 | Long Pos Open: False
2025-08-12 21:00:38,370 - TradingThread - INFO - Price: 119323.2 | Long Target: 140000.0 | Long Pos Open: False
2025-08-12 21:00:38,470 - TradingThread - INFO - Price: 119323.2 | Long Target: 140000.0 | Long Pos Open: False
2025-08-12 21:00:38,570 - TradingThread - INFO - Price: 119323.2 | Long Target: 140000.0 | Long Pos Open: False
2025-08-12 21:00:38,670 - TradingThread - INFO - Price: 119323.2 | Long Target: 140000.0 | Long Pos Open: False
2025-08-12 21:00:38,770 - TradingThread - INFO - Price: 119323.2 | Long Target: 140000.0 | Long Pos Open: False
2025-08-12 21:00:38,870 - TradingThread - INFO - Price: 119323.2 | Long Target: 140000.0 | Long Pos Open: False
2025-08-12 21:00:38,970 - TradingThread - INFO - Price: 119323.2 | Long Target: 140000.0 | Long Pos Open: False
2025-08-12 21:00:39,070 - TradingThread - INFO - Price: 119323.2 | Long Target: 140000.0 | Long Pos Open: False
2025-08-12 21:00:39,170 - TradingThread - INFO - Price: 119323.2 | Long Target: 140000.0 | Long Pos Open: False
2025-08-12 21:00:39,270 - TradingThread - INFO - Price: 119323.2 | Long Target: 140000.0 | Long Pos Open: False
2025-08-12 21:00:39,370 - TradingThread - INFO - Price: 119323.2 | Long Target: 140000.0 | Long Pos Open: False
2025-08-12 21:00:39,470 - TradingThread - INFO - Price: 119323.2 | Long Target: 140000.0 | Long Pos Open: False
2025-08-12 21:00:39,571 - TradingThread - INFO - Price: 119323.2 | Long Target: 140000.0 | Long Pos Open: False
2025-08-12 21:00:39,670 - TradingThread - INFO - Price: 119323.2 | Long Target: 140000.0 | Long Pos Open: False
2025-08-12 21:00:39,770 - TradingThread - INFO - Price: 119323.2 | Long Target: 140000.0 | Long Pos Open: False
2025-08-12 21:00:39,870 - TradingThread - INFO - Price: 119323.2 | Long Target: 140000.0 | Long Pos Open: False
2025-08-12 21:00:39,970 - TradingThread - INFO - Price: 119323.2 | Long Target: 140000.0 | Long Pos Open: False
2025-08-12 21:00:40,070 - TradingThread - INFO - Price: 119323.2 | Long Target: 140000.0 | Long Pos Open: False
2025-08-12 21:00:40,170 - TradingThread - INFO - Price: 119323.2 | Long Target: 140000.0 | Long Pos Open: False
2025-08-12 21:00:40,270 - TradingThread - INFO - Price: 119323.2 | Long Target: 140000.0 | Long Pos Open: False
2025-08-12 21:00:40,370 - TradingThread - INFO - Price: 119323.2 | Long Target: 140000.0 | Long Pos Open: False
2025-08-12 21:00:40,671 - TradingThread - INFO - Price: 119323.2 | Long Target: 140000.0 | Long Pos Open: False
2025-08-12 21:00:40,770 - TradingThread - INFO - Price: 119323.2 | Long Target: 140000.0 | Long Pos Open: False
2025-08-12 21:00:40,870 - TradingThread - INFO - Price: 119323.1 | Long Target: 140000.0 | Long Pos Open: False
2025-08-12 21:00:40,970 - TradingThread - INFO - Price: 119323.1 | Long Target: 140000.0 | Long Pos Open: False
2025-08-12 21:00:41,072 - TradingThread - INFO - Price: 119323.1 | Long Target: 140000.0 | Long Pos Open: False
2025-08-12 21:00:41,170 - TradingThread - INFO - Price: 119323.1 | Long Target: 140000.0 | Long Pos Open: False
2025-08-12 21:00:41,270 - TradingThread - INFO - Price: 119323.1 | Long Target: 140000.0 | Long Pos Open: False
2025-08-12 21:00:41,574 - TradingThread - INFO - Price: 119323.1 | Long Target: 140000.0 | Long Pos Open: False
2025-08-12 21:00:41,871 - TradingThread - INFO - Price: 119323.1 | Long Target: 140000.0 | Long Pos Open: False
2025-08-12 21:00:41,971 - TradingThread - INFO - Price: 119323.1 | Long Target: 140000.0 | Long Pos Open: False
2025-08-12 21:00:42,071 - TradingThread - INFO - Price: 119323.1 | Long Target: 140000.0 | Long Pos Open: False
2025-08-12 21:00:42,170 - TradingThread - INFO - Price: 119323.1 | Long Target: 140000.0 | Long Pos Open: False
2025-08-12 21:00:42,270 - TradingThread - INFO - Price: 119323.1 | Long Target: 140000.0 | Long Pos Open: False
2025-08-12 21:00:42,370 - TradingThread - INFO - Price: 119323.1 | Long Target: 140000.0 | Long Pos Open: False
2025-08-12 21:00:42,470 - TradingThread - INFO - Price: 119323.1 | Long Target: 140000.0 | Long Pos Open: False
2025-08-12 21:01:08,868 - MainThread - INFO - Existing short position of size 0.001 detected.
2025-08-12 21:01:08,868 - MainThread - INFO - Starting in 'Manage Long' mode.
2025-08-12 21:01:26,346 - MainThread - INFO - Performing initial setup for mode: Manage Long
2025-08-12 21:01:26,347 - MainThread - INFO - Starting WebSocket stream for BTCUSDT...
2025-08-12 21:01:26,347 - MainThread - INFO - WebSocket Unified V5 attempting connection...
2025-08-12 21:01:28,114 - Thread-1 (<lambda>) - INFO - Websocket connected
2025-08-12 21:01:28,114 - MainThread - INFO - WebSocket Unified V5 connected
2025-08-12 21:01:28,114 - MainThread - INFO - Waiting for first price update from WebSocket...
2025-08-12 21:01:33,808 - MainThread - INFO - Leverage for BTCUSDT is already set to the desired value.
2025-08-12 21:01:33,808 - MainThread - WARNING - WebSocket price not available, falling back to HTTP GET request.
2025-08-12 21:01:33,994 - MainThread - INFO - Initial quantity calculated: 0.001 BTCUSDT
2025-08-12 21:01:34,372 - MainThread - INFO - Initial check: Managed Long position is CLOSED with size 0.0.
2025-08-12 21:01:34,372 - MainThread - INFO - 
==================================================
2025-08-12 21:01:34,373 - MainThread - INFO - Bot is running. Detailed logs are in 'bot.log'.
2025-08-12 21:01:34,373 - MainThread - INFO - To see live logs, open a new terminal and run:
2025-08-12 21:01:34,373 - MainThread - INFO - PowerShell: Get-Content bot.log -Wait
2025-08-12 21:01:34,373 - MainThread - INFO - CMD: powershell -command "Get-Content bot.log -Wait"
2025-08-12 21:01:34,373 - MainThread - INFO - ==================================================
2025-08-12 21:01:34,373 - TradingThread - INFO - Starting position management...
2025-08-12 21:01:34,373 - TradingThread - INFO - Price: 119317.0 | Long Target: 150000.0 | Long Pos Open: False
2025-08-12 21:01:34,471 - TradingThread - INFO - Price: 119317.0 | Long Target: 150000.0 | Long Pos Open: False
2025-08-12 21:01:34,568 - TradingThread - INFO - Price: 119317.0 | Long Target: 150000.0 | Long Pos Open: False
2025-08-12 21:01:34,668 - TradingThread - INFO - Price: 119317.0 | Long Target: 150000.0 | Long Pos Open: False
2025-08-12 21:01:34,870 - TradingThread - INFO - Price: 119303.3 | Long Target: 150000.0 | Long Pos Open: False
2025-08-12 21:01:34,968 - TradingThread - INFO - Price: 119303.3 | Long Target: 150000.0 | Long Pos Open: False
2025-08-12 21:01:35,068 - TradingThread - INFO - Price: 119303.3 | Long Target: 150000.0 | Long Pos Open: False
2025-08-12 21:01:35,168 - TradingThread - INFO - Price: 119300.0 | Long Target: 150000.0 | Long Pos Open: False
2025-08-12 21:01:35,269 - TradingThread - INFO - Price: 119300.0 | Long Target: 150000.0 | Long Pos Open: False
2025-08-12 21:01:35,368 - TradingThread - INFO - Price: 119300.1 | Long Target: 150000.0 | Long Pos Open: False
2025-08-12 21:01:35,468 - TradingThread - INFO - Price: 119300.1 | Long Target: 150000.0 | Long Pos Open: False
2025-08-12 21:01:35,568 - TradingThread - INFO - Price: 119300.1 | Long Target: 150000.0 | Long Pos Open: False
2025-08-12 21:01:35,669 - TradingThread - INFO - Price: 119300.1 | Long Target: 150000.0 | Long Pos Open: False
2025-08-12 21:01:35,869 - TradingThread - INFO - Price: 119300.1 | Long Target: 150000.0 | Long Pos Open: False
2025-08-12 21:01:36,068 - TradingThread - INFO - Price: 119300.1 | Long Target: 150000.0 | Long Pos Open: False
2025-08-12 21:01:36,168 - TradingThread - INFO - Price: 119300.1 | Long Target: 150000.0 | Long Pos Open: False
2025-08-12 21:01:36,368 - TradingThread - INFO - Price: 119300.1 | Long Target: 150000.0 | Long Pos Open: False
2025-08-12 21:01:36,568 - TradingThread - INFO - Price: 119300.1 | Long Target: 150000.0 | Long Pos Open: False
2025-08-12 21:01:36,776 - TradingThread - INFO - Price: 119300.1 | Long Target: 150000.0 | Long Pos Open: False
2025-08-12 21:01:36,869 - TradingThread - INFO - Price: 119300.1 | Long Target: 150000.0 | Long Pos Open: False
2025-08-12 21:01:37,068 - TradingThread - INFO - Price: 119300.1 | Long Target: 150000.0 | Long Pos Open: False
2025-08-12 21:01:37,368 - TradingThread - INFO - Price: 119300.1 | Long Target: 150000.0 | Long Pos Open: False
2025-08-12 21:01:37,468 - TradingThread - INFO - Price: 119300.1 | Long Target: 150000.0 | Long Pos Open: False
2025-08-12 21:01:37,568 - TradingThread - INFO - Price: 119300.1 | Long Target: 150000.0 | Long Pos Open: False
2025-08-12 21:01:37,668 - TradingThread - INFO - Price: 119300.1 | Long Target: 150000.0 | Long Pos Open: False
2025-08-12 21:01:37,768 - TradingThread - INFO - Price: 119300.1 | Long Target: 150000.0 | Long Pos Open: False
2025-08-12 21:01:37,969 - TradingThread - INFO - Price: 119300.1 | Long Target: 150000.0 | Long Pos Open: False
2025-08-12 21:01:38,369 - TradingThread - INFO - Price: 119300.1 | Long Target: 150000.0 | Long Pos Open: False
2025-08-12 21:01:38,469 - TradingThread - INFO - Price: 119300.1 | Long Target: 150000.0 | Long Pos Open: False
2025-08-12 21:01:38,568 - TradingThread - INFO - Price: 119300.1 | Long Target: 150000.0 | Long Pos Open: False
2025-08-12 21:01:38,868 - TradingThread - INFO - Price: 119300.1 | Long Target: 150000.0 | Long Pos Open: False
2025-08-12 21:01:38,969 - TradingThread - INFO - Price: 119300.1 | Long Target: 150000.0 | Long Pos Open: False
2025-08-12 21:01:39,068 - TradingThread - INFO - Price: 119300.1 | Long Target: 150000.0 | Long Pos Open: False
2025-08-12 21:01:39,168 - TradingThread - INFO - Price: 119300.1 | Long Target: 150000.0 | Long Pos Open: False
2025-08-12 21:01:39,368 - TradingThread - INFO - Price: 119300.1 | Long Target: 150000.0 | Long Pos Open: False
2025-08-12 21:01:39,468 - TradingThread - INFO - Price: 119300.1 | Long Target: 150000.0 | Long Pos Open: False
2025-08-12 21:01:39,668 - TradingThread - INFO - Price: 119300.1 | Long Target: 150000.0 | Long Pos Open: False
2025-08-12 21:01:39,768 - TradingThread - INFO - Price: 119300.1 | Long Target: 150000.0 | Long Pos Open: False
2025-08-12 21:01:39,869 - TradingThread - INFO - Price: 119300.0 | Long Target: 150000.0 | Long Pos Open: False
2025-08-12 21:01:39,968 - TradingThread - INFO - Price: 119300.1 | Long Target: 150000.0 | Long Pos Open: False
2025-08-12 21:01:40,068 - TradingThread - INFO - Price: 119300.1 | Long Target: 150000.0 | Long Pos Open: False
2025-08-12 21:01:40,168 - TradingThread - INFO - Price: 119300.1 | Long Target: 150000.0 | Long Pos Open: False
2025-08-12 21:01:40,268 - TradingThread - INFO - Price: 119300.1 | Long Target: 150000.0 | Long Pos Open: False
2025-08-12 21:01:40,370 - TradingThread - INFO - Price: 119300.1 | Long Target: 150000.0 | Long Pos Open: False
2025-08-12 21:01:40,469 - TradingThread - INFO - Price: 119300.1 | Long Target: 150000.0 | Long Pos Open: False
2025-08-12 21:01:40,568 - TradingThread - INFO - Price: 119300.1 | Long Target: 150000.0 | Long Pos Open: False
2025-08-12 21:01:40,669 - TradingThread - INFO - Price: 119300.1 | Long Target: 150000.0 | Long Pos Open: False
2025-08-12 21:01:40,768 - TradingThread - INFO - Price: 119300.0 | Long Target: 150000.0 | Long Pos Open: False
2025-08-12 21:01:40,868 - TradingThread - INFO - Price: 119300.0 | Long Target: 150000.0 | Long Pos Open: False
2025-08-12 21:01:40,968 - TradingThread - INFO - Price: 119300.0 | Long Target: 150000.0 | Long Pos Open: False
2025-08-12 21:01:41,168 - TradingThread - INFO - Price: 119300.0 | Long Target: 150000.0 | Long Pos Open: False
2025-08-12 21:01:41,269 - TradingThread - INFO - Price: 119300.0 | Long Target: 150000.0 | Long Pos Open: False
2025-08-12 21:01:41,368 - TradingThread - INFO - Price: 119300.1 | Long Target: 150000.0 | Long Pos Open: False
2025-08-12 21:01:41,468 - TradingThread - INFO - Price: 119300.1 | Long Target: 150000.0 | Long Pos Open: False
2025-08-12 21:01:41,570 - TradingThread - INFO - Price: 119300.1 | Long Target: 150000.0 | Long Pos Open: False
2025-08-12 21:01:41,868 - TradingThread - INFO - Price: 119300.1 | Long Target: 150000.0 | Long Pos Open: False
2025-08-12 21:01:41,968 - TradingThread - INFO - Price: 119300.1 | Long Target: 150000.0 | Long Pos Open: False
2025-08-12 21:01:42,068 - TradingThread - INFO - Price: 119300.1 | Long Target: 150000.0 | Long Pos Open: False
2025-08-12 21:01:42,168 - TradingThread - INFO - Price: 119300.1 | Long Target: 150000.0 | Long Pos Open: False
2025-08-12 21:01:42,268 - TradingThread - INFO - Price: 119300.1 | Long Target: 150000.0 | Long Pos Open: False
2025-08-12 21:01:42,368 - TradingThread - INFO - Price: 119300.1 | Long Target: 150000.0 | Long Pos Open: False
2025-08-12 21:01:42,468 - TradingThread - INFO - Price: 119300.1 | Long Target: 150000.0 | Long Pos Open: False
2025-08-12 21:01:42,568 - TradingThread - INFO - Price: 119300.0 | Long Target: 150000.0 | Long Pos Open: False
2025-08-12 21:01:42,669 - TradingThread - INFO - Price: 119300.0 | Long Target: 150000.0 | Long Pos Open: False
2025-08-12 21:01:42,774 - TradingThread - INFO - Price: 119300.0 | Long Target: 150000.0 | Long Pos Open: False
2025-08-12 21:01:42,970 - TradingThread - INFO - Price: 119300.0 | Long Target: 150000.0 | Long Pos Open: False
2025-08-12 21:01:43,069 - TradingThread - INFO - Price: 119300.0 | Long Target: 150000.0 | Long Pos Open: False
2025-08-12 21:01:43,168 - TradingThread - INFO - Price: 119289.4 | Long Target: 150000.0 | Long Pos Open: False
2025-08-12 21:01:43,268 - TradingThread - INFO - Price: 119289.4 | Long Target: 150000.0 | Long Pos Open: False
2025-08-12 21:01:43,368 - TradingThread - INFO - Price: 119289.4 | Long Target: 150000.0 | Long Pos Open: False
2025-08-12 21:01:43,468 - TradingThread - INFO - Price: 119288.8 | Long Target: 150000.0 | Long Pos Open: False
2025-08-12 21:01:43,568 - TradingThread - INFO - Price: 119288.8 | Long Target: 150000.0 | Long Pos Open: False
2025-08-12 21:01:43,670 - TradingThread - INFO - Price: 119288.8 | Long Target: 150000.0 | Long Pos Open: False
2025-08-12 21:01:43,768 - TradingThread - INFO - Price: 119288.8 | Long Target: 150000.0 | Long Pos Open: False
2025-08-12 21:01:43,868 - TradingThread - INFO - Price: 119288.8 | Long Target: 150000.0 | Long Pos Open: False
2025-08-12 21:01:43,969 - TradingThread - INFO - Price: 119288.8 | Long Target: 150000.0 | Long Pos Open: False
2025-08-12 21:01:44,068 - TradingThread - INFO - Price: 119288.5 | Long Target: 150000.0 | Long Pos Open: False
2025-08-12 21:01:44,168 - TradingThread - INFO - Price: 119288.5 | Long Target: 150000.0 | Long Pos Open: False
2025-08-12 21:01:44,268 - TradingThread - INFO - Price: 119288.5 | Long Target: 150000.0 | Long Pos Open: False
2025-08-12 21:01:44,368 - TradingThread - INFO - Price: 119288.5 | Long Target: 150000.0 | Long Pos Open: False
2025-08-12 21:01:44,468 - TradingThread - INFO - Price: 119288.5 | Long Target: 150000.0 | Long Pos Open: False
2025-08-12 21:01:44,568 - TradingThread - INFO - Price: 119288.5 | Long Target: 150000.0 | Long Pos Open: False
2025-08-12 21:01:44,668 - TradingThread - INFO - Price: 119288.5 | Long Target: 150000.0 | Long Pos Open: False
2025-08-12 21:01:44,768 - TradingThread - INFO - Price: 119288.5 | Long Target: 150000.0 | Long Pos Open: False
2025-08-12 21:01:44,868 - TradingThread - INFO - Price: 119288.4 | Long Target: 150000.0 | Long Pos Open: False
2025-08-12 21:01:44,969 - TradingThread - INFO - Price: 119288.4 | Long Target: 150000.0 | Long Pos Open: False
2025-08-12 21:01:45,068 - TradingThread - INFO - Price: 119288.4 | Long Target: 150000.0 | Long Pos Open: False
2025-08-12 21:01:45,168 - TradingThread - INFO - Price: 119288.4 | Long Target: 150000.0 | Long Pos Open: False
2025-08-12 21:01:45,268 - TradingThread - INFO - Price: 119288.4 | Long Target: 150000.0 | Long Pos Open: False
2025-08-12 21:01:45,468 - TradingThread - INFO - Price: 119288.5 | Long Target: 150000.0 | Long Pos Open: False
2025-08-12 21:01:45,568 - TradingThread - INFO - Price: 119288.5 | Long Target: 150000.0 | Long Pos Open: False
2025-08-12 21:01:45,868 - TradingThread - INFO - Price: 119288.4 | Long Target: 150000.0 | Long Pos Open: False
2025-08-12 21:01:45,968 - TradingThread - INFO - Price: 119288.4 | Long Target: 150000.0 | Long Pos Open: False
2025-08-12 21:01:46,068 - TradingThread - INFO - Price: 119288.4 | Long Target: 150000.0 | Long Pos Open: False
2025-08-12 21:01:46,268 - TradingThread - INFO - Price: 119288.4 | Long Target: 150000.0 | Long Pos Open: False
2025-08-12 21:01:46,468 - TradingThread - INFO - Price: 119288.4 | Long Target: 150000.0 | Long Pos Open: False
2025-08-12 21:01:46,568 - TradingThread - INFO - Price: 119288.4 | Long Target: 150000.0 | Long Pos Open: False
2025-08-12 21:01:46,668 - TradingThread - INFO - Price: 119278.5 | Long Target: 150000.0 | Long Pos Open: False
2025-08-12 21:01:46,768 - TradingThread - INFO - Price: 119278.6 | Long Target: 150000.0 | Long Pos Open: False
2025-08-12 21:01:46,868 - TradingThread - INFO - Price: 119278.6 | Long Target: 150000.0 | Long Pos Open: False
2025-08-12 21:01:46,968 - TradingThread - INFO - Price: 119278.6 | Long Target: 150000.0 | Long Pos Open: False
2025-08-12 21:01:47,168 - TradingThread - INFO - Price: 119278.6 | Long Target: 150000.0 | Long Pos Open: False
2025-08-12 21:01:47,267 - TradingThread - INFO - Price: 119278.6 | Long Target: 150000.0 | Long Pos Open: False
2025-08-12 21:01:47,368 - TradingThread - INFO - Price: 119278.6 | Long Target: 150000.0 | Long Pos Open: False
2025-08-12 21:01:47,468 - TradingThread - INFO - Price: 119278.6 | Long Target: 150000.0 | Long Pos Open: False
2025-08-12 21:01:47,568 - TradingThread - INFO - Price: 119278.6 | Long Target: 150000.0 | Long Pos Open: False
2025-08-12 21:01:47,668 - TradingThread - INFO - Price: 119278.6 | Long Target: 150000.0 | Long Pos Open: False
2025-08-12 21:01:47,770 - TradingThread - INFO - Price: 119278.6 | Long Target: 150000.0 | Long Pos Open: False
2025-08-12 21:01:47,868 - TradingThread - INFO - Price: 119278.6 | Long Target: 150000.0 | Long Pos Open: False
2025-08-12 21:01:47,969 - TradingThread - INFO - Price: 119278.6 | Long Target: 150000.0 | Long Pos Open: False
2025-08-12 21:01:48,068 - TradingThread - INFO - Price: 119278.6 | Long Target: 150000.0 | Long Pos Open: False
2025-08-12 21:01:48,168 - TradingThread - INFO - Price: 119278.6 | Long Target: 150000.0 | Long Pos Open: False
2025-08-12 21:01:48,269 - TradingThread - INFO - Price: 119278.5 | Long Target: 150000.0 | Long Pos Open: False
2025-08-12 21:01:48,368 - TradingThread - INFO - Price: 119278.5 | Long Target: 150000.0 | Long Pos Open: False
2025-08-12 21:01:48,468 - TradingThread - INFO - Price: 119278.5 | Long Target: 150000.0 | Long Pos Open: False
2025-08-12 21:01:48,569 - TradingThread - INFO - Price: 119278.5 | Long Target: 150000.0 | Long Pos Open: False
2025-08-12 21:01:48,669 - TradingThread - INFO - Price: 119278.5 | Long Target: 150000.0 | Long Pos Open: False
2025-08-12 21:01:48,767 - TradingThread - INFO - Price: 119278.5 | Long Target: 150000.0 | Long Pos Open: False
2025-08-12 21:01:48,868 - TradingThread - INFO - Price: 119278.6 | Long Target: 150000.0 | Long Pos Open: False
2025-08-12 21:01:48,968 - TradingThread - INFO - Price: 119278.5 | Long Target: 150000.0 | Long Pos Open: False
2025-08-12 21:01:49,068 - TradingThread - INFO - Price: 119278.5 | Long Target: 150000.0 | Long Pos Open: False
2025-08-12 21:01:49,168 - TradingThread - INFO - Price: 119278.5 | Long Target: 150000.0 | Long Pos Open: False
2025-08-12 21:01:49,268 - TradingThread - INFO - Price: 119277.8 | Long Target: 150000.0 | Long Pos Open: False
2025-08-12 21:01:49,369 - TradingThread - INFO - Price: 119274.3 | Long Target: 150000.0 | Long Pos Open: False
2025-08-12 21:01:49,467 - TradingThread - INFO - Price: 119274.3 | Long Target: 150000.0 | Long Pos Open: False
2025-08-12 21:01:49,568 - TradingThread - INFO - Price: 119274.3 | Long Target: 150000.0 | Long Pos Open: False
2025-08-12 21:01:49,667 - TradingThread - INFO - Price: 119274.3 | Long Target: 150000.0 | Long Pos Open: False
2025-08-12 21:01:49,768 - TradingThread - INFO - Price: 119274.3 | Long Target: 150000.0 | Long Pos Open: False
2025-08-12 21:01:49,867 - TradingThread - INFO - Price: 119274.3 | Long Target: 150000.0 | Long Pos Open: False
2025-08-12 21:01:49,968 - TradingThread - INFO - Price: 119263.9 | Long Target: 150000.0 | Long Pos Open: False
2025-08-12 21:01:50,068 - TradingThread - INFO - Price: 119263.9 | Long Target: 150000.0 | Long Pos Open: False
2025-08-12 21:01:50,167 - TradingThread - INFO - Price: 119263.9 | Long Target: 150000.0 | Long Pos Open: False
2025-08-12 21:01:50,268 - TradingThread - INFO - Price: 119263.3 | Long Target: 150000.0 | Long Pos Open: False
2025-08-12 21:01:50,368 - TradingThread - INFO - Price: 119263.3 | Long Target: 150000.0 | Long Pos Open: False
2025-08-12 21:01:50,467 - TradingThread - INFO - Price: 119263.3 | Long Target: 150000.0 | Long Pos Open: False
2025-08-12 21:01:50,568 - TradingThread - INFO - Price: 119263.3 | Long Target: 150000.0 | Long Pos Open: False
2025-08-12 21:01:50,668 - TradingThread - INFO - Price: 119263.3 | Long Target: 150000.0 | Long Pos Open: False
2025-08-12 21:01:50,767 - TradingThread - INFO - Price: 119263.3 | Long Target: 150000.0 | Long Pos Open: False
2025-08-12 21:01:50,868 - TradingThread - INFO - Price: 119263.3 | Long Target: 150000.0 | Long Pos Open: False
2025-08-12 21:01:50,968 - TradingThread - INFO - Price: 119263.3 | Long Target: 150000.0 | Long Pos Open: False
2025-08-12 21:01:51,067 - TradingThread - INFO - Price: 119263.3 | Long Target: 150000.0 | Long Pos Open: False
2025-08-12 21:01:51,168 - TradingThread - INFO - Price: 119263.3 | Long Target: 150000.0 | Long Pos Open: False
2025-08-12 21:01:51,367 - TradingThread - INFO - Price: 119263.3 | Long Target: 150000.0 | Long Pos Open: False
2025-08-12 21:01:51,468 - TradingThread - INFO - Price: 119263.3 | Long Target: 150000.0 | Long Pos Open: False
2025-08-12 21:01:51,568 - TradingThread - INFO - Price: 119263.0 | Long Target: 150000.0 | Long Pos Open: False
2025-08-12 21:01:51,668 - TradingThread - INFO - Price: 119263.1 | Long Target: 150000.0 | Long Pos Open: False
2025-08-12 21:01:51,769 - TradingThread - INFO - Price: 119263.1 | Long Target: 150000.0 | Long Pos Open: False
2025-08-12 21:01:51,867 - TradingThread - INFO - Price: 119263.1 | Long Target: 150000.0 | Long Pos Open: False
2025-08-12 21:01:51,967 - TradingThread - INFO - Price: 119263.1 | Long Target: 150000.0 | Long Pos Open: False
2025-08-12 21:01:52,068 - TradingThread - INFO - Price: 119263.1 | Long Target: 150000.0 | Long Pos Open: False
2025-08-12 21:01:52,267 - TradingThread - INFO - Price: 119263.0 | Long Target: 150000.0 | Long Pos Open: False
2025-08-12 21:01:52,368 - TradingThread - INFO - Price: 119263.0 | Long Target: 150000.0 | Long Pos Open: False
2025-08-12 21:01:52,468 - TradingThread - INFO - Price: 119263.1 | Long Target: 150000.0 | Long Pos Open: False
2025-08-12 21:01:52,567 - TradingThread - INFO - Price: 119263.1 | Long Target: 150000.0 | Long Pos Open: False
2025-08-12 21:01:52,667 - TradingThread - INFO - Price: 119263.1 | Long Target: 150000.0 | Long Pos Open: False
2025-08-12 21:01:52,768 - TradingThread - INFO - Price: 119263.1 | Long Target: 150000.0 | Long Pos Open: False
2025-08-12 21:01:52,867 - TradingThread - INFO - Price: 119263.1 | Long Target: 150000.0 | Long Pos Open: False
2025-08-12 21:01:52,969 - TradingThread - INFO - Price: 119263.1 | Long Target: 150000.0 | Long Pos Open: False
2025-08-12 21:01:53,068 - TradingThread - INFO - Price: 119263.1 | Long Target: 150000.0 | Long Pos Open: False
2025-08-12 21:01:53,167 - TradingThread - INFO - Price: 119263.0 | Long Target: 150000.0 | Long Pos Open: False
2025-08-12 21:01:53,268 - TradingThread - INFO - Price: 119263.0 | Long Target: 150000.0 | Long Pos Open: False
2025-08-12 21:01:53,367 - TradingThread - INFO - Price: 119263.0 | Long Target: 150000.0 | Long Pos Open: False
2025-08-12 21:01:53,467 - TradingThread - INFO - Price: 119263.0 | Long Target: 150000.0 | Long Pos Open: False
2025-08-12 21:01:53,567 - TradingThread - INFO - Price: 119263.0 | Long Target: 150000.0 | Long Pos Open: False
2025-08-12 21:01:53,667 - TradingThread - INFO - Price: 119263.0 | Long Target: 150000.0 | Long Pos Open: False
2025-08-12 21:01:53,767 - TradingThread - INFO - Price: 119263.0 | Long Target: 150000.0 | Long Pos Open: False
2025-08-12 21:01:53,867 - TradingThread - INFO - Price: 119263.0 | Long Target: 150000.0 | Long Pos Open: False
2025-08-12 21:01:53,967 - TradingThread - INFO - Price: 119263.1 | Long Target: 150000.0 | Long Pos Open: False
2025-08-12 21:01:54,067 - TradingThread - INFO - Price: 119263.1 | Long Target: 150000.0 | Long Pos Open: False
2025-08-12 21:01:54,167 - TradingThread - INFO - Price: 119263.1 | Long Target: 150000.0 | Long Pos Open: False
2025-08-12 21:01:54,267 - TradingThread - INFO - Price: 119263.1 | Long Target: 150000.0 | Long Pos Open: False
2025-08-12 21:01:54,367 - TradingThread - INFO - Price: 119263.1 | Long Target: 150000.0 | Long Pos Open: False
2025-08-12 21:01:54,468 - TradingThread - INFO - Price: 119263.0 | Long Target: 150000.0 | Long Pos Open: False
2025-08-12 21:01:54,568 - TradingThread - INFO - Price: 119263.0 | Long Target: 150000.0 | Long Pos Open: False
2025-08-12 21:01:54,668 - TradingThread - INFO - Price: 119263.0 | Long Target: 150000.0 | Long Pos Open: False
2025-08-12 21:01:54,768 - TradingThread - INFO - Price: 119263.0 | Long Target: 150000.0 | Long Pos Open: False
2025-08-12 21:01:54,867 - TradingThread - INFO - Price: 119263.0 | Long Target: 150000.0 | Long Pos Open: False
2025-08-12 21:01:55,069 - TradingThread - INFO - Price: 119263.0 | Long Target: 150000.0 | Long Pos Open: False
2025-08-12 21:01:55,168 - TradingThread - INFO - Price: 119263.0 | Long Target: 150000.0 | Long Pos Open: False
2025-08-12 21:01:55,267 - TradingThread - INFO - Price: 119263.1 | Long Target: 150000.0 | Long Pos Open: False
2025-08-12 21:01:55,367 - TradingThread - INFO - Price: 119263.0 | Long Target: 150000.0 | Long Pos Open: False
2025-08-12 21:01:55,468 - TradingThread - INFO - Price: 119254.2 | Long Target: 150000.0 | Long Pos Open: False
2025-08-12 21:01:55,567 - TradingThread - INFO - Price: 119254.2 | Long Target: 150000.0 | Long Pos Open: False
2025-08-12 21:01:55,667 - TradingThread - INFO - Price: 119254.2 | Long Target: 150000.0 | Long Pos Open: False
2025-08-12 21:01:55,767 - TradingThread - INFO - Price: 119254.2 | Long Target: 150000.0 | Long Pos Open: False
2025-08-12 21:01:55,867 - TradingThread - INFO - Price: 119254.2 | Long Target: 150000.0 | Long Pos Open: False
2025-08-12 21:01:55,967 - TradingThread - INFO - Price: 119254.2 | Long Target: 150000.0 | Long Pos Open: False
2025-08-12 21:01:56,067 - TradingThread - INFO - Price: 119253.5 | Long Target: 150000.0 | Long Pos Open: False
2025-08-12 21:01:56,167 - TradingThread - INFO - Price: 119253.5 | Long Target: 150000.0 | Long Pos Open: False
2025-08-12 21:01:56,267 - TradingThread - INFO - Price: 119253.5 | Long Target: 150000.0 | Long Pos Open: False
2025-08-12 21:01:56,367 - TradingThread - INFO - Price: 119253.5 | Long Target: 150000.0 | Long Pos Open: False
2025-08-12 21:01:56,468 - TradingThread - INFO - Price: 119253.5 | Long Target: 150000.0 | Long Pos Open: False
2025-08-12 21:01:56,567 - TradingThread - INFO - Price: 119253.5 | Long Target: 150000.0 | Long Pos Open: False
2025-08-12 21:01:56,667 - TradingThread - INFO - Price: 119253.5 | Long Target: 150000.0 | Long Pos Open: False
2025-08-12 21:01:56,867 - TradingThread - INFO - Price: 119253.5 | Long Target: 150000.0 | Long Pos Open: False
2025-08-12 21:01:56,967 - TradingThread - INFO - Price: 119253.4 | Long Target: 150000.0 | Long Pos Open: False
2025-08-12 21:01:57,067 - TradingThread - INFO - Price: 119253.4 | Long Target: 150000.0 | Long Pos Open: False
2025-08-12 21:01:57,168 - TradingThread - INFO - Price: 119253.0 | Long Target: 150000.0 | Long Pos Open: False
2025-08-12 21:01:57,268 - TradingThread - INFO - Price: 119251.1 | Long Target: 150000.0 | Long Pos Open: False
2025-08-12 21:01:57,367 - TradingThread - INFO - Price: 119251.1 | Long Target: 150000.0 | Long Pos Open: False
2025-08-12 21:01:57,467 - TradingThread - INFO - Price: 119251.1 | Long Target: 150000.0 | Long Pos Open: False
2025-08-12 21:01:57,569 - TradingThread - INFO - Price: 119251.1 | Long Target: 150000.0 | Long Pos Open: False
2025-08-12 21:01:57,668 - TradingThread - INFO - Price: 119251.1 | Long Target: 150000.0 | Long Pos Open: False
2025-08-12 21:01:57,767 - TradingThread - INFO - Price: 119251.1 | Long Target: 150000.0 | Long Pos Open: False
2025-08-12 21:01:57,968 - TradingThread - INFO - Price: 119250.9 | Long Target: 150000.0 | Long Pos Open: False
2025-08-12 21:01:58,067 - TradingThread - INFO - Price: 119250.9 | Long Target: 150000.0 | Long Pos Open: False
2025-08-12 21:01:58,167 - TradingThread - INFO - Price: 119250.9 | Long Target: 150000.0 | Long Pos Open: False
2025-08-12 21:01:58,267 - TradingThread - INFO - Price: 119250.9 | Long Target: 150000.0 | Long Pos Open: False
2025-08-12 21:01:58,368 - TradingThread - INFO - Price: 119250.9 | Long Target: 150000.0 | Long Pos Open: False
2025-08-12 21:01:58,469 - TradingThread - INFO - Price: 119250.9 | Long Target: 150000.0 | Long Pos Open: False
2025-08-12 21:01:58,567 - TradingThread - INFO - Price: 119250.9 | Long Target: 150000.0 | Long Pos Open: False
2025-08-12 21:01:58,667 - TradingThread - INFO - Price: 119250.9 | Long Target: 150000.0 | Long Pos Open: False
2025-08-12 21:01:58,768 - TradingThread - INFO - Price: 119250.9 | Long Target: 150000.0 | Long Pos Open: False
2025-08-12 21:01:58,867 - TradingThread - INFO - Price: 119250.9 | Long Target: 150000.0 | Long Pos Open: False
2025-08-12 21:01:58,967 - TradingThread - INFO - Price: 119250.9 | Long Target: 150000.0 | Long Pos Open: False
2025-08-12 21:01:59,067 - TradingThread - INFO - Price: 119250.9 | Long Target: 150000.0 | Long Pos Open: False
2025-08-12 21:01:59,168 - TradingThread - INFO - Price: 119250.9 | Long Target: 150000.0 | Long Pos Open: False
2025-08-12 21:01:59,268 - TradingThread - INFO - Price: 119250.8 | Long Target: 150000.0 | Long Pos Open: False
2025-08-12 21:01:59,367 - TradingThread - INFO - Price: 119250.8 | Long Target: 150000.0 | Long Pos Open: False
2025-08-12 21:01:59,467 - TradingThread - INFO - Price: 119250.5 | Long Target: 150000.0 | Long Pos Open: False
2025-08-12 21:01:59,567 - TradingThread - INFO - Price: 119250.5 | Long Target: 150000.0 | Long Pos Open: False
2025-08-12 21:01:59,668 - TradingThread - INFO - Price: 119250.5 | Long Target: 150000.0 | Long Pos Open: False
2025-08-12 21:01:59,767 - TradingThread - INFO - Price: 119250.5 | Long Target: 150000.0 | Long Pos Open: False
2025-08-12 21:01:59,867 - TradingThread - INFO - Price: 119250.5 | Long Target: 150000.0 | Long Pos Open: False
2025-08-12 21:01:59,967 - TradingThread - INFO - Price: 119250.5 | Long Target: 150000.0 | Long Pos Open: False
2025-08-12 21:02:00,167 - TradingThread - INFO - Price: 119250.5 | Long Target: 150000.0 | Long Pos Open: False
2025-08-12 21:02:00,267 - TradingThread - INFO - Price: 119250.5 | Long Target: 150000.0 | Long Pos Open: False
2025-08-12 21:02:00,368 - TradingThread - INFO - Price: 119250.1 | Long Target: 150000.0 | Long Pos Open: False
2025-08-12 21:02:00,467 - TradingThread - INFO - Price: 119250.0 | Long Target: 150000.0 | Long Pos Open: False
2025-08-12 21:02:00,567 - TradingThread - INFO - Price: 119250.0 | Long Target: 150000.0 | Long Pos Open: False
2025-08-12 21:02:00,668 - TradingThread - INFO - Price: 119250.0 | Long Target: 150000.0 | Long Pos Open: False
2025-08-12 21:02:00,767 - TradingThread - INFO - Price: 119250.0 | Long Target: 150000.0 | Long Pos Open: False
2025-08-12 21:02:00,867 - TradingThread - INFO - Price: 119250.0 | Long Target: 150000.0 | Long Pos Open: False
2025-08-12 21:02:00,967 - TradingThread - INFO - Price: 119250.0 | Long Target: 150000.0 | Long Pos Open: False
2025-08-12 21:02:01,067 - TradingThread - INFO - Price: 119250.1 | Long Target: 150000.0 | Long Pos Open: False
2025-08-12 21:02:01,168 - TradingThread - INFO - Price: 119250.0 | Long Target: 150000.0 | Long Pos Open: False
2025-08-12 21:02:01,267 - TradingThread - INFO - Price: 119250.0 | Long Target: 150000.0 | Long Pos Open: False
2025-08-12 21:02:01,368 - TradingThread - INFO - Price: 119250.0 | Long Target: 150000.0 | Long Pos Open: False
2025-08-12 21:02:01,467 - TradingThread - INFO - Price: 119250.0 | Long Target: 150000.0 | Long Pos Open: False
2025-08-12 21:02:01,567 - TradingThread - INFO - Price: 119250.0 | Long Target: 150000.0 | Long Pos Open: False
2025-08-12 21:02:01,667 - TradingThread - INFO - Price: 119250.0 | Long Target: 150000.0 | Long Pos Open: False
2025-08-12 21:02:01,767 - TradingThread - INFO - Price: 119250.0 | Long Target: 150000.0 | Long Pos Open: False
2025-08-12 21:02:01,867 - TradingThread - INFO - Price: 119250.0 | Long Target: 150000.0 | Long Pos Open: False
2025-08-12 21:02:01,967 - TradingThread - INFO - Price: 119250.0 | Long Target: 150000.0 | Long Pos Open: False
2025-08-12 21:02:02,069 - TradingThread - INFO - Price: 119250.0 | Long Target: 150000.0 | Long Pos Open: False
2025-08-12 21:02:02,168 - TradingThread - INFO - Price: 119250.0 | Long Target: 150000.0 | Long Pos Open: False
2025-08-12 21:02:02,268 - TradingThread - INFO - Price: 119264.8 | Long Target: 150000.0 | Long Pos Open: False
2025-08-12 21:02:02,367 - TradingThread - INFO - Price: 119266.0 | Long Target: 150000.0 | Long Pos Open: False
2025-08-12 21:02:02,471 - TradingThread - INFO - Price: 119266.0 | Long Target: 150000.0 | Long Pos Open: False
2025-08-12 21:02:02,567 - TradingThread - INFO - Price: 119266.0 | Long Target: 150000.0 | Long Pos Open: False
2025-08-12 21:02:02,667 - TradingThread - INFO - Price: 119266.0 | Long Target: 150000.0 | Long Pos Open: False
2025-08-12 21:02:02,767 - TradingThread - INFO - Price: 119266.0 | Long Target: 150000.0 | Long Pos Open: False
2025-08-12 21:02:02,867 - TradingThread - INFO - Price: 119266.0 | Long Target: 150000.0 | Long Pos Open: False
2025-08-12 21:02:02,967 - TradingThread - INFO - Price: 119266.0 | Long Target: 150000.0 | Long Pos Open: False
2025-08-12 21:02:03,067 - TradingThread - INFO - Price: 119265.9 | Long Target: 150000.0 | Long Pos Open: False
2025-08-12 21:02:03,167 - TradingThread - INFO - Price: 119265.9 | Long Target: 150000.0 | Long Pos Open: False
2025-08-12 21:02:03,267 - TradingThread - INFO - Price: 119265.9 | Long Target: 150000.0 | Long Pos Open: False
2025-08-12 21:02:03,467 - TradingThread - INFO - Price: 119265.9 | Long Target: 150000.0 | Long Pos Open: False
2025-08-12 21:02:03,567 - TradingThread - INFO - Price: 119265.9 | Long Target: 150000.0 | Long Pos Open: False
2025-08-12 21:02:03,767 - TradingThread - INFO - Price: 119265.9 | Long Target: 150000.0 | Long Pos Open: False
2025-08-12 21:02:03,967 - TradingThread - INFO - Price: 119265.9 | Long Target: 150000.0 | Long Pos Open: False
2025-08-12 21:02:04,067 - TradingThread - INFO - Price: 119265.9 | Long Target: 150000.0 | Long Pos Open: False
2025-08-12 21:02:04,267 - TradingThread - INFO - Price: 119265.9 | Long Target: 150000.0 | Long Pos Open: False
2025-08-12 21:02:04,368 - TradingThread - INFO - Price: 119265.9 | Long Target: 150000.0 | Long Pos Open: False
2025-08-12 21:02:04,667 - TradingThread - INFO - Price: 119265.9 | Long Target: 150000.0 | Long Pos Open: False
2025-08-12 21:02:04,866 - TradingThread - INFO - Price: 119265.9 | Long Target: 150000.0 | Long Pos Open: False
2025-08-12 21:02:05,067 - TradingThread - INFO - Price: 119265.9 | Long Target: 150000.0 | Long Pos Open: False
2025-08-12 21:02:05,167 - TradingThread - INFO - Price: 119273.7 | Long Target: 150000.0 | Long Pos Open: False
2025-08-12 21:02:05,267 - TradingThread - INFO - Price: 119281.3 | Long Target: 150000.0 | Long Pos Open: False
2025-08-12 21:02:05,372 - TradingThread - INFO - Price: 119281.3 | Long Target: 150000.0 | Long Pos Open: False
2025-08-12 21:02:05,468 - TradingThread - INFO - Price: 119281.3 | Long Target: 150000.0 | Long Pos Open: False
2025-08-12 21:02:05,567 - TradingThread - INFO - Price: 119283.2 | Long Target: 150000.0 | Long Pos Open: False
2025-08-12 21:02:05,667 - TradingThread - INFO - Price: 119286.9 | Long Target: 150000.0 | Long Pos Open: False
2025-08-12 21:02:05,768 - TradingThread - INFO - Price: 119286.9 | Long Target: 150000.0 | Long Pos Open: False
2025-08-12 21:02:05,867 - TradingThread - INFO - Price: 119286.9 | Long Target: 150000.0 | Long Pos Open: False
2025-08-12 21:02:05,967 - TradingThread - INFO - Price: 119287.4 | Long Target: 150000.0 | Long Pos Open: False
2025-08-12 21:02:06,068 - TradingThread - INFO - Price: 119288.7 | Long Target: 150000.0 | Long Pos Open: False
2025-08-12 21:02:06,167 - TradingThread - INFO - Price: 119288.7 | Long Target: 150000.0 | Long Pos Open: False
2025-08-12 21:02:06,267 - TradingThread - INFO - Price: 119298.4 | Long Target: 150000.0 | Long Pos Open: False
2025-08-12 21:02:06,367 - TradingThread - INFO - Price: 119298.4 | Long Target: 150000.0 | Long Pos Open: False
2025-08-12 21:02:06,468 - TradingThread - INFO - Price: 119298.4 | Long Target: 150000.0 | Long Pos Open: False
2025-08-12 21:02:06,567 - TradingThread - INFO - Price: 119298.4 | Long Target: 150000.0 | Long Pos Open: False
2025-08-12 21:02:06,667 - TradingThread - INFO - Price: 119298.4 | Long Target: 150000.0 | Long Pos Open: False
2025-08-12 21:02:06,767 - TradingThread - INFO - Price: 119298.4 | Long Target: 150000.0 | Long Pos Open: False
2025-08-12 21:02:06,867 - TradingThread - INFO - Price: 119298.4 | Long Target: 150000.0 | Long Pos Open: False
2025-08-12 21:02:06,967 - TradingThread - INFO - Price: 119298.4 | Long Target: 150000.0 | Long Pos Open: False
2025-08-12 21:02:07,067 - TradingThread - INFO - Price: 119298.4 | Long Target: 150000.0 | Long Pos Open: False
2025-08-12 21:02:07,166 - TradingThread - INFO - Price: 119298.4 | Long Target: 150000.0 | Long Pos Open: False
2025-08-12 21:02:07,266 - TradingThread - INFO - Price: 119298.4 | Long Target: 150000.0 | Long Pos Open: False
2025-08-12 21:02:07,466 - TradingThread - INFO - Price: 119298.4 | Long Target: 150000.0 | Long Pos Open: False
2025-08-12 21:02:07,567 - TradingThread - INFO - Price: 119288.1 | Long Target: 150000.0 | Long Pos Open: False
2025-08-12 21:02:07,666 - TradingThread - INFO - Price: 119288.1 | Long Target: 150000.0 | Long Pos Open: False
2025-08-12 21:02:07,767 - TradingThread - INFO - Price: 119288.1 | Long Target: 150000.0 | Long Pos Open: False
2025-08-12 21:02:07,867 - TradingThread - INFO - Price: 119288.1 | Long Target: 150000.0 | Long Pos Open: False
2025-08-12 21:02:07,967 - TradingThread - INFO - Price: 119288.0 | Long Target: 150000.0 | Long Pos Open: False
2025-08-12 21:02:08,067 - TradingThread - INFO - Price: 119288.0 | Long Target: 150000.0 | Long Pos Open: False
2025-08-12 21:02:08,267 - TradingThread - INFO - Price: 119288.0 | Long Target: 150000.0 | Long Pos Open: False
2025-08-12 21:02:08,368 - TradingThread - INFO - Price: 119288.0 | Long Target: 150000.0 | Long Pos Open: False
2025-08-12 21:02:08,667 - TradingThread - INFO - Price: 119288.1 | Long Target: 150000.0 | Long Pos Open: False
2025-08-12 21:02:08,767 - TradingThread - INFO - Price: 119288.1 | Long Target: 150000.0 | Long Pos Open: False
2025-08-12 21:02:08,867 - TradingThread - INFO - Price: 119288.1 | Long Target: 150000.0 | Long Pos Open: False
2025-08-12 21:02:08,967 - TradingThread - INFO - Price: 119288.1 | Long Target: 150000.0 | Long Pos Open: False
2025-08-12 21:02:09,067 - TradingThread - INFO - Price: 119288.1 | Long Target: 150000.0 | Long Pos Open: False
2025-08-12 21:02:09,167 - TradingThread - INFO - Price: 119288.1 | Long Target: 150000.0 | Long Pos Open: False
2025-08-12 21:02:09,267 - TradingThread - INFO - Price: 119288.1 | Long Target: 150000.0 | Long Pos Open: False
2025-08-12 21:02:09,367 - TradingThread - INFO - Price: 119288.1 | Long Target: 150000.0 | Long Pos Open: False
2025-08-12 21:02:09,667 - TradingThread - INFO - Price: 119288.1 | Long Target: 150000.0 | Long Pos Open: False
2025-08-12 21:02:09,766 - TradingThread - INFO - Price: 119288.1 | Long Target: 150000.0 | Long Pos Open: False
2025-08-12 21:02:09,866 - TradingThread - INFO - Price: 119288.1 | Long Target: 150000.0 | Long Pos Open: False
2025-08-12 21:02:09,966 - TradingThread - INFO - Price: 119288.1 | Long Target: 150000.0 | Long Pos Open: False
2025-08-12 21:02:10,067 - TradingThread - INFO - Price: 119288.1 | Long Target: 150000.0 | Long Pos Open: False
2025-08-12 21:02:10,167 - TradingThread - INFO - Price: 119288.1 | Long Target: 150000.0 | Long Pos Open: False
2025-08-12 21:02:10,367 - TradingThread - INFO - Price: 119288.1 | Long Target: 150000.0 | Long Pos Open: False
2025-08-12 21:02:10,467 - TradingThread - INFO - Price: 119288.1 | Long Target: 150000.0 | Long Pos Open: False
2025-08-12 21:02:10,567 - TradingThread - INFO - Price: 119288.1 | Long Target: 150000.0 | Long Pos Open: False
2025-08-12 21:02:10,667 - TradingThread - INFO - Price: 119288.0 | Long Target: 150000.0 | Long Pos Open: False
2025-08-12 21:02:10,767 - TradingThread - INFO - Price: 119288.0 | Long Target: 150000.0 | Long Pos Open: False
2025-08-12 21:02:10,867 - TradingThread - INFO - Price: 119288.0 | Long Target: 150000.0 | Long Pos Open: False
2025-08-12 21:02:10,967 - TradingThread - INFO - Price: 119288.0 | Long Target: 150000.0 | Long Pos Open: False
2025-08-12 21:02:11,067 - TradingThread - INFO - Price: 119295.3 | Long Target: 150000.0 | Long Pos Open: False
2025-08-12 21:02:11,167 - TradingThread - INFO - Price: 119298.5 | Long Target: 150000.0 | Long Pos Open: False
2025-08-12 21:02:11,266 - TradingThread - INFO - Price: 119298.5 | Long Target: 150000.0 | Long Pos Open: False
2025-08-12 21:02:11,366 - TradingThread - INFO - Price: 119298.5 | Long Target: 150000.0 | Long Pos Open: False
2025-08-12 21:02:11,467 - TradingThread - INFO - Price: 119298.5 | Long Target: 150000.0 | Long Pos Open: False
2025-08-12 21:02:11,566 - TradingThread - INFO - Price: 119298.5 | Long Target: 150000.0 | Long Pos Open: False
2025-08-12 21:02:11,667 - TradingThread - INFO - Price: 119298.5 | Long Target: 150000.0 | Long Pos Open: False
2025-08-12 21:02:11,766 - TradingThread - INFO - Price: 119298.5 | Long Target: 150000.0 | Long Pos Open: False
2025-08-12 21:02:11,867 - TradingThread - INFO - Price: 119298.5 | Long Target: 150000.0 | Long Pos Open: False
2025-08-12 21:02:12,167 - TradingThread - INFO - Price: 119298.4 | Long Target: 150000.0 | Long Pos Open: False
2025-08-12 21:02:12,267 - TradingThread - INFO - Price: 119298.4 | Long Target: 150000.0 | Long Pos Open: False
2025-08-12 21:02:12,367 - TradingThread - INFO - Price: 119298.4 | Long Target: 150000.0 | Long Pos Open: False
2025-08-12 21:02:12,468 - TradingThread - INFO - Price: 119298.4 | Long Target: 150000.0 | Long Pos Open: False
2025-08-12 21:02:12,667 - TradingThread - INFO - Price: 119298.5 | Long Target: 150000.0 | Long Pos Open: False
2025-08-12 21:02:12,767 - TradingThread - INFO - Price: 119298.4 | Long Target: 150000.0 | Long Pos Open: False
2025-08-12 21:02:12,866 - TradingThread - INFO - Price: 119298.4 | Long Target: 150000.0 | Long Pos Open: False
2025-08-12 21:02:12,967 - TradingThread - INFO - Price: 119298.4 | Long Target: 150000.0 | Long Pos Open: False
2025-08-12 21:02:13,067 - TradingThread - INFO - Price: 119300.0 | Long Target: 150000.0 | Long Pos Open: False
2025-08-12 21:02:13,166 - TradingThread - INFO - Price: 119309.4 | Long Target: 150000.0 | Long Pos Open: False
2025-08-12 21:02:13,267 - TradingThread - INFO - Price: 119309.4 | Long Target: 150000.0 | Long Pos Open: False
2025-08-12 21:02:13,366 - TradingThread - INFO - Price: 119309.4 | Long Target: 150000.0 | Long Pos Open: False
2025-08-12 21:02:13,466 - TradingThread - INFO - Price: 119309.4 | Long Target: 150000.0 | Long Pos Open: False
2025-08-12 21:02:13,567 - TradingThread - INFO - Price: 119309.4 | Long Target: 150000.0 | Long Pos Open: False
2025-08-12 21:02:13,666 - TradingThread - INFO - Price: 119309.6 | Long Target: 150000.0 | Long Pos Open: False
2025-08-12 21:02:13,766 - TradingThread - INFO - Price: 119309.6 | Long Target: 150000.0 | Long Pos Open: False
2025-08-12 21:02:13,866 - TradingThread - INFO - Price: 119309.6 | Long Target: 150000.0 | Long Pos Open: False
2025-08-12 21:02:13,967 - TradingThread - INFO - Price: 119309.6 | Long Target: 150000.0 | Long Pos Open: False
2025-08-12 21:02:14,167 - TradingThread - INFO - Price: 119309.6 | Long Target: 150000.0 | Long Pos Open: False
2025-08-12 21:02:14,267 - TradingThread - INFO - Price: 119309.6 | Long Target: 150000.0 | Long Pos Open: False
2025-08-12 21:02:14,367 - TradingThread - INFO - Price: 119309.6 | Long Target: 150000.0 | Long Pos Open: False
2025-08-12 21:02:14,467 - TradingThread - INFO - Price: 119309.6 | Long Target: 150000.0 | Long Pos Open: False
2025-08-12 21:02:14,567 - TradingThread - INFO - Price: 119309.7 | Long Target: 150000.0 | Long Pos Open: False
2025-08-12 21:02:14,666 - TradingThread - INFO - Price: 119309.7 | Long Target: 150000.0 | Long Pos Open: False
2025-08-12 21:02:14,866 - TradingThread - INFO - Price: 119309.7 | Long Target: 150000.0 | Long Pos Open: False
2025-08-12 21:02:14,966 - TradingThread - INFO - Price: 119309.7 | Long Target: 150000.0 | Long Pos Open: False
2025-08-12 21:02:15,069 - TradingThread - INFO - Price: 119309.7 | Long Target: 150000.0 | Long Pos Open: False
2025-08-12 21:02:15,166 - TradingThread - INFO - Price: 119309.6 | Long Target: 150000.0 | Long Pos Open: False
2025-08-12 21:02:15,266 - TradingThread - INFO - Price: 119309.6 | Long Target: 150000.0 | Long Pos Open: False
2025-08-12 21:02:15,467 - TradingThread - INFO - Price: 119309.6 | Long Target: 150000.0 | Long Pos Open: False
2025-08-12 21:02:15,566 - TradingThread - INFO - Price: 119309.6 | Long Target: 150000.0 | Long Pos Open: False
2025-08-12 21:02:15,666 - TradingThread - INFO - Price: 119309.6 | Long Target: 150000.0 | Long Pos Open: False
2025-08-12 21:02:15,766 - TradingThread - INFO - Price: 119309.6 | Long Target: 150000.0 | Long Pos Open: False
2025-08-12 21:02:15,967 - TradingThread - INFO - Price: 119309.7 | Long Target: 150000.0 | Long Pos Open: False
2025-08-12 21:02:16,067 - TradingThread - INFO - Price: 119309.6 | Long Target: 150000.0 | Long Pos Open: False
2025-08-12 21:02:16,167 - TradingThread - INFO - Price: 119309.7 | Long Target: 150000.0 | Long Pos Open: False
2025-08-12 21:02:16,266 - TradingThread - INFO - Price: 119309.6 | Long Target: 150000.0 | Long Pos Open: False
2025-08-12 21:02:16,366 - TradingThread - INFO - Price: 119309.6 | Long Target: 150000.0 | Long Pos Open: False
2025-08-12 21:02:16,667 - TradingThread - INFO - Price: 119309.6 | Long Target: 150000.0 | Long Pos Open: False
2025-08-12 21:02:16,773 - TradingThread - INFO - Price: 119309.6 | Long Target: 150000.0 | Long Pos Open: False
2025-08-12 21:02:16,867 - TradingThread - INFO - Price: 119309.6 | Long Target: 150000.0 | Long Pos Open: False
2025-08-12 21:02:16,967 - TradingThread - INFO - Price: 119309.6 | Long Target: 150000.0 | Long Pos Open: False
2025-08-12 21:02:17,267 - TradingThread - INFO - Price: 119309.6 | Long Target: 150000.0 | Long Pos Open: False
2025-08-12 21:02:17,566 - TradingThread - INFO - Price: 119309.6 | Long Target: 150000.0 | Long Pos Open: False
2025-08-12 21:02:17,666 - TradingThread - INFO - Price: 119309.6 | Long Target: 150000.0 | Long Pos Open: False
2025-08-12 21:02:17,768 - TradingThread - INFO - Price: 119309.6 | Long Target: 150000.0 | Long Pos Open: False
2025-08-12 21:02:17,866 - TradingThread - INFO - Price: 119309.6 | Long Target: 150000.0 | Long Pos Open: False
2025-08-12 21:02:17,967 - TradingThread - INFO - Price: 119309.7 | Long Target: 150000.0 | Long Pos Open: False
2025-08-12 21:02:18,067 - TradingThread - INFO - Price: 119315.5 | Long Target: 150000.0 | Long Pos Open: False
2025-08-12 21:02:18,166 - TradingThread - INFO - Price: 119315.5 | Long Target: 150000.0 | Long Pos Open: False
2025-08-12 21:02:18,266 - TradingThread - INFO - Price: 119315.5 | Long Target: 150000.0 | Long Pos Open: False
2025-08-12 21:02:18,366 - TradingThread - INFO - Price: 119315.8 | Long Target: 150000.0 | Long Pos Open: False
2025-08-12 21:02:18,466 - TradingThread - INFO - Price: 119327.1 | Long Target: 150000.0 | Long Pos Open: False
2025-08-12 21:02:18,566 - TradingThread - INFO - Price: 119327.1 | Long Target: 150000.0 | Long Pos Open: False
2025-08-12 21:02:18,666 - TradingThread - INFO - Price: 119327.1 | Long Target: 150000.0 | Long Pos Open: False
2025-08-12 21:02:18,767 - TradingThread - INFO - Price: 119327.1 | Long Target: 150000.0 | Long Pos Open: False
2025-08-12 21:02:18,867 - TradingThread - INFO - Price: 119327.1 | Long Target: 150000.0 | Long Pos Open: False
2025-08-12 21:02:18,966 - TradingThread - INFO - Price: 119327.1 | Long Target: 150000.0 | Long Pos Open: False
2025-08-12 21:02:19,066 - TradingThread - INFO - Price: 119327.1 | Long Target: 150000.0 | Long Pos Open: False
2025-08-12 21:02:19,166 - TradingThread - INFO - Price: 119327.1 | Long Target: 150000.0 | Long Pos Open: False
2025-08-12 21:02:19,266 - TradingThread - INFO - Price: 119327.8 | Long Target: 150000.0 | Long Pos Open: False
2025-08-12 21:02:19,366 - TradingThread - INFO - Price: 119327.7 | Long Target: 150000.0 | Long Pos Open: False
2025-08-12 21:02:19,466 - TradingThread - INFO - Price: 119327.7 | Long Target: 150000.0 | Long Pos Open: False
2025-08-12 21:02:19,671 - TradingThread - INFO - Price: 119327.7 | Long Target: 150000.0 | Long Pos Open: False
2025-08-12 21:02:19,767 - TradingThread - INFO - Price: 119327.8 | Long Target: 150000.0 | Long Pos Open: False
2025-08-12 21:02:19,866 - TradingThread - INFO - Price: 119327.8 | Long Target: 150000.0 | Long Pos Open: False
2025-08-12 21:02:19,966 - TradingThread - INFO - Price: 119327.8 | Long Target: 150000.0 | Long Pos Open: False
2025-08-12 21:02:20,066 - TradingThread - INFO - Price: 119327.8 | Long Target: 150000.0 | Long Pos Open: False
2025-08-12 21:02:20,166 - TradingThread - INFO - Price: 119327.8 | Long Target: 150000.0 | Long Pos Open: False
2025-08-12 21:02:20,267 - TradingThread - INFO - Price: 119327.8 | Long Target: 150000.0 | Long Pos Open: False
2025-08-12 21:02:20,366 - TradingThread - INFO - Price: 119327.7 | Long Target: 150000.0 | Long Pos Open: False
2025-08-12 21:02:20,467 - TradingThread - INFO - Price: 119327.7 | Long Target: 150000.0 | Long Pos Open: False
2025-08-12 21:02:20,566 - TradingThread - INFO - Price: 119327.7 | Long Target: 150000.0 | Long Pos Open: False
2025-08-12 21:02:20,666 - TradingThread - INFO - Price: 119327.7 | Long Target: 150000.0 | Long Pos Open: False
2025-08-12 21:02:20,766 - TradingThread - INFO - Price: 119340.0 | Long Target: 150000.0 | Long Pos Open: False
2025-08-12 21:02:20,866 - TradingThread - INFO - Price: 119339.9 | Long Target: 150000.0 | Long Pos Open: False
2025-08-12 21:02:20,966 - TradingThread - INFO - Price: 119340.0 | Long Target: 150000.0 | Long Pos Open: False
2025-08-12 21:02:21,066 - TradingThread - INFO - Price: 119345.1 | Long Target: 150000.0 | Long Pos Open: False
2025-08-12 21:02:21,166 - TradingThread - INFO - Price: 119351.4 | Long Target: 150000.0 | Long Pos Open: False
2025-08-12 21:02:21,266 - TradingThread - INFO - Price: 119352.0 | Long Target: 150000.0 | Long Pos Open: False
2025-08-12 21:02:21,366 - TradingThread - INFO - Price: 119351.9 | Long Target: 150000.0 | Long Pos Open: False
2025-08-12 21:02:21,466 - TradingThread - INFO - Price: 119351.9 | Long Target: 150000.0 | Long Pos Open: False
2025-08-12 21:02:21,566 - TradingThread - INFO - Price: 119351.9 | Long Target: 150000.0 | Long Pos Open: False
2025-08-12 21:02:21,666 - TradingThread - INFO - Price: 119351.9 | Long Target: 150000.0 | Long Pos Open: False
2025-08-12 21:02:21,766 - TradingThread - INFO - Price: 119351.9 | Long Target: 150000.0 | Long Pos Open: False
2025-08-12 21:02:21,866 - TradingThread - INFO - Price: 119352.0 | Long Target: 150000.0 | Long Pos Open: False
2025-08-12 21:02:21,967 - TradingThread - INFO - Price: 119352.0 | Long Target: 150000.0 | Long Pos Open: False
2025-08-12 21:02:22,067 - TradingThread - INFO - Price: 119352.0 | Long Target: 150000.0 | Long Pos Open: False
2025-08-12 21:02:22,166 - TradingThread - INFO - Price: 119352.0 | Long Target: 150000.0 | Long Pos Open: False
2025-08-12 21:02:22,266 - TradingThread - INFO - Price: 119352.0 | Long Target: 150000.0 | Long Pos Open: False
2025-08-12 21:02:22,366 - TradingThread - INFO - Price: 119351.9 | Long Target: 150000.0 | Long Pos Open: False
2025-08-12 21:02:22,466 - TradingThread - INFO - Price: 119351.9 | Long Target: 150000.0 | Long Pos Open: False
2025-08-12 21:02:22,666 - TradingThread - INFO - Price: 119351.9 | Long Target: 150000.0 | Long Pos Open: False
2025-08-12 21:02:22,767 - TradingThread - INFO - Price: 119351.9 | Long Target: 150000.0 | Long Pos Open: False
2025-08-12 21:02:22,866 - TradingThread - INFO - Price: 119352.0 | Long Target: 150000.0 | Long Pos Open: False
2025-08-12 21:02:22,968 - TradingThread - INFO - Price: 119352.0 | Long Target: 150000.0 | Long Pos Open: False
2025-08-12 21:02:23,066 - TradingThread - INFO - Price: 119352.0 | Long Target: 150000.0 | Long Pos Open: False
2025-08-12 21:02:23,266 - TradingThread - INFO - Price: 119352.0 | Long Target: 150000.0 | Long Pos Open: False
2025-08-12 21:02:23,366 - TradingThread - INFO - Price: 119342.9 | Long Target: 150000.0 | Long Pos Open: False
2025-08-12 21:02:23,466 - TradingThread - INFO - Price: 119340.1 | Long Target: 150000.0 | Long Pos Open: False
2025-08-12 21:02:23,566 - TradingThread - INFO - Price: 119340.2 | Long Target: 150000.0 | Long Pos Open: False
2025-08-12 21:02:23,666 - TradingThread - INFO - Price: 119338.5 | Long Target: 150000.0 | Long Pos Open: False
2025-08-12 21:02:23,766 - TradingThread - INFO - Price: 119338.5 | Long Target: 150000.0 | Long Pos Open: False
2025-08-12 21:02:23,866 - TradingThread - INFO - Price: 119338.5 | Long Target: 150000.0 | Long Pos Open: False
2025-08-12 21:02:23,966 - TradingThread - INFO - Price: 119338.5 | Long Target: 150000.0 | Long Pos Open: False
2025-08-12 21:02:24,066 - TradingThread - INFO - Price: 119333.2 | Long Target: 150000.0 | Long Pos Open: False
2025-08-12 21:02:24,166 - TradingThread - INFO - Price: 119330.0 | Long Target: 150000.0 | Long Pos Open: False
2025-08-12 21:02:24,266 - TradingThread - INFO - Price: 119330.0 | Long Target: 150000.0 | Long Pos Open: False
2025-08-12 21:02:24,366 - TradingThread - INFO - Price: 119330.0 | Long Target: 150000.0 | Long Pos Open: False
2025-08-12 21:02:24,466 - TradingThread - INFO - Price: 119330.0 | Long Target: 150000.0 | Long Pos Open: False
2025-08-12 21:02:24,566 - TradingThread - INFO - Price: 119330.0 | Long Target: 150000.0 | Long Pos Open: False
2025-08-12 21:02:24,666 - TradingThread - INFO - Price: 119330.0 | Long Target: 150000.0 | Long Pos Open: False
2025-08-12 21:02:24,766 - TradingThread - INFO - Price: 119330.1 | Long Target: 150000.0 | Long Pos Open: False
2025-08-12 21:02:24,866 - TradingThread - INFO - Price: 119330.1 | Long Target: 150000.0 | Long Pos Open: False
2025-08-12 21:02:24,966 - TradingThread - INFO - Price: 119355.6 | Long Target: 150000.0 | Long Pos Open: False
2025-08-12 21:02:25,067 - TradingThread - INFO - Price: 119355.7 | Long Target: 150000.0 | Long Pos Open: False
2025-08-12 21:02:25,166 - TradingThread - INFO - Price: 119356.3 | Long Target: 150000.0 | Long Pos Open: False
2025-08-12 21:02:25,266 - TradingThread - INFO - Price: 119356.3 | Long Target: 150000.0 | Long Pos Open: False
2025-08-12 21:02:25,366 - TradingThread - INFO - Price: 119356.3 | Long Target: 150000.0 | Long Pos Open: False
2025-08-12 21:02:25,466 - TradingThread - INFO - Price: 119356.4 | Long Target: 150000.0 | Long Pos Open: False
2025-08-12 21:02:25,566 - TradingThread - INFO - Price: 119356.4 | Long Target: 150000.0 | Long Pos Open: False
2025-08-12 21:02:25,666 - TradingThread - INFO - Price: 119356.4 | Long Target: 150000.0 | Long Pos Open: False
2025-08-12 21:02:25,766 - TradingThread - INFO - Price: 119356.4 | Long Target: 150000.0 | Long Pos Open: False
2025-08-12 21:02:25,866 - TradingThread - INFO - Price: 119356.4 | Long Target: 150000.0 | Long Pos Open: False
2025-08-12 21:02:25,966 - TradingThread - INFO - Price: 119356.4 | Long Target: 150000.0 | Long Pos Open: False
2025-08-12 21:02:26,066 - TradingThread - INFO - Price: 119356.4 | Long Target: 150000.0 | Long Pos Open: False
2025-08-12 21:02:26,166 - TradingThread - INFO - Price: 119360.0 | Long Target: 150000.0 | Long Pos Open: False
2025-08-12 21:02:26,266 - TradingThread - INFO - Price: 119360.0 | Long Target: 150000.0 | Long Pos Open: False
2025-08-12 21:02:26,366 - TradingThread - INFO - Price: 119360.0 | Long Target: 150000.0 | Long Pos Open: False
2025-08-12 21:02:26,466 - TradingThread - INFO - Price: 119360.0 | Long Target: 150000.0 | Long Pos Open: False
2025-08-12 21:02:26,566 - TradingThread - INFO - Price: 119360.3 | Long Target: 150000.0 | Long Pos Open: False
2025-08-12 21:02:26,666 - TradingThread - INFO - Price: 119360.3 | Long Target: 150000.0 | Long Pos Open: False
2025-08-12 21:02:26,767 - TradingThread - INFO - Price: 119360.4 | Long Target: 150000.0 | Long Pos Open: False
2025-08-12 21:02:26,866 - TradingThread - INFO - Price: 119360.4 | Long Target: 150000.0 | Long Pos Open: False
2025-08-12 21:02:26,966 - TradingThread - INFO - Price: 119360.3 | Long Target: 150000.0 | Long Pos Open: False
2025-08-12 21:02:27,066 - TradingThread - INFO - Price: 119360.3 | Long Target: 150000.0 | Long Pos Open: False
2025-08-12 21:02:27,165 - TradingThread - INFO - Price: 119360.3 | Long Target: 150000.0 | Long Pos Open: False
2025-08-12 21:02:27,266 - TradingThread - INFO - Price: 119360.3 | Long Target: 150000.0 | Long Pos Open: False
2025-08-12 21:02:27,366 - TradingThread - INFO - Price: 119360.3 | Long Target: 150000.0 | Long Pos Open: False
2025-08-12 21:02:27,467 - TradingThread - INFO - Price: 119360.3 | Long Target: 150000.0 | Long Pos Open: False
2025-08-12 21:02:27,566 - TradingThread - INFO - Price: 119360.3 | Long Target: 150000.0 | Long Pos Open: False
2025-08-12 21:02:27,665 - TradingThread - INFO - Price: 119360.3 | Long Target: 150000.0 | Long Pos Open: False
2025-08-12 21:02:27,765 - TradingThread - INFO - Price: 119360.3 | Long Target: 150000.0 | Long Pos Open: False
2025-08-12 21:02:27,866 - TradingThread - INFO - Price: 119360.3 | Long Target: 150000.0 | Long Pos Open: False
2025-08-12 21:02:27,967 - TradingThread - INFO - Price: 119360.3 | Long Target: 150000.0 | Long Pos Open: False
2025-08-12 21:02:28,068 - TradingThread - INFO - Price: 119360.3 | Long Target: 150000.0 | Long Pos Open: False
2025-08-12 21:02:28,266 - TradingThread - INFO - Price: 119360.3 | Long Target: 150000.0 | Long Pos Open: False
2025-08-12 21:02:28,367 - TradingThread - INFO - Price: 119360.3 | Long Target: 150000.0 | Long Pos Open: False
2025-08-12 21:02:28,566 - TradingThread - INFO - Price: 119360.3 | Long Target: 150000.0 | Long Pos Open: False
2025-08-12 21:02:28,666 - TradingThread - INFO - Price: 119360.3 | Long Target: 150000.0 | Long Pos Open: False
2025-08-12 21:02:28,766 - TradingThread - INFO - Price: 119360.4 | Long Target: 150000.0 | Long Pos Open: False
2025-08-12 21:02:28,866 - TradingThread - INFO - Price: 119360.3 | Long Target: 150000.0 | Long Pos Open: False
2025-08-12 21:02:28,966 - TradingThread - INFO - Price: 119360.3 | Long Target: 150000.0 | Long Pos Open: False
2025-08-12 21:02:29,068 - TradingThread - INFO - Price: 119360.3 | Long Target: 150000.0 | Long Pos Open: False
2025-08-12 21:02:29,166 - TradingThread - INFO - Price: 119360.3 | Long Target: 150000.0 | Long Pos Open: False
2025-08-12 21:02:29,266 - TradingThread - INFO - Price: 119360.3 | Long Target: 150000.0 | Long Pos Open: False
2025-08-12 21:02:29,366 - TradingThread - INFO - Price: 119360.3 | Long Target: 150000.0 | Long Pos Open: False
2025-08-12 21:02:29,466 - TradingThread - INFO - Price: 119360.3 | Long Target: 150000.0 | Long Pos Open: False
2025-08-12 21:02:29,566 - TradingThread - INFO - Price: 119360.3 | Long Target: 150000.0 | Long Pos Open: False
2025-08-12 21:02:29,869 - TradingThread - INFO - Price: 119360.3 | Long Target: 150000.0 | Long Pos Open: False
2025-08-12 21:02:29,968 - TradingThread - INFO - Price: 119360.3 | Long Target: 150000.0 | Long Pos Open: False
2025-08-12 21:02:30,166 - TradingThread - INFO - Price: 119360.3 | Long Target: 150000.0 | Long Pos Open: False
2025-08-12 21:02:30,566 - TradingThread - INFO - Price: 119360.3 | Long Target: 150000.0 | Long Pos Open: False
2025-08-12 21:02:30,665 - TradingThread - INFO - Price: 119360.3 | Long Target: 150000.0 | Long Pos Open: False
2025-08-12 21:02:30,765 - TradingThread - INFO - Price: 119360.3 | Long Target: 150000.0 | Long Pos Open: False
2025-08-12 21:02:30,865 - TradingThread - INFO - Price: 119360.3 | Long Target: 150000.0 | Long Pos Open: False
2025-08-12 21:02:30,966 - TradingThread - INFO - Price: 119360.3 | Long Target: 150000.0 | Long Pos Open: False
2025-08-12 21:02:31,166 - TradingThread - INFO - Price: 119360.3 | Long Target: 150000.0 | Long Pos Open: False
2025-08-12 21:02:31,266 - TradingThread - INFO - Price: 119360.3 | Long Target: 150000.0 | Long Pos Open: False
2025-08-12 21:02:31,366 - TradingThread - INFO - Price: 119360.3 | Long Target: 150000.0 | Long Pos Open: False
2025-08-12 21:02:31,466 - TradingThread - INFO - Price: 119360.3 | Long Target: 150000.0 | Long Pos Open: False
2025-08-12 21:02:31,566 - TradingThread - INFO - Price: 119360.3 | Long Target: 150000.0 | Long Pos Open: False
2025-08-12 21:02:31,667 - TradingThread - INFO - Price: 119360.3 | Long Target: 150000.0 | Long Pos Open: False
2025-08-12 21:02:31,765 - TradingThread - INFO - Price: 119360.3 | Long Target: 150000.0 | Long Pos Open: False
2025-08-12 21:02:31,865 - TradingThread - INFO - Price: 119360.3 | Long Target: 150000.0 | Long Pos Open: False
2025-08-12 21:02:31,966 - TradingThread - INFO - Price: 119360.4 | Long Target: 150000.0 | Long Pos Open: False
2025-08-12 21:02:32,067 - TradingThread - INFO - Price: 119360.4 | Long Target: 150000.0 | Long Pos Open: False
2025-08-12 21:02:32,166 - TradingThread - INFO - Price: 119360.4 | Long Target: 150000.0 | Long Pos Open: False
2025-08-12 21:02:32,267 - TradingThread - INFO - Price: 119360.4 | Long Target: 150000.0 | Long Pos Open: False
2025-08-12 21:02:32,365 - TradingThread - INFO - Price: 119360.4 | Long Target: 150000.0 | Long Pos Open: False
2025-08-12 21:02:32,466 - TradingThread - INFO - Price: 119360.4 | Long Target: 150000.0 | Long Pos Open: False
2025-08-12 21:02:32,566 - TradingThread - INFO - Price: 119360.4 | Long Target: 150000.0 | Long Pos Open: False
2025-08-12 21:02:32,665 - TradingThread - INFO - Price: 119360.4 | Long Target: 150000.0 | Long Pos Open: False
2025-08-12 21:02:32,765 - TradingThread - INFO - Price: 119360.3 | Long Target: 150000.0 | Long Pos Open: False
2025-08-12 21:02:32,865 - TradingThread - INFO - Price: 119360.3 | Long Target: 150000.0 | Long Pos Open: False
2025-08-12 21:02:32,965 - TradingThread - INFO - Price: 119360.3 | Long Target: 150000.0 | Long Pos Open: False
2025-08-12 21:02:33,065 - TradingThread - INFO - Price: 119360.4 | Long Target: 150000.0 | Long Pos Open: False
2025-08-12 21:02:33,166 - TradingThread - INFO - Price: 119360.4 | Long Target: 150000.0 | Long Pos Open: False
2025-08-12 21:02:33,265 - TradingThread - INFO - Price: 119360.4 | Long Target: 150000.0 | Long Pos Open: False
2025-08-12 21:02:33,467 - TradingThread - INFO - Price: 119360.4 | Long Target: 150000.0 | Long Pos Open: False
2025-08-12 21:02:33,766 - TradingThread - INFO - Price: 119360.3 | Long Target: 150000.0 | Long Pos Open: False
2025-08-12 21:02:33,867 - TradingThread - INFO - Price: 119360.3 | Long Target: 150000.0 | Long Pos Open: False
2025-08-12 21:02:34,265 - TradingThread - INFO - Price: 119360.3 | Long Target: 150000.0 | Long Pos Open: False
2025-08-12 21:02:34,365 - TradingThread - INFO - Price: 119360.3 | Long Target: 150000.0 | Long Pos Open: False
2025-08-12 21:02:34,466 - TradingThread - INFO - Price: 119360.3 | Long Target: 150000.0 | Long Pos Open: False
2025-08-12 21:02:34,568 - TradingThread - INFO - Price: 119360.3 | Long Target: 150000.0 | Long Pos Open: False
2025-08-12 21:02:34,665 - TradingThread - INFO - Price: 119360.3 | Long Target: 150000.0 | Long Pos Open: False
2025-08-12 21:02:34,765 - TradingThread - INFO - Price: 119360.3 | Long Target: 150000.0 | Long Pos Open: False
2025-08-12 21:02:34,866 - TradingThread - INFO - Price: 119360.3 | Long Target: 150000.0 | Long Pos Open: False
2025-08-12 21:02:34,966 - TradingThread - INFO - Price: 119360.3 | Long Target: 150000.0 | Long Pos Open: False
2025-08-12 21:02:35,065 - TradingThread - INFO - Price: 119360.4 | Long Target: 150000.0 | Long Pos Open: False
2025-08-12 21:02:35,165 - TradingThread - INFO - Price: 119360.4 | Long Target: 150000.0 | Long Pos Open: False
2025-08-12 21:02:35,266 - TradingThread - INFO - Price: 119360.4 | Long Target: 150000.0 | Long Pos Open: False
2025-08-12 21:02:35,365 - TradingThread - INFO - Price: 119360.4 | Long Target: 150000.0 | Long Pos Open: False
2025-08-12 21:02:35,465 - TradingThread - INFO - Price: 119360.4 | Long Target: 150000.0 | Long Pos Open: False
2025-08-12 21:02:35,666 - TradingThread - INFO - Price: 119360.4 | Long Target: 150000.0 | Long Pos Open: False
2025-08-12 21:02:35,766 - TradingThread - INFO - Price: 119360.4 | Long Target: 150000.0 | Long Pos Open: False
2025-08-12 21:02:35,965 - TradingThread - INFO - Price: 119360.4 | Long Target: 150000.0 | Long Pos Open: False
2025-08-12 21:02:36,165 - TradingThread - INFO - Price: 119360.4 | Long Target: 150000.0 | Long Pos Open: False
2025-08-12 21:02:36,266 - TradingThread - INFO - Price: 119360.3 | Long Target: 150000.0 | Long Pos Open: False
2025-08-12 21:02:36,365 - TradingThread - INFO - Price: 119360.4 | Long Target: 150000.0 | Long Pos Open: False
2025-08-12 21:02:36,465 - TradingThread - INFO - Price: 119360.4 | Long Target: 150000.0 | Long Pos Open: False
2025-08-12 21:02:36,565 - TradingThread - INFO - Price: 119360.3 | Long Target: 150000.0 | Long Pos Open: False
2025-08-12 21:02:36,666 - TradingThread - INFO - Price: 119360.3 | Long Target: 150000.0 | Long Pos Open: False
2025-08-12 21:02:36,766 - TradingThread - INFO - Price: 119360.3 | Long Target: 150000.0 | Long Pos Open: False
2025-08-12 21:02:36,866 - TradingThread - INFO - Price: 119360.3 | Long Target: 150000.0 | Long Pos Open: False
2025-08-12 21:02:36,966 - TradingThread - INFO - Price: 119360.3 | Long Target: 150000.0 | Long Pos Open: False
2025-08-12 21:02:37,065 - TradingThread - INFO - Price: 119360.3 | Long Target: 150000.0 | Long Pos Open: False
2025-08-12 21:02:37,166 - TradingThread - INFO - Price: 119360.3 | Long Target: 150000.0 | Long Pos Open: False
2025-08-12 21:02:37,265 - TradingThread - INFO - Price: 119360.3 | Long Target: 150000.0 | Long Pos Open: False
2025-08-12 21:02:37,366 - TradingThread - INFO - Price: 119360.4 | Long Target: 150000.0 | Long Pos Open: False
2025-08-12 21:02:37,465 - TradingThread - INFO - Price: 119360.4 | Long Target: 150000.0 | Long Pos Open: False
2025-08-12 21:02:37,665 - TradingThread - INFO - Price: 119360.4 | Long Target: 150000.0 | Long Pos Open: False
2025-08-12 21:02:37,865 - TradingThread - INFO - Price: 119360.4 | Long Target: 150000.0 | Long Pos Open: False
2025-08-12 21:02:37,965 - TradingThread - INFO - Price: 119380.0 | Long Target: 150000.0 | Long Pos Open: False
2025-08-12 21:02:38,066 - TradingThread - INFO - Price: 119380.0 | Long Target: 150000.0 | Long Pos Open: False
2025-08-12 21:02:38,165 - TradingThread - INFO - Price: 119380.0 | Long Target: 150000.0 | Long Pos Open: False
2025-08-12 21:02:38,266 - TradingThread - INFO - Price: 119380.0 | Long Target: 150000.0 | Long Pos Open: False
2025-08-12 21:02:38,365 - TradingThread - INFO - Price: 119380.0 | Long Target: 150000.0 | Long Pos Open: False
2025-08-12 21:02:38,465 - TradingThread - INFO - Price: 119380.0 | Long Target: 150000.0 | Long Pos Open: False
2025-08-12 21:02:38,565 - TradingThread - INFO - Price: 119380.0 | Long Target: 150000.0 | Long Pos Open: False
2025-08-12 21:02:38,865 - TradingThread - INFO - Price: 119379.9 | Long Target: 150000.0 | Long Pos Open: False
2025-08-12 21:02:38,965 - TradingThread - INFO - Price: 119379.9 | Long Target: 150000.0 | Long Pos Open: False
2025-08-12 21:02:39,065 - TradingThread - INFO - Price: 119379.9 | Long Target: 150000.0 | Long Pos Open: False
2025-08-12 21:02:39,166 - TradingThread - INFO - Price: 119379.9 | Long Target: 150000.0 | Long Pos Open: False
2025-08-12 21:02:39,265 - TradingThread - INFO - Price: 119379.9 | Long Target: 150000.0 | Long Pos Open: False
2025-08-12 21:02:39,365 - TradingThread - INFO - Price: 119379.9 | Long Target: 150000.0 | Long Pos Open: False
2025-08-12 21:02:39,465 - TradingThread - INFO - Price: 119379.9 | Long Target: 150000.0 | Long Pos Open: False
2025-08-12 21:02:39,565 - TradingThread - INFO - Price: 119379.9 | Long Target: 150000.0 | Long Pos Open: False
2025-08-12 21:02:39,665 - TradingThread - INFO - Price: 119379.9 | Long Target: 150000.0 | Long Pos Open: False
2025-08-12 21:02:39,766 - TradingThread - INFO - Price: 119379.9 | Long Target: 150000.0 | Long Pos Open: False
2025-08-12 21:02:39,865 - TradingThread - INFO - Price: 119379.9 | Long Target: 150000.0 | Long Pos Open: False
2025-08-12 21:02:39,965 - TradingThread - INFO - Price: 119379.9 | Long Target: 150000.0 | Long Pos Open: False
2025-08-12 21:02:40,067 - TradingThread - INFO - Price: 119379.9 | Long Target: 150000.0 | Long Pos Open: False
2025-08-12 21:02:40,165 - TradingThread - INFO - Price: 119373.3 | Long Target: 150000.0 | Long Pos Open: False
2025-08-12 21:02:40,266 - TradingThread - INFO - Price: 119373.3 | Long Target: 150000.0 | Long Pos Open: False
2025-08-12 21:02:40,365 - TradingThread - INFO - Price: 119373.3 | Long Target: 150000.0 | Long Pos Open: False
2025-08-12 21:02:40,566 - TradingThread - INFO - Price: 119373.3 | Long Target: 150000.0 | Long Pos Open: False
2025-08-12 21:02:40,665 - TradingThread - INFO - Price: 119373.3 | Long Target: 150000.0 | Long Pos Open: False
2025-08-12 21:02:40,765 - TradingThread - INFO - Price: 119373.3 | Long Target: 150000.0 | Long Pos Open: False
2025-08-12 21:02:40,965 - TradingThread - INFO - Price: 119373.3 | Long Target: 150000.0 | Long Pos Open: False
2025-08-12 21:02:41,065 - TradingThread - INFO - Price: 119373.3 | Long Target: 150000.0 | Long Pos Open: False
2025-08-12 21:02:41,165 - TradingThread - INFO - Price: 119373.3 | Long Target: 150000.0 | Long Pos Open: False
2025-08-12 21:02:41,265 - TradingThread - INFO - Price: 119373.3 | Long Target: 150000.0 | Long Pos Open: False
2025-08-12 21:02:41,365 - TradingThread - INFO - Price: 119373.3 | Long Target: 150000.0 | Long Pos Open: False
2025-08-12 21:02:41,465 - TradingThread - INFO - Price: 119373.3 | Long Target: 150000.0 | Long Pos Open: False
2025-08-12 21:02:41,565 - TradingThread - INFO - Price: 119373.3 | Long Target: 150000.0 | Long Pos Open: False
2025-08-12 21:02:41,865 - TradingThread - INFO - Price: 119373.3 | Long Target: 150000.0 | Long Pos Open: False
2025-08-12 21:02:41,965 - TradingThread - INFO - Price: 119373.3 | Long Target: 150000.0 | Long Pos Open: False
2025-08-12 21:02:42,065 - TradingThread - INFO - Price: 119373.3 | Long Target: 150000.0 | Long Pos Open: False
2025-08-12 21:02:42,165 - TradingThread - INFO - Price: 119373.3 | Long Target: 150000.0 | Long Pos Open: False
2025-08-12 21:02:42,265 - TradingThread - INFO - Price: 119373.3 | Long Target: 150000.0 | Long Pos Open: False
2025-08-12 21:02:42,365 - TradingThread - INFO - Price: 119373.3 | Long Target: 150000.0 | Long Pos Open: False
2025-08-12 21:02:42,465 - TradingThread - INFO - Price: 119373.3 | Long Target: 150000.0 | Long Pos Open: False
2025-08-12 21:02:42,565 - TradingThread - INFO - Price: 119373.3 | Long Target: 150000.0 | Long Pos Open: False
2025-08-12 21:02:42,665 - TradingThread - INFO - Price: 119376.0 | Long Target: 150000.0 | Long Pos Open: False
2025-08-12 21:02:42,765 - TradingThread - INFO - Price: 119376.0 | Long Target: 150000.0 | Long Pos Open: False
2025-08-12 21:02:42,865 - TradingThread - INFO - Price: 119376.0 | Long Target: 150000.0 | Long Pos Open: False
2025-08-12 21:02:42,965 - TradingThread - INFO - Price: 119376.1 | Long Target: 150000.0 | Long Pos Open: False
2025-08-12 21:02:43,065 - TradingThread - INFO - Price: 119376.1 | Long Target: 150000.0 | Long Pos Open: False
2025-08-12 21:02:43,165 - TradingThread - INFO - Price: 119376.1 | Long Target: 150000.0 | Long Pos Open: False
2025-08-12 21:02:43,265 - TradingThread - INFO - Price: 119373.3 | Long Target: 150000.0 | Long Pos Open: False
2025-08-12 21:02:43,365 - TradingThread - INFO - Price: 119373.3 | Long Target: 150000.0 | Long Pos Open: False
2025-08-12 21:02:43,465 - TradingThread - INFO - Price: 119373.3 | Long Target: 150000.0 | Long Pos Open: False
2025-08-12 21:02:43,566 - TradingThread - INFO - Price: 119373.3 | Long Target: 150000.0 | Long Pos Open: False
2025-08-12 21:02:43,665 - TradingThread - INFO - Price: 119373.3 | Long Target: 150000.0 | Long Pos Open: False
2025-08-12 21:02:43,765 - TradingThread - INFO - Price: 119373.3 | Long Target: 150000.0 | Long Pos Open: False
2025-08-12 21:02:43,865 - TradingThread - INFO - Price: 119373.3 | Long Target: 150000.0 | Long Pos Open: False
2025-08-12 21:02:43,965 - TradingThread - INFO - Price: 119373.2 | Long Target: 150000.0 | Long Pos Open: False
2025-08-12 21:02:44,065 - TradingThread - INFO - Price: 119373.2 | Long Target: 150000.0 | Long Pos Open: False
2025-08-12 21:02:44,165 - TradingThread - INFO - Price: 119373.2 | Long Target: 150000.0 | Long Pos Open: False
2025-08-12 21:02:44,265 - TradingThread - INFO - Price: 119373.2 | Long Target: 150000.0 | Long Pos Open: False
2025-08-12 21:02:44,565 - TradingThread - INFO - Price: 119373.2 | Long Target: 150000.0 | Long Pos Open: False
2025-08-12 21:02:44,665 - TradingThread - INFO - Price: 119373.3 | Long Target: 150000.0 | Long Pos Open: False
2025-08-12 21:02:44,769 - TradingThread - INFO - Price: 119373.3 | Long Target: 150000.0 | Long Pos Open: False
2025-08-12 21:02:44,865 - TradingThread - INFO - Price: 119373.3 | Long Target: 150000.0 | Long Pos Open: False
2025-08-12 21:02:45,165 - TradingThread - INFO - Price: 119373.3 | Long Target: 150000.0 | Long Pos Open: False
2025-08-12 21:02:45,265 - TradingThread - INFO - Price: 119373.3 | Long Target: 150000.0 | Long Pos Open: False
2025-08-12 21:02:45,365 - TradingThread - INFO - Price: 119373.3 | Long Target: 150000.0 | Long Pos Open: False
2025-08-12 21:02:45,465 - TradingThread - INFO - Price: 119373.3 | Long Target: 150000.0 | Long Pos Open: False
2025-08-12 21:02:45,765 - TradingThread - INFO - Price: 119373.3 | Long Target: 150000.0 | Long Pos Open: False
2025-08-12 21:02:45,865 - TradingThread - INFO - Price: 119373.3 | Long Target: 150000.0 | Long Pos Open: False
2025-08-12 21:02:46,066 - TradingThread - INFO - Price: 119373.3 | Long Target: 150000.0 | Long Pos Open: False
2025-08-12 21:02:46,165 - TradingThread - INFO - Price: 119373.3 | Long Target: 150000.0 | Long Pos Open: False
2025-08-12 21:02:46,265 - TradingThread - INFO - Price: 119373.2 | Long Target: 150000.0 | Long Pos Open: False
2025-08-12 21:02:46,365 - TradingThread - INFO - Price: 119373.2 | Long Target: 150000.0 | Long Pos Open: False
2025-08-12 21:02:46,565 - TradingThread - INFO - Price: 119373.2 | Long Target: 150000.0 | Long Pos Open: False
2025-08-12 21:02:46,665 - TradingThread - INFO - Price: 119373.3 | Long Target: 150000.0 | Long Pos Open: False
2025-08-12 21:02:46,765 - TradingThread - INFO - Price: 119373.3 | Long Target: 150000.0 | Long Pos Open: False
2025-08-12 21:02:46,865 - TradingThread - INFO - Price: 119373.3 | Long Target: 150000.0 | Long Pos Open: False
2025-08-12 21:02:46,966 - TradingThread - INFO - Price: 119373.3 | Long Target: 150000.0 | Long Pos Open: False
2025-08-12 21:02:47,065 - TradingThread - INFO - Price: 119373.3 | Long Target: 150000.0 | Long Pos Open: False
2025-08-12 21:02:47,165 - TradingThread - INFO - Price: 119373.3 | Long Target: 150000.0 | Long Pos Open: False
2025-08-12 21:02:47,265 - TradingThread - INFO - Price: 119373.3 | Long Target: 150000.0 | Long Pos Open: False
2025-08-12 21:02:47,364 - TradingThread - INFO - Price: 119373.3 | Long Target: 150000.0 | Long Pos Open: False
2025-08-12 21:02:47,464 - TradingThread - INFO - Price: 119373.3 | Long Target: 150000.0 | Long Pos Open: False
2025-08-12 21:02:47,565 - TradingThread - INFO - Price: 119365.8 | Long Target: 150000.0 | Long Pos Open: False
2025-08-12 21:02:47,665 - TradingThread - INFO - Price: 119361.9 | Long Target: 150000.0 | Long Pos Open: False
2025-08-12 21:02:47,765 - TradingThread - INFO - Price: 119361.9 | Long Target: 150000.0 | Long Pos Open: False
2025-08-12 21:02:47,865 - TradingThread - INFO - Price: 119361.9 | Long Target: 150000.0 | Long Pos Open: False
2025-08-12 21:02:47,965 - TradingThread - INFO - Price: 119361.9 | Long Target: 150000.0 | Long Pos Open: False
2025-08-12 21:02:48,065 - TradingThread - INFO - Price: 119372.3 | Long Target: 150000.0 | Long Pos Open: False
2025-08-12 21:02:48,164 - TradingThread - INFO - Price: 119375.8 | Long Target: 150000.0 | Long Pos Open: False
2025-08-12 21:02:48,265 - TradingThread - INFO - Price: 119375.8 | Long Target: 150000.0 | Long Pos Open: False
2025-08-12 21:02:48,365 - TradingThread - INFO - Price: 119382.5 | Long Target: 150000.0 | Long Pos Open: False
2025-08-12 21:02:48,465 - TradingThread - INFO - Price: 119382.5 | Long Target: 150000.0 | Long Pos Open: False
2025-08-12 21:02:48,566 - TradingThread - INFO - Price: 119382.5 | Long Target: 150000.0 | Long Pos Open: False
2025-08-12 21:02:48,665 - TradingThread - INFO - Price: 119382.5 | Long Target: 150000.0 | Long Pos Open: False
2025-08-12 21:02:48,765 - TradingThread - INFO - Price: 119382.5 | Long Target: 150000.0 | Long Pos Open: False
2025-08-12 21:02:48,865 - TradingThread - INFO - Price: 119382.5 | Long Target: 150000.0 | Long Pos Open: False
2025-08-12 21:02:48,965 - TradingThread - INFO - Price: 119382.5 | Long Target: 150000.0 | Long Pos Open: False
2025-08-12 21:02:49,064 - TradingThread - INFO - Price: 119382.5 | Long Target: 150000.0 | Long Pos Open: False
2025-08-12 21:02:49,165 - TradingThread - INFO - Price: 119382.9 | Long Target: 150000.0 | Long Pos Open: False
2025-08-12 21:02:49,265 - TradingThread - INFO - Price: 119382.9 | Long Target: 150000.0 | Long Pos Open: False
2025-08-12 21:02:49,365 - TradingThread - INFO - Price: 119382.9 | Long Target: 150000.0 | Long Pos Open: False
2025-08-12 21:02:49,465 - TradingThread - INFO - Price: 119384.6 | Long Target: 150000.0 | Long Pos Open: False
2025-08-12 21:02:49,565 - TradingThread - INFO - Price: 119384.6 | Long Target: 150000.0 | Long Pos Open: False
2025-08-12 21:02:49,664 - TradingThread - INFO - Price: 119396.1 | Long Target: 150000.0 | Long Pos Open: False
2025-08-12 21:02:49,765 - TradingThread - INFO - Price: 119396.1 | Long Target: 150000.0 | Long Pos Open: False
2025-08-12 21:02:49,865 - TradingThread - INFO - Price: 119396.1 | Long Target: 150000.0 | Long Pos Open: False
2025-08-12 21:02:49,965 - TradingThread - INFO - Price: 119396.1 | Long Target: 150000.0 | Long Pos Open: False
2025-08-12 21:02:50,065 - TradingThread - INFO - Price: 119396.1 | Long Target: 150000.0 | Long Pos Open: False
2025-08-12 21:02:50,164 - TradingThread - INFO - Price: 119396.1 | Long Target: 150000.0 | Long Pos Open: False
2025-08-12 21:02:50,265 - TradingThread - INFO - Price: 119396.1 | Long Target: 150000.0 | Long Pos Open: False
2025-08-12 21:02:50,364 - TradingThread - INFO - Price: 119396.1 | Long Target: 150000.0 | Long Pos Open: False
2025-08-12 21:02:50,465 - TradingThread - INFO - Price: 119396.2 | Long Target: 150000.0 | Long Pos Open: False
2025-08-12 21:02:50,565 - TradingThread - INFO - Price: 119396.2 | Long Target: 150000.0 | Long Pos Open: False
2025-08-12 21:02:50,664 - TradingThread - INFO - Price: 119396.2 | Long Target: 150000.0 | Long Pos Open: False
2025-08-12 21:02:50,865 - TradingThread - INFO - Price: 119396.2 | Long Target: 150000.0 | Long Pos Open: False
2025-08-12 21:02:50,964 - TradingThread - INFO - Price: 119396.2 | Long Target: 150000.0 | Long Pos Open: False
2025-08-12 21:02:51,064 - TradingThread - INFO - Price: 119396.1 | Long Target: 150000.0 | Long Pos Open: False
2025-08-12 21:02:51,164 - TradingThread - INFO - Price: 119396.1 | Long Target: 150000.0 | Long Pos Open: False
2025-08-12 21:02:51,465 - TradingThread - INFO - Price: 119396.1 | Long Target: 150000.0 | Long Pos Open: False
2025-08-12 21:02:51,565 - TradingThread - INFO - Price: 119396.1 | Long Target: 150000.0 | Long Pos Open: False
2025-08-12 21:02:51,665 - TradingThread - INFO - Price: 119396.1 | Long Target: 150000.0 | Long Pos Open: False
2025-08-12 21:02:51,764 - TradingThread - INFO - Price: 119396.1 | Long Target: 150000.0 | Long Pos Open: False
2025-08-12 21:02:51,865 - TradingThread - INFO - Price: 119409.9 | Long Target: 150000.0 | Long Pos Open: False
2025-08-12 21:02:51,965 - TradingThread - INFO - Price: 119409.9 | Long Target: 150000.0 | Long Pos Open: False
2025-08-12 21:02:52,065 - TradingThread - INFO - Price: 119409.9 | Long Target: 150000.0 | Long Pos Open: False
2025-08-12 21:02:52,164 - TradingThread - INFO - Price: 119409.9 | Long Target: 150000.0 | Long Pos Open: False
2025-08-12 21:02:52,265 - TradingThread - INFO - Price: 119409.9 | Long Target: 150000.0 | Long Pos Open: False
2025-08-12 21:02:52,364 - TradingThread - INFO - Price: 119409.9 | Long Target: 150000.0 | Long Pos Open: False
2025-08-12 21:02:52,464 - TradingThread - INFO - Price: 119409.9 | Long Target: 150000.0 | Long Pos Open: False
2025-08-12 21:02:52,564 - TradingThread - INFO - Price: 119409.9 | Long Target: 150000.0 | Long Pos Open: False
2025-08-12 21:02:52,664 - TradingThread - INFO - Price: 119408.5 | Long Target: 150000.0 | Long Pos Open: False
2025-08-12 21:02:52,765 - TradingThread - INFO - Price: 119401.6 | Long Target: 150000.0 | Long Pos Open: False
2025-08-12 21:02:52,864 - TradingThread - INFO - Price: 119401.6 | Long Target: 150000.0 | Long Pos Open: False
2025-08-12 21:02:52,965 - TradingThread - INFO - Price: 119401.6 | Long Target: 150000.0 | Long Pos Open: False
2025-08-12 21:02:53,065 - TradingThread - INFO - Price: 119401.6 | Long Target: 150000.0 | Long Pos Open: False
2025-08-12 21:02:53,165 - TradingThread - INFO - Price: 119401.6 | Long Target: 150000.0 | Long Pos Open: False
2025-08-12 21:02:53,265 - TradingThread - INFO - Price: 119401.6 | Long Target: 150000.0 | Long Pos Open: False
2025-08-12 21:02:53,367 - TradingThread - INFO - Price: 119401.6 | Long Target: 150000.0 | Long Pos Open: False
2025-08-12 21:02:53,465 - TradingThread - INFO - Price: 119401.6 | Long Target: 150000.0 | Long Pos Open: False
2025-08-12 21:02:53,565 - TradingThread - INFO - Price: 119401.6 | Long Target: 150000.0 | Long Pos Open: False
2025-08-12 21:02:53,664 - TradingThread - INFO - Price: 119401.6 | Long Target: 150000.0 | Long Pos Open: False
2025-08-12 21:02:53,765 - TradingThread - INFO - Price: 119401.6 | Long Target: 150000.0 | Long Pos Open: False
2025-08-12 21:02:53,864 - TradingThread - INFO - Price: 119401.6 | Long Target: 150000.0 | Long Pos Open: False
2025-08-12 21:02:53,965 - TradingThread - INFO - Price: 119401.6 | Long Target: 150000.0 | Long Pos Open: False
2025-08-12 21:02:54,065 - TradingThread - INFO - Price: 119401.6 | Long Target: 150000.0 | Long Pos Open: False
2025-08-12 21:02:54,165 - TradingThread - INFO - Price: 119401.6 | Long Target: 150000.0 | Long Pos Open: False
2025-08-12 21:02:54,265 - TradingThread - INFO - Price: 119401.6 | Long Target: 150000.0 | Long Pos Open: False
2025-08-12 21:02:54,365 - TradingThread - INFO - Price: 119401.6 | Long Target: 150000.0 | Long Pos Open: False
2025-08-12 21:02:54,466 - TradingThread - INFO - Price: 119401.6 | Long Target: 150000.0 | Long Pos Open: False
2025-08-12 21:02:54,665 - TradingThread - INFO - Price: 119401.6 | Long Target: 150000.0 | Long Pos Open: False
2025-08-12 21:02:54,765 - TradingThread - INFO - Price: 119401.6 | Long Target: 150000.0 | Long Pos Open: False
2025-08-12 21:02:54,865 - TradingThread - INFO - Price: 119401.6 | Long Target: 150000.0 | Long Pos Open: False
2025-08-12 21:02:54,966 - TradingThread - INFO - Price: 119401.6 | Long Target: 150000.0 | Long Pos Open: False
2025-08-12 21:02:55,065 - TradingThread - INFO - Price: 119401.6 | Long Target: 150000.0 | Long Pos Open: False
2025-08-12 21:02:55,165 - TradingThread - INFO - Price: 119401.6 | Long Target: 150000.0 | Long Pos Open: False
2025-08-12 21:02:55,265 - TradingThread - INFO - Price: 119401.6 | Long Target: 150000.0 | Long Pos Open: False
2025-08-12 21:02:55,364 - TradingThread - INFO - Price: 119401.6 | Long Target: 150000.0 | Long Pos Open: False
2025-08-12 21:02:55,464 - TradingThread - INFO - Price: 119401.6 | Long Target: 150000.0 | Long Pos Open: False
2025-08-12 21:02:55,564 - TradingThread - INFO - Price: 119401.5 | Long Target: 150000.0 | Long Pos Open: False
2025-08-12 21:02:55,665 - TradingThread - INFO - Price: 119401.5 | Long Target: 150000.0 | Long Pos Open: False
2025-08-12 21:02:55,764 - TradingThread - INFO - Price: 119401.6 | Long Target: 150000.0 | Long Pos Open: False
2025-08-12 21:02:55,864 - TradingThread - INFO - Price: 119401.6 | Long Target: 150000.0 | Long Pos Open: False
2025-08-12 21:02:55,965 - TradingThread - INFO - Price: 119401.6 | Long Target: 150000.0 | Long Pos Open: False
2025-08-12 21:02:56,065 - TradingThread - INFO - Price: 119401.6 | Long Target: 150000.0 | Long Pos Open: False
2025-08-12 21:02:56,165 - TradingThread - INFO - Price: 119401.6 | Long Target: 150000.0 | Long Pos Open: False
2025-08-12 21:02:56,264 - TradingThread - INFO - Price: 119401.6 | Long Target: 150000.0 | Long Pos Open: False
2025-08-12 21:02:56,364 - TradingThread - INFO - Price: 119401.6 | Long Target: 150000.0 | Long Pos Open: False
2025-08-12 21:02:56,464 - TradingThread - INFO - Price: 119401.6 | Long Target: 150000.0 | Long Pos Open: False
2025-08-12 21:02:56,564 - TradingThread - INFO - Price: 119401.6 | Long Target: 150000.0 | Long Pos Open: False
2025-08-12 21:02:56,664 - TradingThread - INFO - Price: 119401.6 | Long Target: 150000.0 | Long Pos Open: False
2025-08-12 21:02:56,765 - TradingThread - INFO - Price: 119401.6 | Long Target: 150000.0 | Long Pos Open: False
2025-08-12 21:02:56,864 - TradingThread - INFO - Price: 119401.6 | Long Target: 150000.0 | Long Pos Open: False
2025-08-12 21:02:56,964 - TradingThread - INFO - Price: 119401.6 | Long Target: 150000.0 | Long Pos Open: False
2025-08-12 21:02:57,065 - TradingThread - INFO - Price: 119401.5 | Long Target: 150000.0 | Long Pos Open: False
2025-08-12 21:02:57,166 - TradingThread - INFO - Price: 119401.6 | Long Target: 150000.0 | Long Pos Open: False
2025-08-12 21:02:57,264 - TradingThread - INFO - Price: 119401.6 | Long Target: 150000.0 | Long Pos Open: False
2025-08-12 21:02:57,364 - TradingThread - INFO - Price: 119401.6 | Long Target: 150000.0 | Long Pos Open: False
2025-08-12 21:02:57,464 - TradingThread - INFO - Price: 119401.6 | Long Target: 150000.0 | Long Pos Open: False
2025-08-12 21:02:57,565 - TradingThread - INFO - Price: 119401.6 | Long Target: 150000.0 | Long Pos Open: False
2025-08-12 21:02:57,664 - TradingThread - INFO - Price: 119401.6 | Long Target: 150000.0 | Long Pos Open: False
2025-08-12 21:02:57,764 - TradingThread - INFO - Price: 119401.5 | Long Target: 150000.0 | Long Pos Open: False
2025-08-12 21:02:57,864 - TradingThread - INFO - Price: 119401.5 | Long Target: 150000.0 | Long Pos Open: False
2025-08-12 21:02:57,964 - TradingThread - INFO - Price: 119401.5 | Long Target: 150000.0 | Long Pos Open: False
2025-08-12 21:02:58,064 - TradingThread - INFO - Price: 119401.5 | Long Target: 150000.0 | Long Pos Open: False
2025-08-12 21:02:58,164 - TradingThread - INFO - Price: 119401.5 | Long Target: 150000.0 | Long Pos Open: False
2025-08-12 21:02:58,364 - TradingThread - INFO - Price: 119401.5 | Long Target: 150000.0 | Long Pos Open: False
2025-08-12 21:02:58,464 - TradingThread - INFO - Price: 119401.5 | Long Target: 150000.0 | Long Pos Open: False
2025-08-12 21:02:58,564 - TradingThread - INFO - Price: 119401.5 | Long Target: 150000.0 | Long Pos Open: False
2025-08-12 21:02:58,664 - TradingThread - INFO - Price: 119401.5 | Long Target: 150000.0 | Long Pos Open: False
2025-08-12 21:02:58,864 - TradingThread - INFO - Price: 119401.6 | Long Target: 150000.0 | Long Pos Open: False
2025-08-12 21:02:58,964 - TradingThread - INFO - Price: 119401.6 | Long Target: 150000.0 | Long Pos Open: False
2025-08-12 21:02:59,064 - TradingThread - INFO - Price: 119401.6 | Long Target: 150000.0 | Long Pos Open: False
2025-08-12 21:02:59,164 - TradingThread - INFO - Price: 119401.6 | Long Target: 150000.0 | Long Pos Open: False
2025-08-12 21:02:59,564 - TradingThread - INFO - Price: 119401.6 | Long Target: 150000.0 | Long Pos Open: False
2025-08-12 21:02:59,664 - TradingThread - INFO - Price: 119401.6 | Long Target: 150000.0 | Long Pos Open: False
2025-08-12 21:02:59,764 - TradingThread - INFO - Price: 119401.6 | Long Target: 150000.0 | Long Pos Open: False
2025-08-12 21:02:59,864 - TradingThread - INFO - Price: 119401.6 | Long Target: 150000.0 | Long Pos Open: False
2025-08-12 21:03:00,165 - TradingThread - INFO - Price: 119401.6 | Long Target: 150000.0 | Long Pos Open: False
2025-08-12 21:03:00,264 - TradingThread - INFO - Price: 119401.6 | Long Target: 150000.0 | Long Pos Open: False
2025-08-12 21:03:00,366 - TradingThread - INFO - Price: 119401.6 | Long Target: 150000.0 | Long Pos Open: False
2025-08-12 21:03:00,464 - TradingThread - INFO - Price: 119401.6 | Long Target: 150000.0 | Long Pos Open: False
2025-08-12 21:03:00,565 - TradingThread - INFO - Price: 119401.6 | Long Target: 150000.0 | Long Pos Open: False
2025-08-12 21:03:00,665 - TradingThread - INFO - Price: 119401.6 | Long Target: 150000.0 | Long Pos Open: False
2025-08-12 21:03:00,764 - TradingThread - INFO - Price: 119401.6 | Long Target: 150000.0 | Long Pos Open: False
2025-08-12 21:03:00,864 - TradingThread - INFO - Price: 119401.6 | Long Target: 150000.0 | Long Pos Open: False
2025-08-12 21:03:00,964 - TradingThread - INFO - Price: 119401.6 | Long Target: 150000.0 | Long Pos Open: False
2025-08-12 21:03:01,064 - TradingThread - INFO - Price: 119401.6 | Long Target: 150000.0 | Long Pos Open: False
2025-08-12 21:03:01,264 - TradingThread - INFO - Price: 119401.6 | Long Target: 150000.0 | Long Pos Open: False
2025-08-12 21:03:01,364 - TradingThread - INFO - Price: 119401.6 | Long Target: 150000.0 | Long Pos Open: False
2025-08-12 21:03:01,464 - TradingThread - INFO - Price: 119401.6 | Long Target: 150000.0 | Long Pos Open: False
2025-08-12 21:03:01,564 - TradingThread - INFO - Price: 119401.6 | Long Target: 150000.0 | Long Pos Open: False
2025-08-12 21:03:01,664 - TradingThread - INFO - Price: 119401.6 | Long Target: 150000.0 | Long Pos Open: False
2025-08-12 21:03:01,764 - TradingThread - INFO - Price: 119401.6 | Long Target: 150000.0 | Long Pos Open: False
2025-08-12 21:03:01,964 - TradingThread - INFO - Price: 119401.6 | Long Target: 150000.0 | Long Pos Open: False
2025-08-12 21:03:02,064 - TradingThread - INFO - Price: 119401.6 | Long Target: 150000.0 | Long Pos Open: False
2025-08-12 21:03:02,164 - TradingThread - INFO - Price: 119401.6 | Long Target: 150000.0 | Long Pos Open: False
2025-08-12 21:03:02,264 - TradingThread - INFO - Price: 119401.5 | Long Target: 150000.0 | Long Pos Open: False
2025-08-12 21:03:02,364 - TradingThread - INFO - Price: 119401.5 | Long Target: 150000.0 | Long Pos Open: False
2025-08-12 21:03:02,464 - TradingThread - INFO - Price: 119401.5 | Long Target: 150000.0 | Long Pos Open: False
2025-08-12 21:03:02,564 - TradingThread - INFO - Price: 119401.6 | Long Target: 150000.0 | Long Pos Open: False
2025-08-12 21:03:02,664 - TradingThread - INFO - Price: 119401.6 | Long Target: 150000.0 | Long Pos Open: False
2025-08-12 21:03:02,764 - TradingThread - INFO - Price: 119401.5 | Long Target: 150000.0 | Long Pos Open: False
2025-08-12 21:03:02,864 - TradingThread - INFO - Price: 119401.5 | Long Target: 150000.0 | Long Pos Open: False
2025-08-12 21:03:02,964 - TradingThread - INFO - Price: 119401.5 | Long Target: 150000.0 | Long Pos Open: False
2025-08-12 21:03:03,164 - TradingThread - INFO - Price: 119401.5 | Long Target: 150000.0 | Long Pos Open: False
2025-08-12 21:03:03,265 - TradingThread - INFO - Price: 119401.5 | Long Target: 150000.0 | Long Pos Open: False
2025-08-12 21:03:03,364 - TradingThread - INFO - Price: 119401.5 | Long Target: 150000.0 | Long Pos Open: False
2025-08-12 21:03:03,464 - TradingThread - INFO - Price: 119401.5 | Long Target: 150000.0 | Long Pos Open: False
2025-08-12 21:03:03,565 - TradingThread - INFO - Price: 119401.5 | Long Target: 150000.0 | Long Pos Open: False
2025-08-12 21:03:03,764 - TradingThread - INFO - Price: 119401.6 | Long Target: 150000.0 | Long Pos Open: False
2025-08-12 21:03:03,865 - TradingThread - INFO - Price: 119401.6 | Long Target: 150000.0 | Long Pos Open: False
2025-08-12 21:03:03,964 - TradingThread - INFO - Price: 119401.6 | Long Target: 150000.0 | Long Pos Open: False
2025-08-12 21:03:04,164 - TradingThread - INFO - Price: 119401.6 | Long Target: 150000.0 | Long Pos Open: False
2025-08-12 21:03:04,564 - TradingThread - INFO - Price: 119399.0 | Long Target: 150000.0 | Long Pos Open: False
2025-08-12 21:03:04,664 - TradingThread - INFO - Price: 119392.7 | Long Target: 150000.0 | Long Pos Open: False
2025-08-12 21:03:04,764 - TradingThread - INFO - Price: 119388.8 | Long Target: 150000.0 | Long Pos Open: False
2025-08-12 21:03:04,864 - TradingThread - INFO - Price: 119390.0 | Long Target: 150000.0 | Long Pos Open: False
2025-08-12 21:03:04,964 - TradingThread - INFO - Price: 119392.0 | Long Target: 150000.0 | Long Pos Open: False
2025-08-12 21:03:05,067 - TradingThread - INFO - Price: 119392.1 | Long Target: 150000.0 | Long Pos Open: False
2025-08-12 21:03:05,164 - TradingThread - INFO - Price: 119392.1 | Long Target: 150000.0 | Long Pos Open: False
2025-08-12 21:03:05,264 - TradingThread - INFO - Price: 119392.1 | Long Target: 150000.0 | Long Pos Open: False
2025-08-12 21:03:05,464 - TradingThread - INFO - Price: 119392.1 | Long Target: 150000.0 | Long Pos Open: False
2025-08-12 21:03:05,564 - TradingThread - INFO - Price: 119392.1 | Long Target: 150000.0 | Long Pos Open: False
2025-08-12 21:03:05,664 - TradingThread - INFO - Price: 119392.1 | Long Target: 150000.0 | Long Pos Open: False
2025-08-12 21:03:05,764 - TradingThread - INFO - Price: 119392.1 | Long Target: 150000.0 | Long Pos Open: False
2025-08-12 21:03:05,864 - TradingThread - INFO - Price: 119392.1 | Long Target: 150000.0 | Long Pos Open: False
2025-08-12 21:03:06,164 - TradingThread - INFO - Price: 119392.1 | Long Target: 150000.0 | Long Pos Open: False
2025-08-12 21:03:06,264 - TradingThread - INFO - Price: 119392.1 | Long Target: 150000.0 | Long Pos Open: False
2025-08-12 21:03:06,364 - TradingThread - INFO - Price: 119392.1 | Long Target: 150000.0 | Long Pos Open: False
2025-08-12 21:03:06,464 - TradingThread - INFO - Price: 119392.1 | Long Target: 150000.0 | Long Pos Open: False
2025-08-12 21:03:06,565 - TradingThread - INFO - Price: 119380.0 | Long Target: 150000.0 | Long Pos Open: False
2025-08-12 21:03:06,664 - TradingThread - INFO - Price: 119380.0 | Long Target: 150000.0 | Long Pos Open: False
2025-08-12 21:03:06,764 - TradingThread - INFO - Price: 119380.0 | Long Target: 150000.0 | Long Pos Open: False
2025-08-12 21:03:06,864 - TradingThread - INFO - Price: 119380.0 | Long Target: 150000.0 | Long Pos Open: False
2025-08-12 21:03:06,964 - TradingThread - INFO - Price: 119380.0 | Long Target: 150000.0 | Long Pos Open: False
2025-08-12 21:03:07,064 - TradingThread - INFO - Price: 119378.8 | Long Target: 150000.0 | Long Pos Open: False
2025-08-12 21:03:07,164 - TradingThread - INFO - Price: 119373.4 | Long Target: 150000.0 | Long Pos Open: False
2025-08-12 21:03:07,264 - TradingThread - INFO - Price: 119373.4 | Long Target: 150000.0 | Long Pos Open: False
2025-08-12 21:03:07,364 - TradingThread - INFO - Price: 119373.4 | Long Target: 150000.0 | Long Pos Open: False
2025-08-12 21:03:07,464 - TradingThread - INFO - Price: 119373.4 | Long Target: 150000.0 | Long Pos Open: False
2025-08-12 21:03:07,564 - TradingThread - INFO - Price: 119373.4 | Long Target: 150000.0 | Long Pos Open: False
2025-08-12 21:03:07,664 - TradingThread - INFO - Price: 119373.4 | Long Target: 150000.0 | Long Pos Open: False
2025-08-12 21:03:07,964 - TradingThread - INFO - Price: 119373.4 | Long Target: 150000.0 | Long Pos Open: False
2025-08-12 21:03:08,064 - TradingThread - INFO - Price: 119373.4 | Long Target: 150000.0 | Long Pos Open: False
2025-08-12 21:03:08,163 - TradingThread - INFO - Price: 119373.4 | Long Target: 150000.0 | Long Pos Open: False
2025-08-12 21:03:08,264 - TradingThread - INFO - Price: 119373.4 | Long Target: 150000.0 | Long Pos Open: False
2025-08-12 21:03:08,464 - TradingThread - INFO - Price: 119373.4 | Long Target: 150000.0 | Long Pos Open: False
2025-08-12 21:03:08,664 - TradingThread - INFO - Price: 119373.4 | Long Target: 150000.0 | Long Pos Open: False
2025-08-12 21:03:08,764 - TradingThread - INFO - Price: 119373.3 | Long Target: 150000.0 | Long Pos Open: False
2025-08-12 21:03:08,864 - TradingThread - INFO - Price: 119373.3 | Long Target: 150000.0 | Long Pos Open: False
2025-08-12 21:03:08,964 - TradingThread - INFO - Price: 119373.3 | Long Target: 150000.0 | Long Pos Open: False
2025-08-12 21:03:09,064 - TradingThread - INFO - Price: 119373.3 | Long Target: 150000.0 | Long Pos Open: False
2025-08-12 21:03:09,165 - TradingThread - INFO - Price: 119373.3 | Long Target: 150000.0 | Long Pos Open: False
2025-08-12 21:03:09,264 - TradingThread - INFO - Price: 119373.3 | Long Target: 150000.0 | Long Pos Open: False
2025-08-12 21:03:09,364 - TradingThread - INFO - Price: 119373.3 | Long Target: 150000.0 | Long Pos Open: False
2025-08-12 21:03:09,464 - TradingThread - INFO - Price: 119373.4 | Long Target: 150000.0 | Long Pos Open: False
2025-08-12 21:03:09,564 - TradingThread - INFO - Price: 119373.4 | Long Target: 150000.0 | Long Pos Open: False
2025-08-12 21:03:09,764 - TradingThread - INFO - Price: 119373.4 | Long Target: 150000.0 | Long Pos Open: False
2025-08-12 21:03:09,864 - TradingThread - INFO - Price: 119373.3 | Long Target: 150000.0 | Long Pos Open: False
2025-08-12 21:03:09,964 - TradingThread - INFO - Price: 119373.3 | Long Target: 150000.0 | Long Pos Open: False
2025-08-12 21:03:10,064 - TradingThread - INFO - Price: 119373.3 | Long Target: 150000.0 | Long Pos Open: False
2025-08-12 21:03:10,164 - TradingThread - INFO - Price: 119373.3 | Long Target: 150000.0 | Long Pos Open: False
2025-08-12 21:03:10,264 - TradingThread - INFO - Price: 119373.3 | Long Target: 150000.0 | Long Pos Open: False
2025-08-12 21:03:10,364 - TradingThread - INFO - Price: 119373.3 | Long Target: 150000.0 | Long Pos Open: False
2025-08-12 21:03:10,465 - TradingThread - INFO - Price: 119373.3 | Long Target: 150000.0 | Long Pos Open: False
2025-08-12 21:03:10,563 - TradingThread - INFO - Price: 119373.3 | Long Target: 150000.0 | Long Pos Open: False
2025-08-12 21:03:10,664 - TradingThread - INFO - Price: 119373.3 | Long Target: 150000.0 | Long Pos Open: False
2025-08-12 21:03:10,963 - TradingThread - INFO - Price: 119373.3 | Long Target: 150000.0 | Long Pos Open: False
2025-08-12 21:03:11,264 - TradingThread - INFO - Price: 119373.3 | Long Target: 150000.0 | Long Pos Open: False
2025-08-12 21:03:11,363 - TradingThread - INFO - Price: 119373.3 | Long Target: 150000.0 | Long Pos Open: False
2025-08-12 21:03:11,664 - TradingThread - INFO - Price: 119371.2 | Long Target: 150000.0 | Long Pos Open: False
2025-08-12 21:03:11,764 - TradingThread - INFO - Price: 119371.2 | Long Target: 150000.0 | Long Pos Open: False
2025-08-12 21:03:11,865 - TradingThread - INFO - Price: 119371.2 | Long Target: 150000.0 | Long Pos Open: False
2025-08-12 21:03:11,964 - TradingThread - INFO - Price: 119371.2 | Long Target: 150000.0 | Long Pos Open: False
2025-08-12 21:03:12,064 - TradingThread - INFO - Price: 119371.2 | Long Target: 150000.0 | Long Pos Open: False
2025-08-12 21:03:12,164 - TradingThread - INFO - Price: 119371.2 | Long Target: 150000.0 | Long Pos Open: False
2025-08-12 21:03:12,264 - TradingThread - INFO - Price: 119371.2 | Long Target: 150000.0 | Long Pos Open: False
2025-08-12 21:03:12,365 - TradingThread - INFO - Price: 119371.2 | Long Target: 150000.0 | Long Pos Open: False
2025-08-12 21:03:12,464 - TradingThread - INFO - Price: 119371.1 | Long Target: 150000.0 | Long Pos Open: False
2025-08-12 21:03:12,564 - TradingThread - INFO - Price: 119371.1 | Long Target: 150000.0 | Long Pos Open: False
2025-08-12 21:03:12,664 - TradingThread - INFO - Price: 119371.2 | Long Target: 150000.0 | Long Pos Open: False
2025-08-12 21:03:12,764 - TradingThread - INFO - Price: 119371.2 | Long Target: 150000.0 | Long Pos Open: False
2025-08-12 21:03:12,863 - TradingThread - INFO - Price: 119371.2 | Long Target: 150000.0 | Long Pos Open: False
2025-08-12 21:03:13,064 - TradingThread - INFO - Price: 119371.2 | Long Target: 150000.0 | Long Pos Open: False
2025-08-12 21:03:13,164 - TradingThread - INFO - Price: 119371.2 | Long Target: 150000.0 | Long Pos Open: False
2025-08-12 21:03:13,263 - TradingThread - INFO - Price: 119371.2 | Long Target: 150000.0 | Long Pos Open: False
2025-08-12 21:03:13,363 - TradingThread - INFO - Price: 119371.2 | Long Target: 150000.0 | Long Pos Open: False
2025-08-12 21:03:13,464 - TradingThread - INFO - Price: 119371.2 | Long Target: 150000.0 | Long Pos Open: False
2025-08-12 21:03:13,564 - TradingThread - INFO - Price: 119371.2 | Long Target: 150000.0 | Long Pos Open: False
2025-08-12 21:03:13,665 - TradingThread - INFO - Price: 119371.2 | Long Target: 150000.0 | Long Pos Open: False
2025-08-12 21:03:13,764 - TradingThread - INFO - Price: 119371.2 | Long Target: 150000.0 | Long Pos Open: False
2025-08-12 21:03:13,864 - TradingThread - INFO - Price: 119371.2 | Long Target: 150000.0 | Long Pos Open: False
2025-08-12 21:03:13,963 - TradingThread - INFO - Price: 119371.2 | Long Target: 150000.0 | Long Pos Open: False
2025-08-12 21:03:14,163 - TradingThread - INFO - Price: 119371.2 | Long Target: 150000.0 | Long Pos Open: False
2025-08-12 21:03:14,263 - TradingThread - INFO - Price: 119371.2 | Long Target: 150000.0 | Long Pos Open: False
2025-08-12 21:03:14,363 - TradingThread - INFO - Price: 119371.2 | Long Target: 150000.0 | Long Pos Open: False
2025-08-12 21:03:14,464 - TradingThread - INFO - Price: 119371.2 | Long Target: 150000.0 | Long Pos Open: False
2025-08-12 21:03:14,563 - TradingThread - INFO - Price: 119371.2 | Long Target: 150000.0 | Long Pos Open: False
2025-08-12 21:03:14,663 - TradingThread - INFO - Price: 119371.2 | Long Target: 150000.0 | Long Pos Open: False
2025-08-12 21:03:14,864 - TradingThread - INFO - Price: 119371.2 | Long Target: 150000.0 | Long Pos Open: False
2025-08-12 21:03:14,964 - TradingThread - INFO - Price: 119371.2 | Long Target: 150000.0 | Long Pos Open: False
2025-08-12 21:03:15,063 - TradingThread - INFO - Price: 119371.2 | Long Target: 150000.0 | Long Pos Open: False
2025-08-12 21:03:15,163 - TradingThread - INFO - Price: 119371.2 | Long Target: 150000.0 | Long Pos Open: False
2025-08-12 21:03:15,264 - TradingThread - INFO - Price: 119371.2 | Long Target: 150000.0 | Long Pos Open: False
2025-08-12 21:03:15,363 - TradingThread - INFO - Price: 119371.2 | Long Target: 150000.0 | Long Pos Open: False
2025-08-12 21:03:15,463 - TradingThread - INFO - Price: 119371.2 | Long Target: 150000.0 | Long Pos Open: False
2025-08-12 21:03:15,563 - TradingThread - INFO - Price: 119371.2 | Long Target: 150000.0 | Long Pos Open: False
2025-08-12 21:03:15,663 - TradingThread - INFO - Price: 119371.2 | Long Target: 150000.0 | Long Pos Open: False
2025-08-12 21:03:15,766 - TradingThread - INFO - Price: 119371.2 | Long Target: 150000.0 | Long Pos Open: False
2025-08-12 21:03:15,864 - TradingThread - INFO - Price: 119371.2 | Long Target: 150000.0 | Long Pos Open: False
2025-08-12 21:03:15,963 - TradingThread - INFO - Price: 119371.2 | Long Target: 150000.0 | Long Pos Open: False
2025-08-12 21:03:16,064 - TradingThread - INFO - Price: 119371.2 | Long Target: 150000.0 | Long Pos Open: False
2025-08-12 21:03:16,164 - TradingThread - INFO - Price: 119371.2 | Long Target: 150000.0 | Long Pos Open: False
2025-08-12 21:03:16,263 - TradingThread - INFO - Price: 119371.2 | Long Target: 150000.0 | Long Pos Open: False
2025-08-12 21:03:16,465 - TradingThread - INFO - Price: 119371.1 | Long Target: 150000.0 | Long Pos Open: False
2025-08-12 21:03:16,564 - TradingThread - INFO - Price: 119371.1 | Long Target: 150000.0 | Long Pos Open: False
2025-08-12 21:03:16,664 - TradingThread - INFO - Price: 119371.1 | Long Target: 150000.0 | Long Pos Open: False
2025-08-12 21:03:16,775 - TradingThread - INFO - Price: 119371.1 | Long Target: 150000.0 | Long Pos Open: False
2025-08-12 21:03:16,863 - TradingThread - INFO - Price: 119371.1 | Long Target: 150000.0 | Long Pos Open: False
2025-08-12 21:03:16,963 - TradingThread - INFO - Price: 119360.5 | Long Target: 150000.0 | Long Pos Open: False
2025-08-12 21:03:16,995 - InputThread - INFO - Trade delay updated to: 9s
2025-08-12 21:03:16,996 - InputThread - INFO - -> Trade delay updated to: 9s
2025-08-12 21:03:17,063 - TradingThread - INFO - Price: 119360.5 | Long Target: 150000.0 | Long Pos Open: False
2025-08-12 21:03:17,163 - TradingThread - INFO - Price: 119360.5 | Long Target: 150000.0 | Long Pos Open: False
2025-08-12 21:03:17,264 - TradingThread - INFO - Price: 119360.5 | Long Target: 150000.0 | Long Pos Open: False
2025-08-12 21:03:17,363 - TradingThread - INFO - Price: 119360.5 | Long Target: 150000.0 | Long Pos Open: False
2025-08-12 21:03:17,463 - TradingThread - INFO - Price: 119360.5 | Long Target: 150000.0 | Long Pos Open: False
2025-08-12 21:03:17,563 - TradingThread - INFO - Price: 119360.5 | Long Target: 150000.0 | Long Pos Open: False
2025-08-12 21:03:17,663 - TradingThread - INFO - Price: 119360.5 | Long Target: 150000.0 | Long Pos Open: False
2025-08-12 21:03:17,764 - TradingThread - INFO - Price: 119360.5 | Long Target: 150000.0 | Long Pos Open: False
2025-08-12 21:03:17,863 - TradingThread - INFO - Price: 119360.5 | Long Target: 150000.0 | Long Pos Open: False
2025-08-12 21:03:17,968 - TradingThread - INFO - Price: 119360.5 | Long Target: 150000.0 | Long Pos Open: False
2025-08-12 21:03:18,063 - TradingThread - INFO - Price: 119360.5 | Long Target: 150000.0 | Long Pos Open: False
2025-08-12 21:03:18,163 - TradingThread - INFO - Price: 119360.5 | Long Target: 150000.0 | Long Pos Open: False
2025-08-12 21:03:18,263 - TradingThread - INFO - Price: 119360.5 | Long Target: 150000.0 | Long Pos Open: False
2025-08-12 21:03:18,365 - TradingThread - INFO - Price: 119360.3 | Long Target: 150000.0 | Long Pos Open: False
2025-08-12 21:03:18,463 - TradingThread - INFO - Price: 119355.2 | Long Target: 150000.0 | Long Pos Open: False
2025-08-12 21:03:18,564 - TradingThread - INFO - Price: 119354.8 | Long Target: 150000.0 | Long Pos Open: False
2025-08-12 21:03:18,663 - TradingThread - INFO - Price: 119353.2 | Long Target: 150000.0 | Long Pos Open: False
2025-08-12 21:03:18,763 - TradingThread - INFO - Price: 119353.2 | Long Target: 150000.0 | Long Pos Open: False
2025-08-12 21:03:18,863 - TradingThread - INFO - Price: 119353.2 | Long Target: 150000.0 | Long Pos Open: False
2025-08-12 21:03:18,963 - TradingThread - INFO - Price: 119352.7 | Long Target: 150000.0 | Long Pos Open: False
2025-08-12 21:03:19,063 - TradingThread - INFO - Price: 119352.7 | Long Target: 150000.0 | Long Pos Open: False
2025-08-12 21:03:19,163 - TradingThread - INFO - Price: 119352.7 | Long Target: 150000.0 | Long Pos Open: False
2025-08-12 21:03:19,263 - TradingThread - INFO - Price: 119352.7 | Long Target: 150000.0 | Long Pos Open: False
2025-08-12 21:03:19,364 - TradingThread - INFO - Price: 119352.7 | Long Target: 150000.0 | Long Pos Open: False
2025-08-12 21:03:19,463 - TradingThread - INFO - Price: 119352.7 | Long Target: 150000.0 | Long Pos Open: False
2025-08-12 21:03:19,564 - TradingThread - INFO - Price: 119352.7 | Long Target: 150000.0 | Long Pos Open: False
2025-08-12 21:03:19,663 - TradingThread - INFO - Price: 119352.7 | Long Target: 150000.0 | Long Pos Open: False
2025-08-12 21:03:19,764 - TradingThread - INFO - Price: 119352.7 | Long Target: 150000.0 | Long Pos Open: False
2025-08-12 21:03:19,963 - TradingThread - INFO - Price: 119352.7 | Long Target: 150000.0 | Long Pos Open: False
2025-08-12 21:03:20,063 - TradingThread - INFO - Price: 119352.7 | Long Target: 150000.0 | Long Pos Open: False
2025-08-12 21:03:20,164 - TradingThread - INFO - Price: 119352.7 | Long Target: 150000.0 | Long Pos Open: False
2025-08-12 21:03:20,263 - TradingThread - INFO - Price: 119352.7 | Long Target: 150000.0 | Long Pos Open: False
2025-08-12 21:03:20,363 - TradingThread - INFO - Price: 119352.7 | Long Target: 150000.0 | Long Pos Open: False
2025-08-12 21:03:20,463 - TradingThread - INFO - Price: 119352.7 | Long Target: 150000.0 | Long Pos Open: False
2025-08-12 21:03:20,563 - TradingThread - INFO - Price: 119352.7 | Long Target: 150000.0 | Long Pos Open: False
2025-08-12 21:03:20,663 - TradingThread - INFO - Price: 119352.7 | Long Target: 150000.0 | Long Pos Open: False
2025-08-12 21:03:20,764 - TradingThread - INFO - Price: 119352.7 | Long Target: 150000.0 | Long Pos Open: False
2025-08-12 21:03:20,864 - TradingThread - INFO - Price: 119352.7 | Long Target: 150000.0 | Long Pos Open: False
2025-08-12 21:03:20,964 - TradingThread - INFO - Price: 119352.7 | Long Target: 150000.0 | Long Pos Open: False
2025-08-12 21:03:21,063 - TradingThread - INFO - Price: 119352.7 | Long Target: 150000.0 | Long Pos Open: False
2025-08-12 21:03:21,164 - TradingThread - INFO - Price: 119352.7 | Long Target: 150000.0 | Long Pos Open: False
2025-08-12 21:03:21,263 - TradingThread - INFO - Price: 119352.7 | Long Target: 150000.0 | Long Pos Open: False
2025-08-12 21:03:21,363 - TradingThread - INFO - Price: 119352.7 | Long Target: 150000.0 | Long Pos Open: False
2025-08-12 21:03:21,463 - TradingThread - INFO - Price: 119352.7 | Long Target: 150000.0 | Long Pos Open: False
2025-08-12 21:03:21,563 - TradingThread - INFO - Price: 119352.7 | Long Target: 150000.0 | Long Pos Open: False
2025-08-12 21:03:21,663 - TradingThread - INFO - Price: 119352.7 | Long Target: 150000.0 | Long Pos Open: False
2025-08-12 21:03:21,764 - TradingThread - INFO - Price: 119352.7 | Long Target: 150000.0 | Long Pos Open: False
2025-08-12 21:03:21,864 - TradingThread - INFO - Price: 119352.7 | Long Target: 150000.0 | Long Pos Open: False
2025-08-12 21:03:21,963 - TradingThread - INFO - Price: 119352.7 | Long Target: 150000.0 | Long Pos Open: False
2025-08-12 21:03:22,163 - TradingThread - INFO - Price: 119352.7 | Long Target: 150000.0 | Long Pos Open: False
2025-08-12 21:03:22,263 - TradingThread - INFO - Price: 119352.7 | Long Target: 150000.0 | Long Pos Open: False
2025-08-12 21:03:22,564 - TradingThread - INFO - Price: 119352.7 | Long Target: 150000.0 | Long Pos Open: False
2025-08-12 21:03:22,663 - TradingThread - INFO - Price: 119352.7 | Long Target: 150000.0 | Long Pos Open: False
2025-08-12 21:03:22,766 - TradingThread - INFO - Price: 119352.7 | Long Target: 150000.0 | Long Pos Open: False
2025-08-12 21:03:22,964 - TradingThread - INFO - Price: 119352.7 | Long Target: 150000.0 | Long Pos Open: False
2025-08-12 21:03:23,163 - TradingThread - INFO - Price: 119352.7 | Long Target: 150000.0 | Long Pos Open: False
2025-08-12 21:03:23,263 - TradingThread - INFO - Price: 119352.7 | Long Target: 150000.0 | Long Pos Open: False
2025-08-12 21:03:23,364 - TradingThread - INFO - Price: 119360.0 | Long Target: 150000.0 | Long Pos Open: False
2025-08-12 21:03:23,463 - TradingThread - INFO - Price: 119360.0 | Long Target: 150000.0 | Long Pos Open: False
2025-08-12 21:03:23,564 - TradingThread - INFO - Price: 119360.0 | Long Target: 150000.0 | Long Pos Open: False
2025-08-12 21:03:23,663 - TradingThread - INFO - Price: 119360.0 | Long Target: 150000.0 | Long Pos Open: False
2025-08-12 21:03:23,863 - TradingThread - INFO - Price: 119360.0 | Long Target: 150000.0 | Long Pos Open: False
2025-08-12 21:03:24,065 - TradingThread - INFO - Price: 119360.0 | Long Target: 150000.0 | Long Pos Open: False
2025-08-12 21:03:24,163 - TradingThread - INFO - Price: 119360.6 | Long Target: 150000.0 | Long Pos Open: False
2025-08-12 21:03:24,263 - TradingThread - INFO - Price: 119360.6 | Long Target: 150000.0 | Long Pos Open: False
2025-08-12 21:03:24,364 - TradingThread - INFO - Price: 119360.6 | Long Target: 150000.0 | Long Pos Open: False
2025-08-12 21:03:24,463 - TradingThread - INFO - Price: 119360.6 | Long Target: 150000.0 | Long Pos Open: False
2025-08-12 21:03:24,563 - TradingThread - INFO - Price: 119360.5 | Long Target: 150000.0 | Long Pos Open: False
2025-08-12 21:03:24,663 - TradingThread - INFO - Price: 119360.5 | Long Target: 150000.0 | Long Pos Open: False
2025-08-12 21:03:24,763 - TradingThread - INFO - Price: 119360.5 | Long Target: 150000.0 | Long Pos Open: False
2025-08-12 21:03:24,863 - TradingThread - INFO - Price: 119360.5 | Long Target: 150000.0 | Long Pos Open: False
2025-08-12 21:03:24,963 - TradingThread - INFO - Price: 119360.5 | Long Target: 150000.0 | Long Pos Open: False
2025-08-12 21:03:25,064 - TradingThread - INFO - Price: 119360.5 | Long Target: 150000.0 | Long Pos Open: False
2025-08-12 21:03:25,263 - TradingThread - INFO - Price: 119360.5 | Long Target: 150000.0 | Long Pos Open: False
2025-08-12 21:03:25,363 - TradingThread - INFO - Price: 119360.5 | Long Target: 150000.0 | Long Pos Open: False
2025-08-12 21:03:25,963 - TradingThread - INFO - Price: 119360.5 | Long Target: 150000.0 | Long Pos Open: False
2025-08-12 21:03:26,062 - TradingThread - INFO - Price: 119360.5 | Long Target: 150000.0 | Long Pos Open: False
2025-08-12 21:03:26,164 - TradingThread - INFO - Price: 119360.5 | Long Target: 150000.0 | Long Pos Open: False
2025-08-12 21:03:26,263 - TradingThread - INFO - Price: 119360.5 | Long Target: 150000.0 | Long Pos Open: False
2025-08-12 21:03:26,367 - TradingThread - INFO - Price: 119360.5 | Long Target: 150000.0 | Long Pos Open: False
2025-08-12 21:03:26,463 - TradingThread - INFO - Price: 119360.5 | Long Target: 150000.0 | Long Pos Open: False
2025-08-12 21:03:26,562 - TradingThread - INFO - Price: 119360.5 | Long Target: 150000.0 | Long Pos Open: False
2025-08-12 21:03:26,763 - TradingThread - INFO - Price: 119360.5 | Long Target: 150000.0 | Long Pos Open: False
2025-08-12 21:03:26,864 - TradingThread - INFO - Price: 119360.5 | Long Target: 150000.0 | Long Pos Open: False
2025-08-12 21:03:27,163 - TradingThread - INFO - Price: 119360.6 | Long Target: 150000.0 | Long Pos Open: False
2025-08-12 21:03:27,263 - TradingThread - INFO - Price: 119360.6 | Long Target: 150000.0 | Long Pos Open: False
2025-08-12 21:03:27,464 - TradingThread - INFO - Price: 119360.6 | Long Target: 150000.0 | Long Pos Open: False
2025-08-12 21:03:27,563 - TradingThread - INFO - Price: 119360.6 | Long Target: 150000.0 | Long Pos Open: False
2025-08-12 21:03:27,663 - TradingThread - INFO - Price: 119360.6 | Long Target: 150000.0 | Long Pos Open: False
2025-08-12 21:03:27,763 - TradingThread - INFO - Price: 119360.6 | Long Target: 150000.0 | Long Pos Open: False
2025-08-12 21:03:27,963 - TradingThread - INFO - Price: 119371.2 | Long Target: 150000.0 | Long Pos Open: False
2025-08-12 21:03:28,063 - TradingThread - INFO - Price: 119371.3 | Long Target: 150000.0 | Long Pos Open: False
2025-08-12 21:03:28,163 - TradingThread - INFO - Price: 119380.9 | Long Target: 150000.0 | Long Pos Open: False
2025-08-12 21:03:28,263 - TradingThread - INFO - Price: 119380.9 | Long Target: 150000.0 | Long Pos Open: False
2025-08-12 21:03:28,363 - TradingThread - INFO - Price: 119380.9 | Long Target: 150000.0 | Long Pos Open: False
2025-08-12 21:03:28,463 - TradingThread - INFO - Price: 119380.9 | Long Target: 150000.0 | Long Pos Open: False
2025-08-12 21:03:28,564 - TradingThread - INFO - Price: 119380.9 | Long Target: 150000.0 | Long Pos Open: False
2025-08-12 21:03:28,663 - TradingThread - INFO - Price: 119380.9 | Long Target: 150000.0 | Long Pos Open: False
2025-08-12 21:03:28,763 - TradingThread - INFO - Price: 119380.9 | Long Target: 150000.0 | Long Pos Open: False
2025-08-12 21:03:28,863 - TradingThread - INFO - Price: 119380.9 | Long Target: 150000.0 | Long Pos Open: False
2025-08-12 21:03:28,962 - TradingThread - INFO - Price: 119380.9 | Long Target: 150000.0 | Long Pos Open: False
2025-08-12 21:03:29,062 - TradingThread - INFO - Price: 119380.9 | Long Target: 150000.0 | Long Pos Open: False
2025-08-12 21:03:29,163 - TradingThread - INFO - Price: 119380.9 | Long Target: 150000.0 | Long Pos Open: False
2025-08-12 21:03:29,263 - TradingThread - INFO - Price: 119380.9 | Long Target: 150000.0 | Long Pos Open: False
2025-08-12 21:03:29,363 - TradingThread - INFO - Price: 119380.9 | Long Target: 150000.0 | Long Pos Open: False
2025-08-12 21:03:29,462 - TradingThread - INFO - Price: 119380.9 | Long Target: 150000.0 | Long Pos Open: False
2025-08-12 21:03:29,563 - TradingThread - INFO - Price: 119380.9 | Long Target: 150000.0 | Long Pos Open: False
2025-08-12 21:03:29,663 - TradingThread - INFO - Price: 119380.9 | Long Target: 150000.0 | Long Pos Open: False
2025-08-12 21:03:29,763 - TradingThread - INFO - Price: 119380.9 | Long Target: 150000.0 | Long Pos Open: False
2025-08-12 21:03:29,862 - TradingThread - INFO - Price: 119380.8 | Long Target: 150000.0 | Long Pos Open: False
2025-08-12 21:03:29,962 - TradingThread - INFO - Price: 119380.8 | Long Target: 150000.0 | Long Pos Open: False
2025-08-12 21:03:30,063 - TradingThread - INFO - Price: 119380.8 | Long Target: 150000.0 | Long Pos Open: False
2025-08-12 21:03:30,162 - TradingThread - INFO - Price: 119380.8 | Long Target: 150000.0 | Long Pos Open: False
2025-08-12 21:03:30,263 - TradingThread - INFO - Price: 119380.8 | Long Target: 150000.0 | Long Pos Open: False
2025-08-12 21:03:30,362 - TradingThread - INFO - Price: 119380.8 | Long Target: 150000.0 | Long Pos Open: False
2025-08-12 21:03:30,462 - TradingThread - INFO - Price: 119380.8 | Long Target: 150000.0 | Long Pos Open: False
2025-08-12 21:03:30,563 - TradingThread - INFO - Price: 119380.8 | Long Target: 150000.0 | Long Pos Open: False
2025-08-12 21:03:30,663 - TradingThread - INFO - Price: 119380.8 | Long Target: 150000.0 | Long Pos Open: False
2025-08-12 21:03:30,763 - TradingThread - INFO - Price: 119380.9 | Long Target: 150000.0 | Long Pos Open: False
2025-08-12 21:03:30,863 - TradingThread - INFO - Price: 119380.9 | Long Target: 150000.0 | Long Pos Open: False
2025-08-12 21:03:30,962 - TradingThread - INFO - Price: 119380.9 | Long Target: 150000.0 | Long Pos Open: False
2025-08-12 21:03:31,062 - TradingThread - INFO - Price: 119380.9 | Long Target: 150000.0 | Long Pos Open: False
2025-08-12 21:03:31,164 - TradingThread - INFO - Price: 119380.9 | Long Target: 150000.0 | Long Pos Open: False
2025-08-12 21:03:31,262 - TradingThread - INFO - Price: 119380.9 | Long Target: 150000.0 | Long Pos Open: False
2025-08-12 21:03:31,363 - TradingThread - INFO - Price: 119380.9 | Long Target: 150000.0 | Long Pos Open: False
2025-08-12 21:03:31,463 - TradingThread - INFO - Price: 119380.8 | Long Target: 150000.0 | Long Pos Open: False
2025-08-12 21:03:31,562 - TradingThread - INFO - Price: 119380.8 | Long Target: 150000.0 | Long Pos Open: False
2025-08-12 21:03:31,662 - TradingThread - INFO - Price: 119380.8 | Long Target: 150000.0 | Long Pos Open: False
2025-08-12 21:03:31,763 - TradingThread - INFO - Price: 119380.8 | Long Target: 150000.0 | Long Pos Open: False
2025-08-12 21:03:31,862 - TradingThread - INFO - Price: 119380.8 | Long Target: 150000.0 | Long Pos Open: False
2025-08-12 21:03:31,963 - TradingThread - INFO - Price: 119380.8 | Long Target: 150000.0 | Long Pos Open: False
2025-08-12 21:03:32,063 - TradingThread - INFO - Price: 119380.8 | Long Target: 150000.0 | Long Pos Open: False
2025-08-12 21:03:32,263 - TradingThread - INFO - Price: 119380.8 | Long Target: 150000.0 | Long Pos Open: False
2025-08-12 21:03:32,363 - TradingThread - INFO - Price: 119380.8 | Long Target: 150000.0 | Long Pos Open: False
2025-08-12 21:03:32,462 - TradingThread - INFO - Price: 119380.8 | Long Target: 150000.0 | Long Pos Open: False
2025-08-12 21:03:32,564 - TradingThread - INFO - Price: 119380.8 | Long Target: 150000.0 | Long Pos Open: False
2025-08-12 21:03:32,663 - TradingThread - INFO - Price: 119380.8 | Long Target: 150000.0 | Long Pos Open: False
2025-08-12 21:03:32,762 - TradingThread - INFO - Price: 119380.8 | Long Target: 150000.0 | Long Pos Open: False
2025-08-12 21:03:32,963 - TradingThread - INFO - Price: 119380.8 | Long Target: 150000.0 | Long Pos Open: False
2025-08-12 21:03:33,164 - TradingThread - INFO - Price: 119380.8 | Long Target: 150000.0 | Long Pos Open: False
2025-08-12 21:03:33,262 - TradingThread - INFO - Price: 119380.9 | Long Target: 150000.0 | Long Pos Open: False
2025-08-12 21:03:33,362 - TradingThread - INFO - Price: 119380.9 | Long Target: 150000.0 | Long Pos Open: False
2025-08-12 21:03:33,462 - TradingThread - INFO - Price: 119380.9 | Long Target: 150000.0 | Long Pos Open: False
2025-08-12 21:03:33,562 - TradingThread - INFO - Price: 119380.9 | Long Target: 150000.0 | Long Pos Open: False
2025-08-12 21:03:33,663 - TradingThread - INFO - Price: 119384.6 | Long Target: 150000.0 | Long Pos Open: False
2025-08-12 21:03:33,762 - TradingThread - INFO - Price: 119384.6 | Long Target: 150000.0 | Long Pos Open: False
2025-08-12 21:03:33,862 - TradingThread - INFO - Price: 119384.6 | Long Target: 150000.0 | Long Pos Open: False
2025-08-12 21:03:33,962 - TradingThread - INFO - Price: 119384.6 | Long Target: 150000.0 | Long Pos Open: False
2025-08-12 21:03:34,063 - TradingThread - INFO - Price: 119384.6 | Long Target: 150000.0 | Long Pos Open: False
2025-08-12 21:03:34,162 - TradingThread - INFO - Price: 119384.6 | Long Target: 150000.0 | Long Pos Open: False
2025-08-12 21:03:34,363 - TradingThread - INFO - Price: 119387.0 | Long Target: 150000.0 | Long Pos Open: False
2025-08-12 21:03:34,463 - TradingThread - INFO - Price: 119387.0 | Long Target: 150000.0 | Long Pos Open: False
2025-08-12 21:03:34,563 - TradingThread - INFO - Price: 119387.0 | Long Target: 150000.0 | Long Pos Open: False
2025-08-12 21:03:34,763 - TradingThread - INFO - Price: 119387.0 | Long Target: 150000.0 | Long Pos Open: False
2025-08-12 21:03:34,862 - TradingThread - INFO - Price: 119387.0 | Long Target: 150000.0 | Long Pos Open: False
2025-08-12 21:03:34,962 - TradingThread - INFO - Price: 119387.0 | Long Target: 150000.0 | Long Pos Open: False
2025-08-12 21:03:35,063 - TradingThread - INFO - Price: 119387.0 | Long Target: 150000.0 | Long Pos Open: False
2025-08-12 21:03:35,162 - TradingThread - INFO - Price: 119387.0 | Long Target: 150000.0 | Long Pos Open: False
2025-08-12 21:03:35,263 - TradingThread - INFO - Price: 119387.0 | Long Target: 150000.0 | Long Pos Open: False
2025-08-12 21:03:35,363 - TradingThread - INFO - Price: 119387.0 | Long Target: 150000.0 | Long Pos Open: False
2025-08-12 21:03:35,463 - TradingThread - INFO - Price: 119387.0 | Long Target: 150000.0 | Long Pos Open: False
2025-08-12 21:03:35,562 - TradingThread - INFO - Price: 119387.0 | Long Target: 150000.0 | Long Pos Open: False
2025-08-12 21:03:35,662 - TradingThread - INFO - Price: 119387.0 | Long Target: 150000.0 | Long Pos Open: False
2025-08-12 21:03:35,762 - TradingThread - INFO - Price: 119380.0 | Long Target: 150000.0 | Long Pos Open: False
2025-08-12 21:03:35,862 - TradingThread - INFO - Price: 119374.9 | Long Target: 150000.0 | Long Pos Open: False
2025-08-12 21:03:35,962 - TradingThread - INFO - Price: 119370.7 | Long Target: 150000.0 | Long Pos Open: False
2025-08-12 21:03:36,063 - TradingThread - INFO - Price: 119370.7 | Long Target: 150000.0 | Long Pos Open: False
2025-08-12 21:03:36,162 - TradingThread - INFO - Price: 119370.2 | Long Target: 150000.0 | Long Pos Open: False
2025-08-12 21:03:36,265 - TradingThread - INFO - Price: 119370.2 | Long Target: 150000.0 | Long Pos Open: False
2025-08-12 21:03:36,362 - TradingThread - INFO - Price: 119370.2 | Long Target: 150000.0 | Long Pos Open: False
2025-08-12 21:03:36,462 - TradingThread - INFO - Price: 119370.2 | Long Target: 150000.0 | Long Pos Open: False
2025-08-12 21:03:36,563 - TradingThread - INFO - Price: 119370.2 | Long Target: 150000.0 | Long Pos Open: False
2025-08-12 21:03:36,664 - TradingThread - INFO - Price: 119370.2 | Long Target: 150000.0 | Long Pos Open: False
2025-08-12 21:03:36,762 - TradingThread - INFO - Price: 119370.2 | Long Target: 150000.0 | Long Pos Open: False
2025-08-12 21:03:36,863 - TradingThread - INFO - Price: 119370.2 | Long Target: 150000.0 | Long Pos Open: False
2025-08-12 21:03:37,063 - TradingThread - INFO - Price: 119370.2 | Long Target: 150000.0 | Long Pos Open: False
2025-08-12 21:03:37,162 - TradingThread - INFO - Price: 119370.2 | Long Target: 150000.0 | Long Pos Open: False
2025-08-12 21:03:37,262 - TradingThread - INFO - Price: 119370.2 | Long Target: 150000.0 | Long Pos Open: False
2025-08-12 21:03:37,562 - TradingThread - INFO - Price: 119370.2 | Long Target: 150000.0 | Long Pos Open: False
2025-08-12 21:03:37,763 - TradingThread - INFO - Price: 119370.2 | Long Target: 150000.0 | Long Pos Open: False
2025-08-12 21:03:37,862 - TradingThread - INFO - Price: 119370.2 | Long Target: 150000.0 | Long Pos Open: False
2025-08-12 21:03:37,964 - TradingThread - INFO - Price: 119370.2 | Long Target: 150000.0 | Long Pos Open: False
2025-08-12 21:03:38,062 - TradingThread - INFO - Price: 119370.2 | Long Target: 150000.0 | Long Pos Open: False
2025-08-12 21:03:38,162 - TradingThread - INFO - Price: 119370.2 | Long Target: 150000.0 | Long Pos Open: False
2025-08-12 21:03:38,262 - TradingThread - INFO - Price: 119370.2 | Long Target: 150000.0 | Long Pos Open: False
2025-08-12 21:03:38,363 - TradingThread - INFO - Price: 119370.2 | Long Target: 150000.0 | Long Pos Open: False
2025-08-12 21:03:38,463 - TradingThread - INFO - Price: 119370.2 | Long Target: 150000.0 | Long Pos Open: False
2025-08-12 21:03:38,662 - TradingThread - INFO - Price: 119370.2 | Long Target: 150000.0 | Long Pos Open: False
2025-08-12 21:03:38,762 - TradingThread - INFO - Price: 119370.2 | Long Target: 150000.0 | Long Pos Open: False
2025-08-12 21:03:38,862 - TradingThread - INFO - Price: 119370.2 | Long Target: 150000.0 | Long Pos Open: False
2025-08-12 21:03:38,962 - TradingThread - INFO - Price: 119370.1 | Long Target: 150000.0 | Long Pos Open: False
2025-08-12 21:03:39,063 - TradingThread - INFO - Price: 119370.1 | Long Target: 150000.0 | Long Pos Open: False
2025-08-12 21:03:39,162 - TradingThread - INFO - Price: 119370.1 | Long Target: 150000.0 | Long Pos Open: False
2025-08-12 21:03:39,262 - TradingThread - INFO - Price: 119370.1 | Long Target: 150000.0 | Long Pos Open: False
2025-08-12 21:03:39,362 - TradingThread - INFO - Price: 119370.1 | Long Target: 150000.0 | Long Pos Open: False
2025-08-12 21:03:39,462 - TradingThread - INFO - Price: 119370.1 | Long Target: 150000.0 | Long Pos Open: False
2025-08-12 21:03:39,562 - TradingThread - INFO - Price: 119370.1 | Long Target: 150000.0 | Long Pos Open: False
2025-08-12 21:03:39,662 - TradingThread - INFO - Price: 119370.1 | Long Target: 150000.0 | Long Pos Open: False
2025-08-12 21:03:39,762 - TradingThread - INFO - Price: 119370.1 | Long Target: 150000.0 | Long Pos Open: False
2025-08-12 21:03:40,063 - TradingThread - INFO - Price: 119370.2 | Long Target: 150000.0 | Long Pos Open: False
2025-08-12 21:03:40,162 - TradingThread - INFO - Price: 119370.2 | Long Target: 150000.0 | Long Pos Open: False
2025-08-12 21:03:40,263 - TradingThread - INFO - Price: 119370.2 | Long Target: 150000.0 | Long Pos Open: False
2025-08-12 21:03:40,362 - TradingThread - INFO - Price: 119370.2 | Long Target: 150000.0 | Long Pos Open: False
2025-08-12 21:03:40,462 - TradingThread - INFO - Price: 119370.2 | Long Target: 150000.0 | Long Pos Open: False
2025-08-12 21:03:40,662 - TradingThread - INFO - Price: 119370.2 | Long Target: 150000.0 | Long Pos Open: False
2025-08-12 21:03:40,963 - TradingThread - INFO - Price: 119370.2 | Long Target: 150000.0 | Long Pos Open: False
2025-08-12 21:03:41,162 - TradingThread - INFO - Price: 119370.2 | Long Target: 150000.0 | Long Pos Open: False
2025-08-12 21:03:41,262 - TradingThread - INFO - Price: 119370.2 | Long Target: 150000.0 | Long Pos Open: False
2025-08-12 21:03:41,362 - TradingThread - INFO - Price: 119370.2 | Long Target: 150000.0 | Long Pos Open: False
2025-08-12 21:03:41,462 - TradingThread - INFO - Price: 119360.0 | Long Target: 150000.0 | Long Pos Open: False
2025-08-12 21:03:41,562 - TradingThread - INFO - Price: 119358.4 | Long Target: 150000.0 | Long Pos Open: False
2025-08-12 21:03:41,662 - TradingThread - INFO - Price: 119358.4 | Long Target: 150000.0 | Long Pos Open: False
2025-08-12 21:03:41,762 - TradingThread - INFO - Price: 119358.4 | Long Target: 150000.0 | Long Pos Open: False
2025-08-12 21:03:41,862 - TradingThread - INFO - Price: 119358.4 | Long Target: 150000.0 | Long Pos Open: False
2025-08-12 21:03:41,963 - TradingThread - INFO - Price: 119358.4 | Long Target: 150000.0 | Long Pos Open: False
2025-08-12 21:03:42,066 - TradingThread - INFO - Price: 119358.4 | Long Target: 150000.0 | Long Pos Open: False
2025-08-12 21:03:42,162 - TradingThread - INFO - Price: 119358.4 | Long Target: 150000.0 | Long Pos Open: False
2025-08-12 21:03:42,262 - TradingThread - INFO - Price: 119358.4 | Long Target: 150000.0 | Long Pos Open: False
2025-08-12 21:03:42,364 - TradingThread - INFO - Price: 119358.4 | Long Target: 150000.0 | Long Pos Open: False
2025-08-12 21:03:42,462 - TradingThread - INFO - Price: 119358.4 | Long Target: 150000.0 | Long Pos Open: False
2025-08-12 21:03:42,563 - TradingThread - INFO - Price: 119358.4 | Long Target: 150000.0 | Long Pos Open: False
2025-08-12 21:03:42,662 - TradingThread - INFO - Price: 119358.4 | Long Target: 150000.0 | Long Pos Open: False
2025-08-12 21:03:42,762 - TradingThread - INFO - Price: 119358.4 | Long Target: 150000.0 | Long Pos Open: False
2025-08-12 21:03:42,862 - TradingThread - INFO - Price: 119358.4 | Long Target: 150000.0 | Long Pos Open: False
2025-08-12 21:03:42,962 - TradingThread - INFO - Price: 119358.4 | Long Target: 150000.0 | Long Pos Open: False
2025-08-12 21:03:43,062 - TradingThread - INFO - Price: 119358.4 | Long Target: 150000.0 | Long Pos Open: False
2025-08-12 21:03:43,262 - TradingThread - INFO - Price: 119358.4 | Long Target: 150000.0 | Long Pos Open: False
2025-08-12 21:03:43,363 - TradingThread - INFO - Price: 119358.4 | Long Target: 150000.0 | Long Pos Open: False
2025-08-12 21:03:43,462 - TradingThread - INFO - Price: 119358.4 | Long Target: 150000.0 | Long Pos Open: False
2025-08-12 21:03:43,562 - TradingThread - INFO - Price: 119358.4 | Long Target: 150000.0 | Long Pos Open: False
2025-08-12 21:03:43,762 - TradingThread - INFO - Price: 119358.4 | Long Target: 150000.0 | Long Pos Open: False
2025-08-12 21:03:43,962 - TradingThread - INFO - Price: 119358.4 | Long Target: 150000.0 | Long Pos Open: False
2025-08-12 21:03:44,062 - TradingThread - INFO - Price: 119358.4 | Long Target: 150000.0 | Long Pos Open: False
2025-08-12 21:03:44,162 - TradingThread - INFO - Price: 119358.4 | Long Target: 150000.0 | Long Pos Open: False
2025-08-12 21:03:44,262 - TradingThread - INFO - Price: 119358.4 | Long Target: 150000.0 | Long Pos Open: False
2025-08-12 21:03:44,363 - TradingThread - INFO - Price: 119358.4 | Long Target: 150000.0 | Long Pos Open: False
2025-08-12 21:03:44,462 - TradingThread - INFO - Price: 119358.4 | Long Target: 150000.0 | Long Pos Open: False
2025-08-12 21:03:44,562 - TradingThread - INFO - Price: 119358.4 | Long Target: 150000.0 | Long Pos Open: False
2025-08-12 21:03:44,762 - TradingThread - INFO - Price: 119358.4 | Long Target: 150000.0 | Long Pos Open: False
2025-08-12 21:03:45,162 - TradingThread - INFO - Price: 119358.4 | Long Target: 150000.0 | Long Pos Open: False
2025-08-12 21:03:45,262 - TradingThread - INFO - Price: 119358.4 | Long Target: 150000.0 | Long Pos Open: False
2025-08-12 21:03:45,641 - InputThread - INFO - Exit command received. Stopping bot...
2025-08-12 21:03:45,641 - InputThread - INFO - Exit command received. Stopping bot...
2025-08-12 21:03:45,641 - TradingThread - INFO - Position management loop has stopped.
2025-08-12 21:03:45,641 - MainThread - INFO - Bot has been shut down.
